id,family,file,line,column,match,status,evidence_or_reason,source_line,file_sha256
V9-0001,button,Sailune/AbilityInspectorViews.swift,23,22,Button(,待共用,原生 Button；須按動作角色、位置、命中與資料 action 判定共用外殼或具名例外。,"HStack { Button(action: onBack) { Label(""返回"", systemImage: SailuneSymbol.back.systemName) }.buttonStyle(.plain); Spacer() }",6bbaa80faa91df903b6a2edb4d6d578ee5591b080c5b12e7c8569837f59ce1c9
V9-0002,copy,Sailune/AbilityInspectorViews.swift,23,47,"Label(""",待共用,直接 Button／Label／Menu 文案；需與同功能操作名稱及例外對照。,"HStack { Button(action: onBack) { Label(""返回"", systemImage: SailuneSymbol.back.systemName) }.buttonStyle(.plain); Spacer() }",6bbaa80faa91df903b6a2edb4d6d578ee5591b080c5b12e7c8569837f59ce1c9
V9-0003,symbol,Sailune/AbilityInspectorViews.swift,23,72,SailuneSymbol.back,已共用,使用或定義語意圖標 key；原字形由集中表提供。,"HStack { Button(action: onBack) { Label(""返回"", systemImage: SailuneSymbol.back.systemName) }.buttonStyle(.plain); Spacer() }",6bbaa80faa91df903b6a2edb4d6d578ee5591b080c5b12e7c8569837f59ce1c9
V9-0004,button_style,Sailune/AbilityInspectorViews.swift,23,104,.buttonStyle(,待共用,原生樣式；需與同語意按鈕比對，不能只按 style 名稱批量替換。,"HStack { Button(action: onBack) { Label(""返回"", systemImage: SailuneSymbol.back.systemName) }.buttonStyle(.plain); Spacer() }",6bbaa80faa91df903b6a2edb4d6d578ee5591b080c5b12e7c8569837f59ce1c9
V9-0005,surface,Sailune/AbilityInspectorViews.swift,24,64,.background(,待共用,直接背景或色值；需判定表面用途與既有 token 是否相同。,".padding(.horizontal, 12).padding(.vertical, 8).background(Color(nsColor: .controlBackgroundColor))",6bbaa80faa91df903b6a2edb4d6d578ee5591b080c5b12e7c8569837f59ce1c9
V9-0006,copy,Sailune/AbilityInspectorViews.swift,27,21,"Label(""",待共用,直接 Button／Label／Menu 文案；需與同功能操作名稱及例外對照。,"Label(""能力設定"", systemImage: SailuneSymbol.ability.systemName).font(.headline)",6bbaa80faa91df903b6a2edb4d6d578ee5591b080c5b12e7c8569837f59ce1c9
V9-0007,symbol,Sailune/AbilityInspectorViews.swift,27,48,SailuneSymbol.ability,已共用,使用或定義語意圖標 key；原字形由集中表提供。,"Label(""能力設定"", systemImage: SailuneSymbol.ability.systemName).font(.headline)",6bbaa80faa91df903b6a2edb4d6d578ee5591b080c5b12e7c8569837f59ce1c9
V9-0008,field,Sailune/AbilityInspectorViews.swift,28,40,SailuneFormTextField(,已共用,引用或定義共用欄位；焦點、組字及內距仍需代表畫面驗收。,"GroupBox(""能力名稱"") { SailuneFormTextField(title: ""名稱"", text: $ability.name) }",6bbaa80faa91df903b6a2edb4d6d578ee5591b080c5b12e7c8569837f59ce1c9
V9-0009,copy,Sailune/AbilityInspectorViews.swift,32,54,"Text(""",合理例外,靜態欄名或領域內容；非可執行操作文案，保留畫面語境。,"if connections.isEmpty { Text(""尚未連接角色；請到角色詳細資料連接能力。"").font(.caption).foregroundStyle(.secondary) }",6bbaa80faa91df903b6a2edb4d6d578ee5591b080c5b12e7c8569837f59ce1c9
V9-0010,button,Sailune/AbilityInspectorViews.swift,38,41,Button(,待共用,原生 Button；須按動作角色、位置、命中與資料 action 判定共用外殼或具名例外。,"Button(name.isEmpty ? ""未命名角色"" : name) { onOpenCharacter(character) }",6bbaa80faa91df903b6a2edb4d6d578ee5591b080c5b12e7c8569837f59ce1c9
V9-0011,button_style,Sailune/AbilityInspectorViews.swift,39,45,.buttonStyle(,待共用,原生樣式；需與同語意按鈕比對，不能只按 style 名稱批量替換。,.buttonStyle(.link),6bbaa80faa91df903b6a2edb4d6d578ee5591b080c5b12e7c8569837f59ce1c9
V9-0012,copy,Sailune/AbilityInspectorViews.swift,44,29,"Menu(""",待共用,直接 Button／Label／Menu 文案；需與同功能操作名稱及例外對照。,"Menu(""連接角色"") {",6bbaa80faa91df903b6a2edb4d6d578ee5591b080c5b12e7c8569837f59ce1c9
V9-0013,button,Sailune/AbilityInspectorViews.swift,47,37,Button(,待共用,原生 Button；須按動作角色、位置、命中與資料 action 判定共用外殼或具名例外。,"Button(character.realName.isEmpty ? ""未命名角色"" : character.realName) {",6bbaa80faa91df903b6a2edb4d6d578ee5591b080c5b12e7c8569837f59ce1c9
V9-0014,button_style,Sailune/AbilityInspectorViews.swift,52,29,.buttonStyle(,待共用,原生樣式；需與同語意按鈕比對，不能只按 style 名稱批量替換。,.buttonStyle(.borderless),6bbaa80faa91df903b6a2edb4d6d578ee5591b080c5b12e7c8569837f59ce1c9
V9-0015,button,Sailune/AbilityInspectorViews.swift,55,21,Button(,待共用,原生 Button；須按動作角色、位置、命中與資料 action 判定共用外殼或具名例外。,"Button(""刪除能力"", systemImage: SailuneSymbol.delete.systemName, role: .destructive) { deleteAbility() }",6bbaa80faa91df903b6a2edb4d6d578ee5591b080c5b12e7c8569837f59ce1c9
V9-0016,copy,Sailune/AbilityInspectorViews.swift,55,21,"Button(""",待共用,直接 Button／Label／Menu 文案；需與同功能操作名稱及例外對照。,"Button(""刪除能力"", systemImage: SailuneSymbol.delete.systemName, role: .destructive) { deleteAbility() }",6bbaa80faa91df903b6a2edb4d6d578ee5591b080c5b12e7c8569837f59ce1c9
V9-0017,symbol,Sailune/AbilityInspectorViews.swift,55,49,SailuneSymbol.delete,已共用,使用或定義語意圖標 key；原字形由集中表提供。,"Button(""刪除能力"", systemImage: SailuneSymbol.delete.systemName, role: .destructive) { deleteAbility() }",6bbaa80faa91df903b6a2edb4d6d578ee5591b080c5b12e7c8569837f59ce1c9
V9-0018,copy,Sailune/AbilityInspectorViews.swift,67,37,"Text(""",合理例外,靜態欄名或領域內容；非可執行操作文案，保留畫面語境。,"if levels.isEmpty { Text(""尚未建立等級"").font(.caption).foregroundStyle(.secondary) }",6bbaa80faa91df903b6a2edb4d6d578ee5591b080c5b12e7c8569837f59ce1c9
V9-0019,copy,Sailune/AbilityInspectorViews.swift,72,29,"Text(""",合理例外,靜態欄名或領域內容；非可執行操作文案，保留畫面語境。,"Text(""\(String(format: ""%02d"", index + 1))"").monospacedDigit().foregroundStyle(.secondary)",6bbaa80faa91df903b6a2edb4d6d578ee5591b080c5b12e7c8569837f59ce1c9
V9-0020,field,Sailune/AbilityInspectorViews.swift,73,29,SailuneFormTextField(,已共用,引用或定義共用欄位；焦點、組字及內距仍需代表畫面驗收。,"SailuneFormTextField(title: ""等級名稱"", text: $level.name)",6bbaa80faa91df903b6a2edb4d6d578ee5591b080c5b12e7c8569837f59ce1c9
V9-0021,button,Sailune/AbilityInspectorViews.swift,74,29,Button(,待共用,原生 Button；須按動作角色、位置、命中與資料 action 判定共用外殼或具名例外。,Button(role: .destructive) { abilityStore.deleteAbilityLevel(level) } label: { Image(systemName: SailuneSymbol.delete.systemName) }.buttonStyle(.plain),6bbaa80faa91df903b6a2edb4d6d578ee5591b080c5b12e7c8569837f59ce1c9
V9-0022,symbol,Sailune/AbilityInspectorViews.swift,74,126,SailuneSymbol.delete,已共用,使用或定義語意圖標 key；原字形由集中表提供。,Button(role: .destructive) { abilityStore.deleteAbilityLevel(level) } label: { Image(systemName: SailuneSymbol.delete.systemName) }.buttonStyle(.plain),6bbaa80faa91df903b6a2edb4d6d578ee5591b080c5b12e7c8569837f59ce1c9
V9-0023,button_style,Sailune/AbilityInspectorViews.swift,74,160,.buttonStyle(,待共用,原生樣式；需與同語意按鈕比對，不能只按 style 名稱批量替換。,Button(role: .destructive) { abilityStore.deleteAbilityLevel(level) } label: { Image(systemName: SailuneSymbol.delete.systemName) }.buttonStyle(.plain),6bbaa80faa91df903b6a2edb4d6d578ee5591b080c5b12e7c8569837f59ce1c9
V9-0024,field,Sailune/AbilityInspectorViews.swift,76,25,SailuneFormTextField(,已共用,引用或定義共用欄位；焦點、組字及內距仍需代表畫面驗收。,"SailuneFormTextField(title: ""能力描述"", text: $level.descriptionText)",6bbaa80faa91df903b6a2edb4d6d578ee5591b080c5b12e7c8569837f59ce1c9
V9-0025,field,Sailune/AbilityInspectorViews.swift,77,25,SailuneFormTextField(,已共用,引用或定義共用欄位；焦點、組字及內距仍需代表畫面驗收。,"SailuneFormTextField(title: ""代價"", text: $level.cost)",6bbaa80faa91df903b6a2edb4d6d578ee5591b080c5b12e7c8569837f59ce1c9
V9-0026,field,Sailune/AbilityInspectorViews.swift,78,25,SailuneFormTextField(,已共用,引用或定義共用欄位；焦點、組字及內距仍需代表畫面驗收。,"SailuneFormTextField(title: ""其他"", text: $level.note)",6bbaa80faa91df903b6a2edb4d6d578ee5591b080c5b12e7c8569837f59ce1c9
V9-0027,surface,Sailune/AbilityInspectorViews.swift,80,32,.background(,待共用,直接背景或色值；需判定表面用途與既有 token 是否相同。,".padding(8).background(SailuneTheme.subtleSurface, in: RoundedRectangle(cornerRadius: 7))",6bbaa80faa91df903b6a2edb4d6d578ee5591b080c5b12e7c8569837f59ce1c9
V9-0028,surface,Sailune/AbilityInspectorViews.swift,80,44,SailuneTheme.,已共用,引用或定義語意色彩 token；形狀與疊層仍需檢查。,".padding(8).background(SailuneTheme.subtleSurface, in: RoundedRectangle(cornerRadius: 7))",6bbaa80faa91df903b6a2edb4d6d578ee5591b080c5b12e7c8569837f59ce1c9
V9-0029,button,Sailune/AbilityInspectorViews.swift,86,17,Button(,待共用,原生 Button；須按動作角色、位置、命中與資料 action 判定共用外殼或具名例外。,"Button(""新增等級"", systemImage: SailuneSymbol.add.systemName) {",6bbaa80faa91df903b6a2edb4d6d578ee5591b080c5b12e7c8569837f59ce1c9
V9-0030,copy,Sailune/AbilityInspectorViews.swift,86,17,"Button(""",待共用,直接 Button／Label／Menu 文案；需與同功能操作名稱及例外對照。,"Button(""新增等級"", systemImage: SailuneSymbol.add.systemName) {",6bbaa80faa91df903b6a2edb4d6d578ee5591b080c5b12e7c8569837f59ce1c9
V9-0031,symbol,Sailune/AbilityInspectorViews.swift,86,45,SailuneSymbol.add,已共用,使用或定義語意圖標 key；原字形由集中表提供。,"Button(""新增等級"", systemImage: SailuneSymbol.add.systemName) {",6bbaa80faa91df903b6a2edb4d6d578ee5591b080c5b12e7c8569837f59ce1c9
V9-0032,button_style,Sailune/AbilityInspectorViews.swift,88,18,.buttonStyle(,待共用,原生樣式；需與同語意按鈕比對，不能只按 style 名稱批量替換。,}.buttonStyle(.borderless),6bbaa80faa91df903b6a2edb4d6d578ee5591b080c5b12e7c8569837f59ce1c9
V9-0033,failure_path,Sailune/AbilityInspectorViews.swift,108,11,catch,待共用,失敗分支或可選錯誤；需核對主要結果、次要錯誤記錄與恢復契約。,} catch {,6bbaa80faa91df903b6a2edb4d6d578ee5591b080c5b12e7c8569837f59ce1c9
V9-0034,field,Sailune/AbilityInspectorViews.swift,163,13,SailuneSearchField(,已共用,引用或定義共用欄位；焦點、組字及內距仍需代表畫面驗收。,"SailuneSearchField(placeholder: ""搜尋能力"", text: $searchText)",6bbaa80faa91df903b6a2edb4d6d578ee5591b080c5b12e7c8569837f59ce1c9
V9-0035,button,Sailune/AbilityInspectorViews.swift,173,21,Button(,待共用,原生 Button；須按動作角色、位置、命中與資料 action 判定共用外殼或具名例外。,"Button(ability.name.isEmpty ? ""未命名能力"" : ability.name) { onOpen(ability) }",6bbaa80faa91df903b6a2edb4d6d578ee5591b080c5b12e7c8569837f59ce1c9
V9-0036,button_style,Sailune/AbilityInspectorViews.swift,174,25,.buttonStyle(,待共用,原生樣式；需與同語意按鈕比對，不能只按 style 名稱批量替換。,.buttonStyle(.plain),6bbaa80faa91df903b6a2edb4d6d578ee5591b080c5b12e7c8569837f59ce1c9
V9-0037,button,Sailune/AbilityInspectorViews.swift,176,21,Button(,待共用,原生 Button；須按動作角色、位置、命中與資料 action 判定共用外殼或具名例外。,"Button(SailuneActionCopy.delete, role: .destructive) { deleteTarget = ability }",6bbaa80faa91df903b6a2edb4d6d578ee5591b080c5b12e7c8569837f59ce1c9
V9-0038,copy,Sailune/AbilityInspectorViews.swift,176,28,SailuneActionCopy.delete,已共用,使用或定義集中操作文案。,"Button(SailuneActionCopy.delete, role: .destructive) { deleteTarget = ability }",6bbaa80faa91df903b6a2edb4d6d578ee5591b080c5b12e7c8569837f59ce1c9
V9-0039,button_style,Sailune/AbilityInspectorViews.swift,177,25,.buttonStyle(,待共用,原生樣式；需與同語意按鈕比對，不能只按 style 名稱批量替換。,.buttonStyle(.plain),6bbaa80faa91df903b6a2edb4d6d578ee5591b080c5b12e7c8569837f59ce1c9
V9-0040,surface,Sailune/AbilityInspectorViews.swift,183,13,.background(,待共用,直接背景或色值；需判定表面用途與既有 token 是否相同。,.background(Color.workspacePanelBackground),6bbaa80faa91df903b6a2edb4d6d578ee5591b080c5b12e7c8569837f59ce1c9
V9-0041,button,Sailune/AbilityInspectorViews.swift,184,13,Button(,待共用,原生 Button；須按動作角色、位置、命中與資料 action 判定共用外殼或具名例外。,"Button(""新增能力"", systemImage: SailuneSymbol.add.systemName, action: addAbility)",6bbaa80faa91df903b6a2edb4d6d578ee5591b080c5b12e7c8569837f59ce1c9
V9-0042,copy,Sailune/AbilityInspectorViews.swift,184,13,"Button(""",待共用,直接 Button／Label／Menu 文案；需與同功能操作名稱及例外對照。,"Button(""新增能力"", systemImage: SailuneSymbol.add.systemName, action: addAbility)",6bbaa80faa91df903b6a2edb4d6d578ee5591b080c5b12e7c8569837f59ce1c9
V9-0043,symbol,Sailune/AbilityInspectorViews.swift,184,41,SailuneSymbol.add,已共用,使用或定義語意圖標 key；原字形由集中表提供。,"Button(""新增能力"", systemImage: SailuneSymbol.add.systemName, action: addAbility)",6bbaa80faa91df903b6a2edb4d6d578ee5591b080c5b12e7c8569837f59ce1c9
V9-0044,dialog,Sailune/AbilityInspectorViews.swift,187,9,.confirmationDialog(,待共用,原生呈現入口；需按確認、錯誤、取消及資料後果分組，僅呈現外殼可共用。,".confirmationDialog(""刪除能力？"", isPresented: Binding(",6bbaa80faa91df903b6a2edb4d6d578ee5591b080c5b12e7c8569837f59ce1c9
V9-0045,button,Sailune/AbilityInspectorViews.swift,191,13,Button(,待共用,原生 Button；須按動作角色、位置、命中與資料 action 判定共用外殼或具名例外。,"Button(SailuneActionCopy.delete, role: .destructive) { delete(ability) }",6bbaa80faa91df903b6a2edb4d6d578ee5591b080c5b12e7c8569837f59ce1c9
V9-0046,copy,Sailune/AbilityInspectorViews.swift,191,20,SailuneActionCopy.delete,已共用,使用或定義集中操作文案。,"Button(SailuneActionCopy.delete, role: .destructive) { delete(ability) }",6bbaa80faa91df903b6a2edb4d6d578ee5591b080c5b12e7c8569837f59ce1c9
V9-0047,button,Sailune/AbilityInspectorViews.swift,192,13,Button(,待共用,原生 Button；須按動作角色、位置、命中與資料 action 判定共用外殼或具名例外。,"Button(SailuneActionCopy.cancel, role: .cancel) { deleteTarget = nil }",6bbaa80faa91df903b6a2edb4d6d578ee5591b080c5b12e7c8569837f59ce1c9
V9-0048,copy,Sailune/AbilityInspectorViews.swift,192,20,SailuneActionCopy.cancel,已共用,使用或定義集中操作文案。,"Button(SailuneActionCopy.cancel, role: .cancel) { deleteTarget = nil }",6bbaa80faa91df903b6a2edb4d6d578ee5591b080c5b12e7c8569837f59ce1c9
V9-0049,dialog,Sailune/AbilityInspectorViews.swift,194,9,.alert(,待共用,原生呈現入口；需按確認、錯誤、取消及資料後果分組，僅呈現外殼可共用。,".alert(""能力刪除未完成"", isPresented: Binding(",6bbaa80faa91df903b6a2edb4d6d578ee5591b080c5b12e7c8569837f59ce1c9
V9-0050,button,Sailune/AbilityInspectorViews.swift,197,14,Button(,待共用,原生 Button；須按動作角色、位置、命中與資料 action 判定共用外殼或具名例外。,)) { Button(SailuneActionCopy.acknowledge) { deletionErrorMessage = nil } } message: {,6bbaa80faa91df903b6a2edb4d6d578ee5591b080c5b12e7c8569837f59ce1c9
V9-0051,copy,Sailune/AbilityInspectorViews.swift,197,21,SailuneActionCopy.acknowledge,已共用,使用或定義集中操作文案。,)) { Button(SailuneActionCopy.acknowledge) { deletionErrorMessage = nil } } message: {,6bbaa80faa91df903b6a2edb4d6d578ee5591b080c5b12e7c8569837f59ce1c9
V9-0052,dialog,Sailune/AbilityInspectorViews.swift,200,9,.alert(,待共用,原生呈現入口；需按確認、錯誤、取消及資料後果分組，僅呈現外殼可共用。,".alert(""能力建立未完成"", isPresented: Binding(",6bbaa80faa91df903b6a2edb4d6d578ee5591b080c5b12e7c8569837f59ce1c9
V9-0053,button,Sailune/AbilityInspectorViews.swift,203,14,Button(,待共用,原生 Button；須按動作角色、位置、命中與資料 action 判定共用外殼或具名例外。,)) { Button(SailuneActionCopy.acknowledge) { creationErrorMessage = nil } } message: {,6bbaa80faa91df903b6a2edb4d6d578ee5591b080c5b12e7c8569837f59ce1c9
V9-0054,copy,Sailune/AbilityInspectorViews.swift,203,21,SailuneActionCopy.acknowledge,已共用,使用或定義集中操作文案。,)) { Button(SailuneActionCopy.acknowledge) { creationErrorMessage = nil } } message: {,6bbaa80faa91df903b6a2edb4d6d578ee5591b080c5b12e7c8569837f59ce1c9
V9-0055,failure_path,Sailune/AbilityInspectorViews.swift,216,15,catch,待共用,失敗分支或可選錯誤；需核對主要結果、次要錯誤記錄與恢復契約。,} catch {,6bbaa80faa91df903b6a2edb4d6d578ee5591b080c5b12e7c8569837f59ce1c9
V9-0056,failure_path,Sailune/AbilityInspectorViews.swift,219,17,catch,待共用,失敗分支或可選錯誤；需核對主要結果、次要錯誤記錄與恢復契約。,catch {,6bbaa80faa91df903b6a2edb4d6d578ee5591b080c5b12e7c8569837f59ce1c9
V9-0057,failure_path,Sailune/AbilityInspectorViews.swift,224,11,catch,待共用,失敗分支或可選錯誤；需核對主要結果、次要錯誤記錄與恢復契約。,} catch {,6bbaa80faa91df903b6a2edb4d6d578ee5591b080c5b12e7c8569837f59ce1c9
V9-0058,failure_path,Sailune/AbilityInspectorViews.swift,237,11,catch,待共用,失敗分支或可選錯誤；需核對主要結果、次要錯誤記錄與恢復契約。,} catch {,6bbaa80faa91df903b6a2edb4d6d578ee5591b080c5b12e7c8569837f59ce1c9
V9-0059,failure_path,Sailune/AbilityProgress.swift,63,11,catch,待共用,失敗分支或可選錯誤；需核對主要結果、次要錯誤記錄與恢復契約。,} catch {,055bd1ef7a6961e5ddc85a098162fad939b4ae21a92dd40f51748f80ab4ceeb1
V9-0060,failure_path,Sailune/AbilityProgress.swift,66,13,catch,待共用,失敗分支或可選錯誤；需核對主要結果、次要錯誤記錄與恢復契約。,"catch { Self.logger.error(""Reload after save rollback failed: \(String(describing: error), privacy: .private)"") }",055bd1ef7a6961e5ddc85a098162fad939b4ae21a92dd40f51748f80ab4ceeb1
V9-0061,failure_path,Sailune/AbilityProgress.swift,90,11,catch,待共用,失敗分支或可選錯誤；需核對主要結果、次要錯誤記錄與恢復契約。,} catch {,055bd1ef7a6961e5ddc85a098162fad939b4ae21a92dd40f51748f80ab4ceeb1
V9-0062,failure_path,Sailune/AbilityProgress.swift,93,13,catch,待共用,失敗分支或可選錯誤；需核對主要結果、次要錯誤記錄與恢復契約。,"catch { Self.logger.error(""Reload after link registration rollback failed: \(String(describing: error), privacy: .private)"") }",055bd1ef7a6961e5ddc85a098162fad939b4ae21a92dd40f51748f80ab4ceeb1
V9-0063,failure_path,Sailune/AbilityProgress.swift,149,11,catch,待共用,失敗分支或可選錯誤；需核對主要結果、次要錯誤記錄與恢復契約。,} catch {,055bd1ef7a6961e5ddc85a098162fad939b4ae21a92dd40f51748f80ab4ceeb1
V9-0064,failure_path,Sailune/AbilityProgress.swift,152,13,catch,待共用,失敗分支或可選錯誤；需核對主要結果、次要錯誤記錄與恢復契約。,"catch { Self.logger.error(""Reload after legacy migration rollback failed: \(String(describing: error), privacy: .private)"") }",055bd1ef7a6961e5ddc85a098162fad939b4ae21a92dd40f51748f80ab4ceeb1
V9-0065,failure_path,Sailune/AbilityProgress.swift,221,11,catch,待共用,失敗分支或可選錯誤；需核對主要結果、次要錯誤記錄與恢復契約。,} catch {,055bd1ef7a6961e5ddc85a098162fad939b4ae21a92dd40f51748f80ab4ceeb1
V9-0066,failure_path,Sailune/AbilityProgress.swift,224,13,catch,待共用,失敗分支或可選錯誤；需核對主要結果、次要錯誤記錄與恢復契約。,"catch { Self.logger.error(""Reload after reconciliation rollback failed: \(String(describing: error), privacy: .private)"") }",055bd1ef7a6961e5ddc85a098162fad939b4ae21a92dd40f51748f80ab4ceeb1
V9-0067,surface,Sailune/AppTheme.swift,29,13,.background(,待共用,直接背景或色值；需判定表面用途與既有 token 是否相同。,".background(.regularMaterial, in: shape)",5dc760cd502f88d290361912c154d4ea5623fcfd164fcaf65b7a95ac393e5b62
V9-0068,surface,Sailune/AppTheme.swift,31,35,Color.secondary.opacity(,待共用,直接背景或色值；需判定表面用途與既有 token 是否相同。,".overlay(shape.stroke(Color.secondary.opacity(0.14), lineWidth: 1))",5dc760cd502f88d290361912c154d4ea5623fcfd164fcaf65b7a95ac393e5b62
V9-0069,copy,Sailune/AuthorSettingsView.swift,49,17,"Text(""",合理例外,靜態欄名或領域內容；非可執行操作文案，保留畫面語境。,"Text(""筆名"")",1ebb214c482d902ed0ec1804e18ec991feecb8d53b614f1915e40e784ef99c6e
V9-0070,field,Sailune/AuthorSettingsView.swift,53,17,SailuneFormTextField(,已共用,引用或定義共用欄位；焦點、組字及內距仍需代表畫面驗收。,"SailuneFormTextField(title: ""請輸入您的筆名"", text: $bindableProfile.penName)",1ebb214c482d902ed0ec1804e18ec991feecb8d53b614f1915e40e784ef99c6e
V9-0071,copy,Sailune/AuthorSettingsView.swift,59,21,"Text(""",合理例外,靜態欄名或領域內容；非可執行操作文案，保留畫面語境。,"Text(""備份包含全部六個資料庫與書籍封面。還原會先驗證檔案並排程於下次啟動執行。"")",1ebb214c482d902ed0ec1804e18ec991feecb8d53b614f1915e40e784ef99c6e
V9-0072,button,Sailune/AuthorSettingsView.swift,63,25,Button(,待共用,原生 Button；須按動作角色、位置、命中與資料 action 判定共用外殼或具名例外。,"Button(""建立完整備份"", systemImage: ""externaldrive.badge.plus"") { createBackup() }",1ebb214c482d902ed0ec1804e18ec991feecb8d53b614f1915e40e784ef99c6e
V9-0073,copy,Sailune/AuthorSettingsView.swift,63,25,"Button(""",待共用,直接 Button／Label／Menu 文案；需與同功能操作名稱及例外對照。,"Button(""建立完整備份"", systemImage: ""externaldrive.badge.plus"") { createBackup() }",1ebb214c482d902ed0ec1804e18ec991feecb8d53b614f1915e40e784ef99c6e
V9-0074,symbol,Sailune/AuthorSettingsView.swift,63,42,"systemImage: ""externaldrive.badge.plus""",待共用,直接 SF Symbol 字串；須依實際操作或資料語意分類。,"Button(""建立完整備份"", systemImage: ""externaldrive.badge.plus"") { createBackup() }",1ebb214c482d902ed0ec1804e18ec991feecb8d53b614f1915e40e784ef99c6e
V9-0075,button,Sailune/AuthorSettingsView.swift,64,25,Button(,待共用,原生 Button；須按動作角色、位置、命中與資料 action 判定共用外殼或具名例外。,"Button(""從備份還原"", systemImage: ""arrow.counterclockwise"") { scheduleRestore() }",1ebb214c482d902ed0ec1804e18ec991feecb8d53b614f1915e40e784ef99c6e
V9-0076,copy,Sailune/AuthorSettingsView.swift,64,25,"Button(""",待共用,直接 Button／Label／Menu 文案；需與同功能操作名稱及例外對照。,"Button(""從備份還原"", systemImage: ""arrow.counterclockwise"") { scheduleRestore() }",1ebb214c482d902ed0ec1804e18ec991feecb8d53b614f1915e40e784ef99c6e
V9-0077,symbol,Sailune/AuthorSettingsView.swift,64,41,"systemImage: ""arrow.counterclockwise""",待共用,直接 SF Symbol 字串；須依實際操作或資料語意分類。,"Button(""從備份還原"", systemImage: ""arrow.counterclockwise"") { scheduleRestore() }",1ebb214c482d902ed0ec1804e18ec991feecb8d53b614f1915e40e784ef99c6e
V9-0078,copy,Sailune/AuthorSettingsView.swift,72,17,"Text(""",合理例外,靜態欄名或領域內容；非可執行操作文案，保留畫面語境。,"Text(""個人簡介"")",1ebb214c482d902ed0ec1804e18ec991feecb8d53b614f1915e40e784ef99c6e
V9-0079,editor,Sailune/AuthorSettingsView.swift,76,17,TextEditor(,待共用,原生多行編輯器；需核對 placeholder、內距、背景、組字與 Undo。,TextEditor(text: Binding(,1ebb214c482d902ed0ec1804e18ec991feecb8d53b614f1915e40e784ef99c6e
V9-0080,copy,Sailune/AuthorSettingsView.swift,89,25,"Text(""",合理例外,靜態欄名或領域內容；非可執行操作文案，保留畫面語境。,"Text(""一句話介紹自己... (選填)"")",1ebb214c482d902ed0ec1804e18ec991feecb8d53b614f1915e40e784ef99c6e
V9-0081,button,Sailune/AuthorSettingsView.swift,102,17,Button(,待共用,原生 Button；須按動作角色、位置、命中與資料 action 判定共用外殼或具名例外。,Button(SailuneActionCopy.done) {,1ebb214c482d902ed0ec1804e18ec991feecb8d53b614f1915e40e784ef99c6e
V9-0082,copy,Sailune/AuthorSettingsView.swift,102,24,SailuneActionCopy.done,已共用,使用或定義集中操作文案。,Button(SailuneActionCopy.done) {,1ebb214c482d902ed0ec1804e18ec991feecb8d53b614f1915e40e784ef99c6e
V9-0083,button_style,Sailune/AuthorSettingsView.swift,106,17,.buttonStyle(,待共用,原生樣式；需與同語意按鈕比對，不能只按 style 名稱批量替換。,.buttonStyle(.borderedProminent),1ebb214c482d902ed0ec1804e18ec991feecb8d53b614f1915e40e784ef99c6e
V9-0084,dialog,Sailune/AuthorSettingsView.swift,115,9,.alert(,待共用,原生呈現入口；需按確認、錯誤、取消及資料後果分組，僅呈現外殼可共用。,".alert(dataOperationFailed ? ""資料作業失敗"" : ""資料作業完成"", isPresented: Binding(",1ebb214c482d902ed0ec1804e18ec991feecb8d53b614f1915e40e784ef99c6e
V9-0085,button,Sailune/AuthorSettingsView.swift,119,13,Button(,待共用,原生 Button；須按動作角色、位置、命中與資料 action 判定共用外殼或具名例外。,Button(SailuneActionCopy.acknowledge) { dataOperationMessage = nil },1ebb214c482d902ed0ec1804e18ec991feecb8d53b614f1915e40e784ef99c6e
V9-0086,copy,Sailune/AuthorSettingsView.swift,119,20,SailuneActionCopy.acknowledge,已共用,使用或定義集中操作文案。,Button(SailuneActionCopy.acknowledge) { dataOperationMessage = nil },1ebb214c482d902ed0ec1804e18ec991feecb8d53b614f1915e40e784ef99c6e
V9-0087,surface,Sailune/AuthorSettingsView.swift,139,25,.background(,待共用,直接背景或色值；需判定表面用途與既有 token 是否相同。,.background(Color.accentColor.gradient) // 使用系統強調色,1ebb214c482d902ed0ec1804e18ec991feecb8d53b614f1915e40e784ef99c6e
V9-0088,copy,Sailune/AuthorSettingsView.swift,153,13,"Text(""",合理例外,靜態欄名或領域內容；非可執行操作文案，保留畫面語境。,"Text(""點擊頭像更換圖片"")",1ebb214c482d902ed0ec1804e18ec991feecb8d53b614f1915e40e784ef99c6e
V9-0089,failure_path,Sailune/AuthorSettingsView.swift,202,11,catch,待共用,失敗分支或可選錯誤；需核對主要結果、次要錯誤記錄與恢復契約。,} catch {,1ebb214c482d902ed0ec1804e18ec991feecb8d53b614f1915e40e784ef99c6e
V9-0090,failure_path,Sailune/AuthorSettingsView.swift,215,11,catch,待共用,失敗分支或可選錯誤；需核對主要結果、次要錯誤記錄與恢復契約。,} catch {,1ebb214c482d902ed0ec1804e18ec991feecb8d53b614f1915e40e784ef99c6e
V9-0091,button,Sailune/BeliefPresets.swift,310,33,Button(,待共用,原生 Button；須按動作角色、位置、命中與資料 action 判定共用外殼或具名例外。,"Button(""不選擇"") {",ed2cad0f8c1a715ea108b310a9334b423a1726a7aab1d909618f55aa9b258804
V9-0092,copy,Sailune/BeliefPresets.swift,310,33,"Button(""",待共用,直接 Button／Label／Menu 文案；需與同功能操作名稱及例外對照。,"Button(""不選擇"") {",ed2cad0f8c1a715ea108b310a9334b423a1726a7aab1d909618f55aa9b258804
V9-0093,button,Sailune/BeliefPresets.swift,315,33,Button(,待共用,原生 Button；須按動作角色、位置、命中與資料 action 判定共用外殼或具名例外。,"Button(""選擇\(displayedPreset.title)"") {",ed2cad0f8c1a715ea108b310a9334b423a1726a7aab1d909618f55aa9b258804
V9-0094,copy,Sailune/BeliefPresets.swift,315,33,"Button(""",待共用,直接 Button／Label／Menu 文案；需與同功能操作名稱及例外對照。,"Button(""選擇\(displayedPreset.title)"") {",ed2cad0f8c1a715ea108b310a9334b423a1726a7aab1d909618f55aa9b258804
V9-0095,button_style,Sailune/BeliefPresets.swift,319,33,.buttonStyle(,待共用,原生樣式；需與同語意按鈕比對，不能只按 style 名稱批量替換。,.buttonStyle(.borderedProminent),ed2cad0f8c1a715ea108b310a9334b423a1726a7aab1d909618f55aa9b258804
V9-0096,surface,Sailune/BeliefPresets.swift,322,29,.background(,待共用,直接背景或色值；需判定表面用途與既有 token 是否相同。,.background(.bar),ed2cad0f8c1a715ea108b310a9334b423a1726a7aab1d909618f55aa9b258804
V9-0097,symbol,Sailune/BeliefPresets.swift,326,49,"systemImage: ""hands.sparkles""",待共用,直接 SF Symbol 字串；須依實際操作或資料語意分類。,"ContentUnavailableView(""請選擇信仰"", systemImage: ""hands.sparkles"")",ed2cad0f8c1a715ea108b310a9334b423a1726a7aab1d909618f55aa9b258804
V9-0098,button,Sailune/BeliefPresets.swift,331,13,Button(,待共用,原生 Button；須按動作角色、位置、命中與資料 action 判定共用外殼或具名例外。,Button(SailuneActionCopy.close) { dismiss() },ed2cad0f8c1a715ea108b310a9334b423a1726a7aab1d909618f55aa9b258804
V9-0099,copy,Sailune/BeliefPresets.swift,331,20,SailuneActionCopy.close,已共用,使用或定義集中操作文案。,Button(SailuneActionCopy.close) { dismiss() },ed2cad0f8c1a715ea108b310a9334b423a1726a7aab1d909618f55aa9b258804
V9-0100,copy,Sailune/BeliefPresets.swift,344,21,"Text(""",合理例外,靜態欄名或領域內容；非可執行操作文案，保留畫面語境。,"Text(""參考案例：\(preset.referenceCase)"")",ed2cad0f8c1a715ea108b310a9334b423a1726a7aab1d909618f55aa9b258804
V9-0101,copy,Sailune/BeliefPresets.swift,346,21,"Text(""",合理例外,靜態欄名或領域內容；非可執行操作文案，保留畫面語境。,"Text(""參考年代：\(preset.referencePeriod)"")",ed2cad0f8c1a715ea108b310a9334b423a1726a7aab1d909618f55aa9b258804
V9-0102,failure_path,Sailune/BookCoverStore.swift,53,11,catch,待共用,失敗分支或可選錯誤；需核對主要結果、次要錯誤記錄與恢復契約。,} catch {,27765b91791dddbb0f0982d9f611799435d876d0497c9665fec76da5eaa21962
V9-0103,failure_path,Sailune/BookOutline.swift,403,15,catch,待共用,失敗分支或可選錯誤；需核對主要結果、次要錯誤記錄與恢復契約。,} catch {,9f1d63ac1207839691ec1593d8d6f1ceaa99d10781435cb7a0c15d6c6e4bf51f
V9-0104,failure_path,Sailune/BookOutline.swift,421,11,catch,待共用,失敗分支或可選錯誤；需核對主要結果、次要錯誤記錄與恢復契約。,} catch {,9f1d63ac1207839691ec1593d8d6f1ceaa99d10781435cb7a0c15d6c6e4bf51f
V9-0105,copy,Sailune/BookOverviewView.swift,134,21,"Text(""",合理例外,靜態欄名或領域內容；非可執行操作文案，保留畫面語境。,"Text(""故事背景"")",c37a22b5090468e1600e69cf102123e78a599e1e22d217a5d1e860911ac7792a
V9-0106,button,Sailune/BookOverviewView.swift,137,21,SailuneIconButton(,已共用,直接引用或定義共用按鈕元件；實際命中仍依代表畫面驗收。,"SailuneIconButton(symbol: .close, label: SailuneActionCopy.closeStoryBackground) {",c37a22b5090468e1600e69cf102123e78a599e1e22d217a5d1e860911ac7792a
V9-0107,copy,Sailune/BookOverviewView.swift,137,62,SailuneActionCopy.closeStoryBackground,已共用,使用或定義集中操作文案。,"SailuneIconButton(symbol: .close, label: SailuneActionCopy.closeStoryBackground) {",c37a22b5090468e1600e69cf102123e78a599e1e22d217a5d1e860911ac7792a
V9-0108,surface,Sailune/BookOverviewView.swift,153,13,.background(,待共用,直接背景或色值；需判定表面用途與既有 token 是否相同。,".background(.regularMaterial, in: RoundedRectangle(cornerRadius: 14, style: .continuous))",c37a22b5090468e1600e69cf102123e78a599e1e22d217a5d1e860911ac7792a
V9-0109,surface,Sailune/BookOverviewView.swift,156,29,Color.secondary.opacity(,待共用,直接背景或色值；需判定表面用途與既有 token 是否相同。,".stroke(Color.secondary.opacity(0.22), lineWidth: 1)",c37a22b5090468e1600e69cf102123e78a599e1e22d217a5d1e860911ac7792a
V9-0110,button,Sailune/BookOverviewView.swift,181,29,Button(,待共用,原生 Button；須按動作角色、位置、命中與資料 action 判定共用外殼或具名例外。,"Button(""更換封面…"", systemImage: ""photo"") {",c37a22b5090468e1600e69cf102123e78a599e1e22d217a5d1e860911ac7792a
V9-0111,copy,Sailune/BookOverviewView.swift,181,29,"Button(""",待共用,直接 Button／Label／Menu 文案；需與同功能操作名稱及例外對照。,"Button(""更換封面…"", systemImage: ""photo"") {",c37a22b5090468e1600e69cf102123e78a599e1e22d217a5d1e860911ac7792a
V9-0112,symbol,Sailune/BookOverviewView.swift,181,45,"systemImage: ""photo""",待共用,直接 SF Symbol 字串；須依實際操作或資料語意分類。,"Button(""更換封面…"", systemImage: ""photo"") {",c37a22b5090468e1600e69cf102123e78a599e1e22d217a5d1e860911ac7792a
V9-0113,button,Sailune/BookOverviewView.swift,186,33,Button(,待共用,原生 Button；須按動作角色、位置、命中與資料 action 判定共用外殼或具名例外。,Button(role: .destructive) {,c37a22b5090468e1600e69cf102123e78a599e1e22d217a5d1e860911ac7792a
V9-0114,copy,Sailune/BookOverviewView.swift,189,37,"Label(""",待共用,直接 Button／Label／Menu 文案；需與同功能操作名稱及例外對照。,"Label(""移除封面"", systemImage: SailuneSymbol.removeCover.systemName)",c37a22b5090468e1600e69cf102123e78a599e1e22d217a5d1e860911ac7792a
V9-0115,symbol,Sailune/BookOverviewView.swift,189,64,SailuneSymbol.removeCover,已共用,使用或定義語意圖標 key；原字形由集中表提供。,"Label(""移除封面"", systemImage: SailuneSymbol.removeCover.systemName)",c37a22b5090468e1600e69cf102123e78a599e1e22d217a5d1e860911ac7792a
V9-0116,accessibility,Sailune/BookOverviewView.swift,193,25,.accessibilityLabel(,待共用,直接提示或輔助描述；需核對同操作名稱及可點擊對象。,".accessibilityLabel(""書籍封面"")",c37a22b5090468e1600e69cf102123e78a599e1e22d217a5d1e860911ac7792a
V9-0117,accessibility,Sailune/BookOverviewView.swift,194,25,.accessibilityHint(,待共用,直接提示或輔助描述；需核對同操作名稱及可點擊對象。,".accessibilityHint(""按右鍵可更換封面"")",c37a22b5090468e1600e69cf102123e78a599e1e22d217a5d1e860911ac7792a
V9-0118,copy,Sailune/BookOverviewView.swift,197,25,"Text(""",合理例外,靜態欄名或領域內容；非可執行操作文案，保留畫面語境。,"Text(""書名"").font(.subheadline).foregroundStyle(.secondary)",c37a22b5090468e1600e69cf102123e78a599e1e22d217a5d1e860911ac7792a
V9-0119,field,Sailune/BookOverviewView.swift,198,25,SailuneFormTextField(,已共用,引用或定義共用欄位；焦點、組字及內距仍需代表畫面驗收。,"SailuneFormTextField(title: ""書名"", text: Binding(",c37a22b5090468e1600e69cf102123e78a599e1e22d217a5d1e860911ac7792a
V9-0120,copy,Sailune/BookOverviewView.swift,203,25,"Text(""",合理例外,靜態欄名或領域內容；非可執行操作文案，保留畫面語境。,"Text(""作者"").font(.subheadline).foregroundStyle(.secondary)",c37a22b5090468e1600e69cf102123e78a599e1e22d217a5d1e860911ac7792a
V9-0121,field,Sailune/BookOverviewView.swift,204,25,SailuneFormTextField(,已共用,引用或定義共用欄位；焦點、組字及內距仍需代表畫面驗收。,"SailuneFormTextField(title: ""作者"", text: Binding(",c37a22b5090468e1600e69cf102123e78a599e1e22d217a5d1e860911ac7792a
V9-0122,copy,Sailune/BookOverviewView.swift,214,21,"Text(""",合理例外,靜態欄名或領域內容；非可執行操作文案，保留畫面語境。,"Text(""簡介"").font(.headline).foregroundStyle(.secondary)",c37a22b5090468e1600e69cf102123e78a599e1e22d217a5d1e860911ac7792a
V9-0123,field,Sailune/BookOverviewView.swift,215,21,TextField(,待共用,原生欄位；需檢查數值、焦點、提交與多行等專用契約。,"TextField(""簡介（選填）"", text: Binding(",c37a22b5090468e1600e69cf102123e78a599e1e22d217a5d1e860911ac7792a
V9-0124,button,Sailune/BookOverviewView.swift,221,17,Button(,待共用,原生 Button；須按動作角色、位置、命中與資料 action 判定共用外殼或具名例外。,Button(action: onOpenBackground) {,c37a22b5090468e1600e69cf102123e78a599e1e22d217a5d1e860911ac7792a
V9-0125,copy,Sailune/BookOverviewView.swift,224,29,"Text(""",合理例外,靜態欄名或領域內容；非可執行操作文案，保留畫面語境。,"Text(""故事背景"")",c37a22b5090468e1600e69cf102123e78a599e1e22d217a5d1e860911ac7792a
V9-0126,symbol,Sailune/BookOverviewView.swift,227,47,SailuneSymbol.disclosure,已共用,使用或定義語意圖標 key；原字形由集中表提供。,Image(systemName: SailuneSymbol.disclosure.systemName),c37a22b5090468e1600e69cf102123e78a599e1e22d217a5d1e860911ac7792a
V9-0127,surface,Sailune/BookOverviewView.swift,238,21,.background(,待共用,直接背景或色值；需判定表面用途與既有 token 是否相同。,".background(SailuneTheme.navigationCardSurface, in: RoundedRectangle(cornerRadius: 10))",c37a22b5090468e1600e69cf102123e78a599e1e22d217a5d1e860911ac7792a
V9-0128,surface,Sailune/BookOverviewView.swift,238,33,SailuneTheme.,已共用,引用或定義語意色彩 token；形狀與疊層仍需檢查。,".background(SailuneTheme.navigationCardSurface, in: RoundedRectangle(cornerRadius: 10))",c37a22b5090468e1600e69cf102123e78a599e1e22d217a5d1e860911ac7792a
V9-0129,button_style,Sailune/BookOverviewView.swift,241,17,.buttonStyle(,待共用,原生樣式；需與同語意按鈕比對，不能只按 style 名稱批量替換。,.buttonStyle(.plain),c37a22b5090468e1600e69cf102123e78a599e1e22d217a5d1e860911ac7792a
V9-0130,accessibility,Sailune/BookOverviewView.swift,242,17,.accessibilityHint(,待共用,直接提示或輔助描述；需核對同操作名稱及可點擊對象。,".accessibilityHint(""展開並編輯整本書的故事背景"")",c37a22b5090468e1600e69cf102123e78a599e1e22d217a5d1e860911ac7792a
V9-0131,copy,Sailune/BookOverviewView.swift,245,21,"Text(""",合理例外,靜態欄名或領域內容；非可執行操作文案，保留畫面語境。,"Text(""統計"").font(.headline).foregroundStyle(.secondary)",c37a22b5090468e1600e69cf102123e78a599e1e22d217a5d1e860911ac7792a
V9-0132,copy,Sailune/BookOverviewView.swift,247,25,"Text(""",合理例外,靜態欄名或領域內容；非可執行操作文案，保留畫面語境。,"Text(""全書總字數"").foregroundStyle(.secondary)",c37a22b5090468e1600e69cf102123e78a599e1e22d217a5d1e860911ac7792a
V9-0133,copy,Sailune/BookOverviewView.swift,249,25,"Text(""",合理例外,靜態欄名或領域內容；非可執行操作文案，保留畫面語境。,"Text(""\(calculateTotalWords()) 字"").fontWeight(.semibold).font(.title3)",c37a22b5090468e1600e69cf102123e78a599e1e22d217a5d1e860911ac7792a
V9-0134,surface,Sailune/BookOverviewView.swift,256,9,.background(,待共用,直接背景或色值；需判定表面用途與既有 token 是否相同。,.background(Color.appBackground),c37a22b5090468e1600e69cf102123e78a599e1e22d217a5d1e860911ac7792a
V9-0135,dialog,Sailune/BookOverviewView.swift,258,9,.alert(,待共用,原生呈現入口；需按確認、錯誤、取消及資料後果分組，僅呈現外殼可共用。,".alert(""無法更新封面"", isPresented: Binding(",c37a22b5090468e1600e69cf102123e78a599e1e22d217a5d1e860911ac7792a
V9-0136,button,Sailune/BookOverviewView.swift,262,13,Button(,待共用,原生 Button；須按動作角色、位置、命中與資料 action 判定共用外殼或具名例外。,"Button(SailuneActionCopy.acknowledge, role: .cancel) { coverOperationError = nil }",c37a22b5090468e1600e69cf102123e78a599e1e22d217a5d1e860911ac7792a
V9-0137,copy,Sailune/BookOverviewView.swift,262,20,SailuneActionCopy.acknowledge,已共用,使用或定義集中操作文案。,"Button(SailuneActionCopy.acknowledge, role: .cancel) { coverOperationError = nil }",c37a22b5090468e1600e69cf102123e78a599e1e22d217a5d1e860911ac7792a
V9-0138,failure_path,Sailune/BookOverviewView.swift,308,11,catch,待共用,失敗分支或可選錯誤；需核對主要結果、次要錯誤記錄與恢復契約。,} catch {,c37a22b5090468e1600e69cf102123e78a599e1e22d217a5d1e860911ac7792a
V9-0139,failure_path,Sailune/BookOverviewView.swift,318,11,catch,待共用,失敗分支或可選錯誤；需核對主要結果、次要錯誤記錄與恢復契約。,} catch {,c37a22b5090468e1600e69cf102123e78a599e1e22d217a5d1e860911ac7792a
V9-0140,copy,Sailune/BookOverviewView.swift,352,17,"Text(""",合理例外,靜態欄名或領域內容；非可執行操作文案，保留畫面語境。,"Text(""目錄"").font(.headline).foregroundStyle(.secondary)",c37a22b5090468e1600e69cf102123e78a599e1e22d217a5d1e860911ac7792a
V9-0141,copy,Sailune/BookOverviewView.swift,359,31,SailuneActionCopy.exportText,已共用,使用或定義集中操作文案。,"Label(SailuneActionCopy.exportText, systemImage: SailuneSymbol.exportText.systemName)",c37a22b5090468e1600e69cf102123e78a599e1e22d217a5d1e860911ac7792a
V9-0142,symbol,Sailune/BookOverviewView.swift,359,74,SailuneSymbol.exportText,已共用,使用或定義語意圖標 key；原字形由集中表提供。,"Label(SailuneActionCopy.exportText, systemImage: SailuneSymbol.exportText.systemName)",c37a22b5090468e1600e69cf102123e78a599e1e22d217a5d1e860911ac7792a
V9-0143,copy,Sailune/BookOverviewView.swift,362,31,SailuneActionCopy.exportEpub,已共用,使用或定義集中操作文案。,"Label(SailuneActionCopy.exportEpub, systemImage: SailuneSymbol.exportEpub.systemName)",c37a22b5090468e1600e69cf102123e78a599e1e22d217a5d1e860911ac7792a
V9-0144,symbol,Sailune/BookOverviewView.swift,362,74,SailuneSymbol.exportEpub,已共用,使用或定義語意圖標 key；原字形由集中表提供。,"Label(SailuneActionCopy.exportEpub, systemImage: SailuneSymbol.exportEpub.systemName)",c37a22b5090468e1600e69cf102123e78a599e1e22d217a5d1e860911ac7792a
V9-0145,copy,Sailune/BookOverviewView.swift,365,21,"Label(""",待共用,直接 Button／Label／Menu 文案；需與同功能操作名稱及例外對照。,"Label(""匯出"", systemImage: SailuneSymbol.export.systemName)",c37a22b5090468e1600e69cf102123e78a599e1e22d217a5d1e860911ac7792a
V9-0146,symbol,Sailune/BookOverviewView.swift,365,46,SailuneSymbol.export,已共用,使用或定義語意圖標 key；原字形由集中表提供。,"Label(""匯出"", systemImage: SailuneSymbol.export.systemName)",c37a22b5090468e1600e69cf102123e78a599e1e22d217a5d1e860911ac7792a
V9-0147,accessibility,Sailune/BookOverviewView.swift,367,17,.help(,待共用,直接提示或輔助描述；需核對同操作名稱及可點擊對象。,".help(""選擇 TXT 或 EPUB 後匯出整本書"")",c37a22b5090468e1600e69cf102123e78a599e1e22d217a5d1e860911ac7792a
V9-0148,copy,Sailune/BookOverviewView.swift,369,21,"Label(""",待共用,直接 Button／Label／Menu 文案；需與同功能操作名稱及例外對照。,"Label(""新增卷"", systemImage: SailuneSymbol.addVolume.systemName).labelStyle(.iconOnly)",c37a22b5090468e1600e69cf102123e78a599e1e22d217a5d1e860911ac7792a
V9-0149,symbol,Sailune/BookOverviewView.swift,369,47,SailuneSymbol.addVolume,已共用,使用或定義語意圖標 key；原字形由集中表提供。,"Label(""新增卷"", systemImage: SailuneSymbol.addVolume.systemName).labelStyle(.iconOnly)",c37a22b5090468e1600e69cf102123e78a599e1e22d217a5d1e860911ac7792a
V9-0150,button_style,Sailune/BookOverviewView.swift,371,17,.buttonStyle(,待共用,原生樣式；需與同語意按鈕比對，不能只按 style 名稱批量替換。,".buttonStyle(.borderless).help(""新增卷"")",c37a22b5090468e1600e69cf102123e78a599e1e22d217a5d1e860911ac7792a
V9-0151,accessibility,Sailune/BookOverviewView.swift,371,42,.help(,待共用,直接提示或輔助描述；需核對同操作名稱及可點擊對象。,".buttonStyle(.borderless).help(""新增卷"")",c37a22b5090468e1600e69cf102123e78a599e1e22d217a5d1e860911ac7792a
V9-0152,surface,Sailune/BookOverviewView.swift,377,9,.background(,待共用,直接背景或色值；需判定表面用途與既有 token 是否相同。,.background(Color.appBackground),c37a22b5090468e1600e69cf102123e78a599e1e22d217a5d1e860911ac7792a
V9-0153,dialog,Sailune/BookOverviewView.swift,378,9,.alert(,待共用,原生呈現入口；需按確認、錯誤、取消及資料後果分組，僅呈現外殼可共用。,".alert(""確認刪除"",",c37a22b5090468e1600e69cf102123e78a599e1e22d217a5d1e860911ac7792a
V9-0154,button,Sailune/BookOverviewView.swift,381,13,Button(,待共用,原生 Button；須按動作角色、位置、命中與資料 action 判定共用外殼或具名例外。,"Button(SailuneActionCopy.cancel, role: .cancel) { }",c37a22b5090468e1600e69cf102123e78a599e1e22d217a5d1e860911ac7792a
V9-0155,copy,Sailune/BookOverviewView.swift,381,20,SailuneActionCopy.cancel,已共用,使用或定義集中操作文案。,"Button(SailuneActionCopy.cancel, role: .cancel) { }",c37a22b5090468e1600e69cf102123e78a599e1e22d217a5d1e860911ac7792a
V9-0156,button,Sailune/BookOverviewView.swift,382,13,Button(,待共用,原生 Button；須按動作角色、位置、命中與資料 action 判定共用外殼或具名例外。,"Button(SailuneActionCopy.delete, role: .destructive) { performDelete(target) }",c37a22b5090468e1600e69cf102123e78a599e1e22d217a5d1e860911ac7792a
V9-0157,copy,Sailune/BookOverviewView.swift,382,20,SailuneActionCopy.delete,已共用,使用或定義集中操作文案。,"Button(SailuneActionCopy.delete, role: .destructive) { performDelete(target) }",c37a22b5090468e1600e69cf102123e78a599e1e22d217a5d1e860911ac7792a
V9-0158,copy,Sailune/BookOverviewView.swift,385,34,"Text(""",合理例外,靜態欄名或領域內容；非可執行操作文案，保留畫面語境。,"case .volume(let v): Text(""確定要刪除卷「\(v.title)」嗎？其下所有節將一併刪除，且無法復原。"")",c37a22b5090468e1600e69cf102123e78a599e1e22d217a5d1e860911ac7792a
V9-0159,copy,Sailune/BookOverviewView.swift,386,35,"Text(""",合理例外,靜態欄名或領域內容；非可執行操作文案，保留畫面語境。,"case .section(let s): Text(""確定要刪除節「\(s.title)」嗎？此操作無法復原。"")",c37a22b5090468e1600e69cf102123e78a599e1e22d217a5d1e860911ac7792a
V9-0160,button,Sailune/BookOverviewView.swift,396,21,Button(,待共用,原生 Button；須按動作角色、位置、命中與資料 action 判定共用外殼或具名例外。,"Button(""復原"") { restore(undoTarget) }",c37a22b5090468e1600e69cf102123e78a599e1e22d217a5d1e860911ac7792a
V9-0161,copy,Sailune/BookOverviewView.swift,396,21,"Button(""",待共用,直接 Button／Label／Menu 文案；需與同功能操作名稱及例外對照。,"Button(""復原"") { restore(undoTarget) }",c37a22b5090468e1600e69cf102123e78a599e1e22d217a5d1e860911ac7792a
V9-0162,button_style,Sailune/BookOverviewView.swift,397,25,.buttonStyle(,待共用,原生樣式；需與同語意按鈕比對，不能只按 style 名稱批量替換。,.buttonStyle(.borderedProminent),c37a22b5090468e1600e69cf102123e78a599e1e22d217a5d1e860911ac7792a
V9-0163,surface,Sailune/BookOverviewView.swift,402,17,.background(,待共用,直接背景或色值；需判定表面用途與既有 token 是否相同。,".background(.regularMaterial, in: RoundedRectangle(cornerRadius: 10))",c37a22b5090468e1600e69cf102123e78a599e1e22d217a5d1e860911ac7792a
V9-0164,symbol,Sailune/BookOverviewView.swift,412,19,"systemName: ""folder""",待共用,直接 SF Symbol 字串；須依實際操作或資料語意分類。,"Image(systemName: ""folder"").font(.system(size: 36)).foregroundStyle(.tertiary)",c37a22b5090468e1600e69cf102123e78a599e1e22d217a5d1e860911ac7792a
V9-0165,copy,Sailune/BookOverviewView.swift,413,13,"Text(""",合理例外,靜態欄名或領域內容；非可執行操作文案，保留畫面語境。,"Text(""還沒有任何卷"").foregroundStyle(.secondary)",c37a22b5090468e1600e69cf102123e78a599e1e22d217a5d1e860911ac7792a
V9-0166,button,Sailune/BookOverviewView.swift,414,13,Button(,待共用,原生 Button；須按動作角色、位置、命中與資料 action 判定共用外殼或具名例外。,"Button(""新增第一卷"") { addVolume() }.buttonStyle(.borderedProminent)",c37a22b5090468e1600e69cf102123e78a599e1e22d217a5d1e860911ac7792a
V9-0167,copy,Sailune/BookOverviewView.swift,414,13,"Button(""",待共用,直接 Button／Label／Menu 文案；需與同功能操作名稱及例外對照。,"Button(""新增第一卷"") { addVolume() }.buttonStyle(.borderedProminent)",c37a22b5090468e1600e69cf102123e78a599e1e22d217a5d1e860911ac7792a
V9-0168,button_style,Sailune/BookOverviewView.swift,414,44,.buttonStyle(,待共用,原生樣式；需與同語意按鈕比對，不能只按 style 名稱批量替換。,"Button(""新增第一卷"") { addVolume() }.buttonStyle(.borderedProminent)",c37a22b5090468e1600e69cf102123e78a599e1e22d217a5d1e860911ac7792a
V9-0169,copy,Sailune/BookOverviewView.swift,429,33,"Text(""",合理例外,靜態欄名或領域內容；非可執行操作文案，保留畫面語境。,"Text(""這一卷還沒有節"").font(.subheadline).foregroundStyle(.secondary)",c37a22b5090468e1600e69cf102123e78a599e1e22d217a5d1e860911ac7792a
V9-0170,button,Sailune/BookOverviewView.swift,430,33,Button(,待共用,原生 Button；須按動作角色、位置、命中與資料 action 判定共用外殼或具名例外。,"Button(""新增第一節"", systemImage: SailuneSymbol.add.systemName) { addSection(to: volume) }",c37a22b5090468e1600e69cf102123e78a599e1e22d217a5d1e860911ac7792a
V9-0171,copy,Sailune/BookOverviewView.swift,430,33,"Button(""",待共用,直接 Button／Label／Menu 文案；需與同功能操作名稱及例外對照。,"Button(""新增第一節"", systemImage: SailuneSymbol.add.systemName) { addSection(to: volume) }",c37a22b5090468e1600e69cf102123e78a599e1e22d217a5d1e860911ac7792a
V9-0172,symbol,Sailune/BookOverviewView.swift,430,62,SailuneSymbol.add,已共用,使用或定義語意圖標 key；原字形由集中表提供。,"Button(""新增第一節"", systemImage: SailuneSymbol.add.systemName) { addSection(to: volume) }",c37a22b5090468e1600e69cf102123e78a599e1e22d217a5d1e860911ac7792a
V9-0173,button_style,Sailune/BookOverviewView.swift,431,37,.buttonStyle(,待共用,原生樣式；需與同語意按鈕比對，不能只按 style 名稱批量替換。,.buttonStyle(.borderedProminent),c37a22b5090468e1600e69cf102123e78a599e1e22d217a5d1e860911ac7792a
V9-0174,surface,Sailune/BookOverviewView.swift,446,9,.background(,待共用,直接背景或色值；需判定表面用途與既有 token 是否相同。,.background(Color.appBackground),c37a22b5090468e1600e69cf102123e78a599e1e22d217a5d1e860911ac7792a
V9-0175,symbol,Sailune/BookOverviewView.swift,486,42,SailuneSymbol.add,已共用,使用或定義語意圖標 key；原字形由集中表提供。,} label: { Image(systemName: SailuneSymbol.add.systemName).foregroundStyle(.secondary) },c37a22b5090468e1600e69cf102123e78a599e1e22d217a5d1e860911ac7792a
V9-0176,button_style,Sailune/BookOverviewView.swift,487,17,.buttonStyle(,待共用,原生樣式；需與同語意按鈕比對，不能只按 style 名稱批量替換。,".buttonStyle(.borderless).help(""在此卷新增節"")",c37a22b5090468e1600e69cf102123e78a599e1e22d217a5d1e860911ac7792a
V9-0177,accessibility,Sailune/BookOverviewView.swift,487,42,.help(,待共用,直接提示或輔助描述；需核對同操作名稱及可點擊對象。,".buttonStyle(.borderless).help(""在此卷新增節"")",c37a22b5090468e1600e69cf102123e78a599e1e22d217a5d1e860911ac7792a
V9-0178,copy,Sailune/BookOverviewView.swift,508,56,"Label(""",待共用,直接 Button／Label／Menu 文案；需與同功能操作名稱及例外對照。,"Button { addSection(to: volume) } label: { Label(""新增節"", systemImage: SailuneSymbol.addSection.systemName) }",c37a22b5090468e1600e69cf102123e78a599e1e22d217a5d1e860911ac7792a
V9-0179,symbol,Sailune/BookOverviewView.swift,508,82,SailuneSymbol.addSection,已共用,使用或定義語意圖標 key；原字形由集中表提供。,"Button { addSection(to: volume) } label: { Label(""新增節"", systemImage: SailuneSymbol.addSection.systemName) }",c37a22b5090468e1600e69cf102123e78a599e1e22d217a5d1e860911ac7792a
V9-0180,copy,Sailune/BookOverviewView.swift,509,45,"Label(""",待共用,直接 Button／Label／Menu 文案；需與同功能操作名稱及例外對照。,"Button { addVolume() } label: { Label(""新增卷"", systemImage: SailuneSymbol.addVolume.systemName) }",c37a22b5090468e1600e69cf102123e78a599e1e22d217a5d1e860911ac7792a
V9-0181,symbol,Sailune/BookOverviewView.swift,509,71,SailuneSymbol.addVolume,已共用,使用或定義語意圖標 key；原字形由集中表提供。,"Button { addVolume() } label: { Label(""新增卷"", systemImage: SailuneSymbol.addVolume.systemName) }",c37a22b5090468e1600e69cf102123e78a599e1e22d217a5d1e860911ac7792a
V9-0182,button,Sailune/BookOverviewView.swift,511,13,Button(,待共用,原生 Button；須按動作角色、位置、命中與資料 action 判定共用外殼或具名例外。,"Button(role: .destructive) { deleteTarget = .volume(volume) } label: { Label(""刪除卷"", systemImage: SailuneSymbol.delete.systemName) }",c37a22b5090468e1600e69cf102123e78a599e1e22d217a5d1e860911ac7792a
V9-0183,copy,Sailune/BookOverviewView.swift,511,84,"Label(""",待共用,直接 Button／Label／Menu 文案；需與同功能操作名稱及例外對照。,"Button(role: .destructive) { deleteTarget = .volume(volume) } label: { Label(""刪除卷"", systemImage: SailuneSymbol.delete.systemName) }",c37a22b5090468e1600e69cf102123e78a599e1e22d217a5d1e860911ac7792a
V9-0184,symbol,Sailune/BookOverviewView.swift,511,110,SailuneSymbol.delete,已共用,使用或定義語意圖標 key；原字形由集中表提供。,"Button(role: .destructive) { deleteTarget = .volume(volume) } label: { Label(""刪除卷"", systemImage: SailuneSymbol.delete.systemName) }",c37a22b5090468e1600e69cf102123e78a599e1e22d217a5d1e860911ac7792a
V9-0185,symbol,Sailune/BookOverviewView.swift,523,19,"systemName: ""doc.text""",待共用,直接 SF Symbol 字串；須依實際操作或資料語意分類。,"Image(systemName: ""doc.text"").foregroundStyle(.secondary).frame(width: 14)",c37a22b5090468e1600e69cf102123e78a599e1e22d217a5d1e860911ac7792a
V9-0186,copy,Sailune/BookOverviewView.swift,534,21,"Text(""",合理例外,靜態欄名或領域內容；非可執行操作文案，保留畫面語境。,"Text(""\(index)｜"")",c37a22b5090468e1600e69cf102123e78a599e1e22d217a5d1e860911ac7792a
V9-0187,copy,Sailune/BookOverviewView.swift,566,91,"Label(""",待共用,直接 Button／Label／Menu 文案；需與同功能操作名稱及例外對照。,"Button { startRenaming(id: section.id, currentName: section.title) } label: { Label(""重新命名"", systemImage: SailuneSymbol.edit.systemName) }",c37a22b5090468e1600e69cf102123e78a599e1e22d217a5d1e860911ac7792a
V9-0188,symbol,Sailune/BookOverviewView.swift,566,118,SailuneSymbol.edit,已共用,使用或定義語意圖標 key；原字形由集中表提供。,"Button { startRenaming(id: section.id, currentName: section.title) } label: { Label(""重新命名"", systemImage: SailuneSymbol.edit.systemName) }",c37a22b5090468e1600e69cf102123e78a599e1e22d217a5d1e860911ac7792a
V9-0189,copy,Sailune/BookOverviewView.swift,570,24,"Label(""",待共用,直接 Button／Label／Menu 文案；需與同功能操作名稱及例外對照。,"} label: { Label(""新增節"", systemImage: SailuneSymbol.addSection.systemName) }",c37a22b5090468e1600e69cf102123e78a599e1e22d217a5d1e860911ac7792a
V9-0190,symbol,Sailune/BookOverviewView.swift,570,50,SailuneSymbol.addSection,已共用,使用或定義語意圖標 key；原字形由集中表提供。,"} label: { Label(""新增節"", systemImage: SailuneSymbol.addSection.systemName) }",c37a22b5090468e1600e69cf102123e78a599e1e22d217a5d1e860911ac7792a
V9-0191,button,Sailune/BookOverviewView.swift,572,13,Button(,待共用,原生 Button；須按動作角色、位置、命中與資料 action 判定共用外殼或具名例外。,"Button(role: .destructive) { deleteTarget = .section(section) } label: { Label(""刪除節"", systemImage: SailuneSymbol.delete.systemName) }",c37a22b5090468e1600e69cf102123e78a599e1e22d217a5d1e860911ac7792a
V9-0192,copy,Sailune/BookOverviewView.swift,572,86,"Label(""",待共用,直接 Button／Label／Menu 文案；需與同功能操作名稱及例外對照。,"Button(role: .destructive) { deleteTarget = .section(section) } label: { Label(""刪除節"", systemImage: SailuneSymbol.delete.systemName) }",c37a22b5090468e1600e69cf102123e78a599e1e22d217a5d1e860911ac7792a
V9-0193,symbol,Sailune/BookOverviewView.swift,572,112,SailuneSymbol.delete,已共用,使用或定義語意圖標 key；原字形由集中表提供。,"Button(role: .destructive) { deleteTarget = .section(section) } label: { Label(""刪除節"", systemImage: SailuneSymbol.delete.systemName) }",c37a22b5090468e1600e69cf102123e78a599e1e22d217a5d1e860911ac7792a
V9-0194,symbol,Sailune/BookOverviewView.swift,578,15,"systemName: ""line.3.horizontal""",待共用,直接 SF Symbol 字串；須依實際操作或資料語意分類。,"Image(systemName: ""line.3.horizontal"").font(.system(size: 9, weight: .bold)).foregroundStyle(.tertiary)",c37a22b5090468e1600e69cf102123e78a599e1e22d217a5d1e860911ac7792a
V9-0195,accessibility,Sailune/BookOverviewView.swift,579,68,.help(,待共用,直接提示或輔助描述；需核對同操作名稱及可點擊對象。,".frame(width: 24, height: 22).contentShape(Rectangle()).help(""拖曳以排序"")",c37a22b5090468e1600e69cf102123e78a599e1e22d217a5d1e860911ac7792a
V9-0196,field,Sailune/BookOverviewView.swift,592,17,TextField(,待共用,原生欄位；需檢查數值、焦點、提交與多行等專用契約。,"TextField("""", text: $renameBuffer)",c37a22b5090468e1600e69cf102123e78a599e1e22d217a5d1e860911ac7792a
V9-0197,symbol,Sailune/BookOverviewView.swift,600,82,SailuneSymbol.confirm,已共用,使用或定義語意圖標 key；原字形由集中表提供。,Button { commitAndClose(commit: commit) } label: { Image(systemName: SailuneSymbol.confirm.systemName).foregroundStyle(.green) },c37a22b5090468e1600e69cf102123e78a599e1e22d217a5d1e860911ac7792a
V9-0198,button_style,Sailune/BookOverviewView.swift,601,17,.buttonStyle(,待共用,原生樣式；需與同語意按鈕比對，不能只按 style 名稱批量替換。,".buttonStyle(.borderless).help(""確認 (Enter)"")",c37a22b5090468e1600e69cf102123e78a599e1e22d217a5d1e860911ac7792a
V9-0199,accessibility,Sailune/BookOverviewView.swift,601,42,.help(,待共用,直接提示或輔助描述；需核對同操作名稱及可點擊對象。,".buttonStyle(.borderless).help(""確認 (Enter)"")",c37a22b5090468e1600e69cf102123e78a599e1e22d217a5d1e860911ac7792a
V9-0200,symbol,Sailune/BookOverviewView.swift,602,68,SailuneSymbol.cancel,已共用,使用或定義語意圖標 key；原字形由集中表提供。,Button { cancelRenaming() } label: { Image(systemName: SailuneSymbol.cancel.systemName).foregroundStyle(.secondary) },c37a22b5090468e1600e69cf102123e78a599e1e22d217a5d1e860911ac7792a
V9-0201,button_style,Sailune/BookOverviewView.swift,603,17,.buttonStyle(,待共用,原生樣式；需與同語意按鈕比對，不能只按 style 名稱批量替換。,".buttonStyle(.borderless).help(""取消"")",c37a22b5090468e1600e69cf102123e78a599e1e22d217a5d1e860911ac7792a
V9-0202,accessibility,Sailune/BookOverviewView.swift,603,42,.help(,待共用,直接提示或輔助描述；需核對同操作名稱及可點擊對象。,".buttonStyle(.borderless).help(""取消"")",c37a22b5090468e1600e69cf102123e78a599e1e22d217a5d1e860911ac7792a
V9-0203,failure_path,Sailune/BookOverviewView.swift,737,17,catch,待共用,失敗分支或可選錯誤；需核對主要結果、次要錯誤記錄與恢復契約。,catch { presentPersistenceError(error) },c37a22b5090468e1600e69cf102123e78a599e1e22d217a5d1e860911ac7792a
V9-0204,failure_path,Sailune/BookOverviewView.swift,767,9,catch,待共用,失敗分支或可選錯誤；需核對主要結果、次要錯誤記錄與恢復契約。,catch { modelContext.rollback(); presentPersistenceError(error) },c37a22b5090468e1600e69cf102123e78a599e1e22d217a5d1e860911ac7792a
V9-0205,symbol,Sailune/CharacterHistoryViews.swift,19,23,"systemName: ""book.pages""",待共用,直接 SF Symbol 字串；須依實際操作或資料語意分類。,"Image(systemName: ""book.pages"")",56d6e74db71d1f38bec544e5cd1377ee3ef4a4857210d7e3dc6c598330fbc43d
V9-0206,button_style,Sailune/CharacterHistoryViews.swift,22,13,.buttonStyle(,待共用,原生樣式；需與同語意按鈕比對，不能只按 style 名稱批量替換。,.buttonStyle(.borderless),56d6e74db71d1f38bec544e5cd1377ee3ef4a4857210d7e3dc6c598330fbc43d
V9-0207,accessibility,Sailune/CharacterHistoryViews.swift,23,13,.accessibilityLabel(,待共用,直接提示或輔助描述；需核對同操作名稱及可點擊對象。,".accessibilityLabel(""敘事版本"")",56d6e74db71d1f38bec544e5cd1377ee3ef4a4857210d7e3dc6c598330fbc43d
V9-0208,accessibility,Sailune/CharacterHistoryViews.swift,24,13,.help(,待共用,直接提示或輔助描述；需核對同操作名稱及可點擊對象。,".help(""設定敘事版本"")",56d6e74db71d1f38bec544e5cd1377ee3ef4a4857210d7e3dc6c598330fbc43d
V9-0209,symbol,Sailune/CharacterHistoryViews.swift,29,35,SailuneSymbol.timeline,已共用,使用或定義語意圖標 key；原字形由集中表提供。,Image(systemName: SailuneSymbol.timeline.systemName),56d6e74db71d1f38bec544e5cd1377ee3ef4a4857210d7e3dc6c598330fbc43d
V9-0210,button_style,Sailune/CharacterHistoryViews.swift,32,13,.buttonStyle(,待共用,原生樣式；需與同語意按鈕比對，不能只按 style 名稱批量替換。,.buttonStyle(.borderless),56d6e74db71d1f38bec544e5cd1377ee3ef4a4857210d7e3dc6c598330fbc43d
V9-0211,accessibility,Sailune/CharacterHistoryViews.swift,33,13,.accessibilityLabel(,待共用,直接提示或輔助描述；需核對同操作名稱及可點擊對象。,".accessibilityLabel(""時間序版本"")",56d6e74db71d1f38bec544e5cd1377ee3ef4a4857210d7e3dc6c598330fbc43d
V9-0212,accessibility,Sailune/CharacterHistoryViews.swift,34,13,.help(,待共用,直接提示或輔助描述；需核對同操作名稱及可點擊對象。,".help(""設定時間序版本"")",56d6e74db71d1f38bec544e5cd1377ee3ef4a4857210d7e3dc6c598330fbc43d
V9-0213,dialog,Sailune/CharacterHistoryViews.swift,36,9,.sheet(,待共用,原生呈現入口；需按確認、錯誤、取消及資料後果分組，僅呈現外殼可共用。,.sheet(isPresented: $showingNarrativeEditor) {,56d6e74db71d1f38bec544e5cd1377ee3ef4a4857210d7e3dc6c598330fbc43d
V9-0214,dialog,Sailune/CharacterHistoryViews.swift,42,9,.sheet(,待共用,原生呈現入口；需按確認、錯誤、取消及資料後果分組，僅呈現外殼可共用。,.sheet(isPresented: $showingTimelineEditor) {,56d6e74db71d1f38bec544e5cd1377ee3ef4a4857210d7e3dc6c598330fbc43d
V9-0215,copy,Sailune/CharacterHistoryViews.swift,105,13,"Text(""",合理例外,靜態欄名或領域內容；非可執行操作文案，保留畫面語境。,"Text(""敘事版本"").font(.headline)",56d6e74db71d1f38bec544e5cd1377ee3ef4a4857210d7e3dc6c598330fbc43d
V9-0216,copy,Sailune/CharacterHistoryViews.swift,108,21,"Text(""",合理例外,靜態欄名或領域內容；非可執行操作文案，保留畫面語境。,"Text(""無卷"").tag(Optional<UUID>.none)",56d6e74db71d1f38bec544e5cd1377ee3ef4a4857210d7e3dc6c598330fbc43d
V9-0217,copy,Sailune/CharacterHistoryViews.swift,114,21,"Text(""",合理例外,靜態欄名或領域內容；非可執行操作文案，保留畫面語境。,"Text(""無節"").tag(Optional<UUID>.none)",56d6e74db71d1f38bec544e5cd1377ee3ef4a4857210d7e3dc6c598330fbc43d
V9-0218,button,Sailune/CharacterHistoryViews.swift,122,17,Button(,待共用,原生 Button；須按動作角色、位置、命中與資料 action 判定共用外殼或具名例外。,Button(SailuneActionCopy.cancel) { dismiss() },56d6e74db71d1f38bec544e5cd1377ee3ef4a4857210d7e3dc6c598330fbc43d
V9-0219,copy,Sailune/CharacterHistoryViews.swift,122,24,SailuneActionCopy.cancel,已共用,使用或定義集中操作文案。,Button(SailuneActionCopy.cancel) { dismiss() },56d6e74db71d1f38bec544e5cd1377ee3ef4a4857210d7e3dc6c598330fbc43d
V9-0220,button,Sailune/CharacterHistoryViews.swift,124,17,Button(,待共用,原生 Button；須按動作角色、位置、命中與資料 action 判定共用外殼或具名例外。,Button(SailuneActionCopy.save) {,56d6e74db71d1f38bec544e5cd1377ee3ef4a4857210d7e3dc6c598330fbc43d
V9-0221,copy,Sailune/CharacterHistoryViews.swift,124,24,SailuneActionCopy.save,已共用,使用或定義集中操作文案。,Button(SailuneActionCopy.save) {,56d6e74db71d1f38bec544e5cd1377ee3ef4a4857210d7e3dc6c598330fbc43d
V9-0222,copy,Sailune/CharacterHistoryViews.swift,169,13,"Text(""",合理例外,靜態欄名或領域內容；非可執行操作文案，保留畫面語境。,"Text(""時間序版本"").font(.headline)",56d6e74db71d1f38bec544e5cd1377ee3ef4a4857210d7e3dc6c598330fbc43d
V9-0223,copy,Sailune/CharacterHistoryViews.swift,172,21,"Text(""",合理例外,靜態欄名或領域內容；非可執行操作文案，保留畫面語境。,"Text(""無紀元"").tag(Optional<UUID>.none)",56d6e74db71d1f38bec544e5cd1377ee3ef4a4857210d7e3dc6c598330fbc43d
V9-0224,field,Sailune/CharacterHistoryViews.swift,178,21,TextField(,待共用,原生欄位；需檢查數值、焦點、提交與多行等專用契約。,"TextField(""年"", text: numeric($yearText)).frame(width: 90)",56d6e74db71d1f38bec544e5cd1377ee3ef4a4857210d7e3dc6c598330fbc43d
V9-0225,field,Sailune/CharacterHistoryViews.swift,179,21,TextField(,待共用,原生欄位；需檢查數值、焦點、提交與多行等專用契約。,"TextField(""月"", text: numeric($monthText)).frame(width: 70)",56d6e74db71d1f38bec544e5cd1377ee3ef4a4857210d7e3dc6c598330fbc43d
V9-0226,field,Sailune/CharacterHistoryViews.swift,180,21,TextField(,待共用,原生欄位；需檢查數值、焦點、提交與多行等專用契約。,"TextField(""日"", text: numeric($dayText)).frame(width: 70)",56d6e74db71d1f38bec544e5cd1377ee3ef4a4857210d7e3dc6c598330fbc43d
V9-0227,button,Sailune/CharacterHistoryViews.swift,184,17,Button(,待共用,原生 Button；須按動作角色、位置、命中與資料 action 判定共用外殼或具名例外。,Button(SailuneActionCopy.cancel) { dismiss() },56d6e74db71d1f38bec544e5cd1377ee3ef4a4857210d7e3dc6c598330fbc43d
V9-0228,copy,Sailune/CharacterHistoryViews.swift,184,24,SailuneActionCopy.cancel,已共用,使用或定義集中操作文案。,Button(SailuneActionCopy.cancel) { dismiss() },56d6e74db71d1f38bec544e5cd1377ee3ef4a4857210d7e3dc6c598330fbc43d
V9-0229,button,Sailune/CharacterHistoryViews.swift,186,17,Button(,待共用,原生 Button；須按動作角色、位置、命中與資料 action 判定共用外殼或具名例外。,Button(SailuneActionCopy.save) {,56d6e74db71d1f38bec544e5cd1377ee3ef4a4857210d7e3dc6c598330fbc43d
V9-0230,copy,Sailune/CharacterHistoryViews.swift,186,24,SailuneActionCopy.save,已共用,使用或定義集中操作文案。,Button(SailuneActionCopy.save) {,56d6e74db71d1f38bec544e5cd1377ee3ef4a4857210d7e3dc6c598330fbc43d
V9-0231,copy,Sailune/CharacterHistoryViews.swift,223,17,"Text(""",合理例外,靜態欄名或領域內容；非可執行操作文案，保留畫面語境。,"Text(""無時間定位"").tag(Optional<UUID>.none)",56d6e74db71d1f38bec544e5cd1377ee3ef4a4857210d7e3dc6c598330fbc43d
V9-0232,accessibility,Sailune/CharacterHistoryViews.swift,229,13,.help(,待共用,直接提示或輔助描述；需核對同操作名稱及可點擊對象。,".help(nodes.isEmpty ? ""尚無時間點，可按右側加號建立"" : ""選擇此筆資料的時間定位"")",56d6e74db71d1f38bec544e5cd1377ee3ef4a4857210d7e3dc6c598330fbc43d
V9-0233,button_style,Sailune/CharacterHistoryViews.swift,234,13,.buttonStyle(,待共用,原生樣式；需與同語意按鈕比對，不能只按 style 名稱批量替換。,.buttonStyle(.plain),56d6e74db71d1f38bec544e5cd1377ee3ef4a4857210d7e3dc6c598330fbc43d
V9-0234,accessibility,Sailune/CharacterHistoryViews.swift,235,13,.help(,待共用,直接提示或輔助描述；需核對同操作名稱及可點擊對象。,".help(node == nil ? ""建立時間戳記"" : ""修改此筆資料的時間戳記"")",56d6e74db71d1f38bec544e5cd1377ee3ef4a4857210d7e3dc6c598330fbc43d
V9-0235,dialog,Sailune/CharacterHistoryViews.swift,237,9,.sheet(,待共用,原生呈現入口；需按確認、錯誤、取消及資料後果分組，僅呈現外殼可共用。,.sheet(isPresented: $showingTimestampEditor) {,56d6e74db71d1f38bec544e5cd1377ee3ef4a4857210d7e3dc6c598330fbc43d
V9-0236,copy,Sailune/CharacterHistoryViews.swift,337,13,"Text(""",合理例外,靜態欄名或領域內容；非可執行操作文案，保留畫面語境。,"Text(""時間與敘事定位"").font(.headline)",56d6e74db71d1f38bec544e5cd1377ee3ef4a4857210d7e3dc6c598330fbc43d
V9-0237,copy,Sailune/CharacterHistoryViews.swift,343,21,"Text(""",合理例外,靜態欄名或領域內容；非可執行操作文案，保留畫面語境。,"Text(""無紀元"").tag(Optional<UUID>.none)",56d6e74db71d1f38bec544e5cd1377ee3ef4a4857210d7e3dc6c598330fbc43d
V9-0238,copy,Sailune/CharacterHistoryViews.swift,355,21,"Text(""",合理例外,靜態欄名或領域內容；非可執行操作文案，保留畫面語境。,"Text(""無節定位"").tag(Optional<UUID>.none)",56d6e74db71d1f38bec544e5cd1377ee3ef4a4857210d7e3dc6c598330fbc43d
V9-0239,copy,Sailune/CharacterHistoryViews.swift,362,29,"Text(""",合理例外,靜態欄名或領域內容；非可執行操作文案，保留畫面語境。,"Text(""請選擇故事線"").tag(Optional<UUID>.none)",56d6e74db71d1f38bec544e5cd1377ee3ef4a4857210d7e3dc6c598330fbc43d
V9-0240,copy,Sailune/CharacterHistoryViews.swift,368,29,"Text(""",合理例外,靜態欄名或領域內容；非可執行操作文案，保留畫面語境。,"Text(""未分階段"").tag(Optional<UUID>.none)",56d6e74db71d1f38bec544e5cd1377ee3ef4a4857210d7e3dc6c598330fbc43d
V9-0241,copy,Sailune/CharacterHistoryViews.swift,375,29,"Label(""",待共用,直接 Button／Label／Menu 文案；需與同功能操作名稱及例外對照。,"Label(""請先在敘事大綱建立故事線。"", systemImage: SailuneSymbol.requirementNotice.systemName)",56d6e74db71d1f38bec544e5cd1377ee3ef4a4857210d7e3dc6c598330fbc43d
V9-0242,symbol,Sailune/CharacterHistoryViews.swift,375,65,SailuneSymbol.requirementNotice,已共用,使用或定義語意圖標 key；原字形由集中表提供。,"Label(""請先在敘事大綱建立故事線。"", systemImage: SailuneSymbol.requirementNotice.systemName)",56d6e74db71d1f38bec544e5cd1377ee3ef4a4857210d7e3dc6c598330fbc43d
V9-0243,button,Sailune/CharacterHistoryViews.swift,390,17,Button(,待共用,原生 Button；須按動作角色、位置、命中與資料 action 判定共用外殼或具名例外。,Button(SailuneActionCopy.cancel) { dismiss() }.keyboardShortcut(.cancelAction),56d6e74db71d1f38bec544e5cd1377ee3ef4a4857210d7e3dc6c598330fbc43d
V9-0244,copy,Sailune/CharacterHistoryViews.swift,390,24,SailuneActionCopy.cancel,已共用,使用或定義集中操作文案。,Button(SailuneActionCopy.cancel) { dismiss() }.keyboardShortcut(.cancelAction),56d6e74db71d1f38bec544e5cd1377ee3ef4a4857210d7e3dc6c598330fbc43d
V9-0245,button,Sailune/CharacterHistoryViews.swift,392,17,Button(,待共用,原生 Button；須按動作角色、位置、命中與資料 action 判定共用外殼或具名例外。,"Button(existingNode == nil ? ""建立"" : ""儲存"", action: saveTimestamp)",56d6e74db71d1f38bec544e5cd1377ee3ef4a4857210d7e3dc6c598330fbc43d
V9-0246,dialog,Sailune/CharacterHistoryViews.swift,413,9,.alert(,待共用,原生呈現入口；需按確認、錯誤、取消及資料後果分組，僅呈現外殼可共用。,".alert(""無法儲存定位"", isPresented: Binding(",56d6e74db71d1f38bec544e5cd1377ee3ef4a4857210d7e3dc6c598330fbc43d
V9-0247,button,Sailune/CharacterHistoryViews.swift,417,13,Button(,待共用,原生 Button；須按動作角色、位置、命中與資料 action 判定共用外殼或具名例外。,"Button(SailuneActionCopy.acknowledge, role: .cancel) { saveErrorMessage = nil }",56d6e74db71d1f38bec544e5cd1377ee3ef4a4857210d7e3dc6c598330fbc43d
V9-0248,copy,Sailune/CharacterHistoryViews.swift,417,20,SailuneActionCopy.acknowledge,已共用,使用或定義集中操作文案。,"Button(SailuneActionCopy.acknowledge, role: .cancel) { saveErrorMessage = nil }",56d6e74db71d1f38bec544e5cd1377ee3ef4a4857210d7e3dc6c598330fbc43d
V9-0249,field,Sailune/CharacterHistoryViews.swift,435,13,TextField(,待共用,原生欄位；需檢查數值、焦點、提交與多行等專用契約。,"TextField("""", text: numericBinding(text))",56d6e74db71d1f38bec544e5cd1377ee3ef4a4857210d7e3dc6c598330fbc43d
V9-0250,failure_path,Sailune/CharacterHistoryViews.swift,473,11,catch,待共用,失敗分支或可選錯誤；需核對主要結果、次要錯誤記錄與恢復契約。,} catch {,56d6e74db71d1f38bec544e5cd1377ee3ef4a4857210d7e3dc6c598330fbc43d
V9-0251,field,Sailune/CharacterHistoryViews.swift,524,17,SailuneFormTextField(,已共用,引用或定義共用欄位；焦點、組字及內距仍需代表畫面驗收。,"SailuneFormTextField(title: ""階段"", text: $history.stage)",56d6e74db71d1f38bec544e5cd1377ee3ef4a4857210d7e3dc6c598330fbc43d
V9-0252,button,Sailune/CharacterHistoryViews.swift,528,17,Button(,待共用,原生 Button；須按動作角色、位置、命中與資料 action 判定共用外殼或具名例外。,"Button(role: .destructive, action: onDelete) { Image(systemName: SailuneSymbol.delete.systemName) }.buttonStyle(.plain)",56d6e74db71d1f38bec544e5cd1377ee3ef4a4857210d7e3dc6c598330fbc43d
V9-0253,symbol,Sailune/CharacterHistoryViews.swift,528,82,SailuneSymbol.delete,已共用,使用或定義語意圖標 key；原字形由集中表提供。,"Button(role: .destructive, action: onDelete) { Image(systemName: SailuneSymbol.delete.systemName) }.buttonStyle(.plain)",56d6e74db71d1f38bec544e5cd1377ee3ef4a4857210d7e3dc6c598330fbc43d
V9-0254,button_style,Sailune/CharacterHistoryViews.swift,528,116,.buttonStyle(,待共用,原生樣式；需與同語意按鈕比對，不能只按 style 名稱批量替換。,"Button(role: .destructive, action: onDelete) { Image(systemName: SailuneSymbol.delete.systemName) }.buttonStyle(.plain)",56d6e74db71d1f38bec544e5cd1377ee3ef4a4857210d7e3dc6c598330fbc43d
V9-0255,field,Sailune/CharacterHistoryViews.swift,530,13,SailuneFormTextField(,已共用,引用或定義共用欄位；焦點、組字及內距仍需代表畫面驗收。,"SailuneFormTextField(title: ""描述"", text: $history.descriptionText)",56d6e74db71d1f38bec544e5cd1377ee3ef4a4857210d7e3dc6c598330fbc43d
V9-0256,copy,Sailune/CharacterHistoryViews.swift,569,40,"Text(""",合理例外,靜態欄名或領域內容；非可執行操作文案，保留畫面語境。,"if histories.isEmpty { Text(""尚無歷史紀錄"").foregroundStyle(.secondary) }",56d6e74db71d1f38bec544e5cd1377ee3ef4a4857210d7e3dc6c598330fbc43d
V9-0257,button,Sailune/CharacterHistoryViews.swift,573,17,Button(,待共用,原生 Button；須按動作角色、位置、命中與資料 action 判定共用外殼或具名例外。,"Button(""新增歷史"", systemImage: SailuneSymbol.add.systemName, action: addHistory)",56d6e74db71d1f38bec544e5cd1377ee3ef4a4857210d7e3dc6c598330fbc43d
V9-0258,copy,Sailune/CharacterHistoryViews.swift,573,17,"Button(""",待共用,直接 Button／Label／Menu 文案；需與同功能操作名稱及例外對照。,"Button(""新增歷史"", systemImage: SailuneSymbol.add.systemName, action: addHistory)",56d6e74db71d1f38bec544e5cd1377ee3ef4a4857210d7e3dc6c598330fbc43d
V9-0259,symbol,Sailune/CharacterHistoryViews.swift,573,45,SailuneSymbol.add,已共用,使用或定義語意圖標 key；原字形由集中表提供。,"Button(""新增歷史"", systemImage: SailuneSymbol.add.systemName, action: addHistory)",56d6e74db71d1f38bec544e5cd1377ee3ef4a4857210d7e3dc6c598330fbc43d
V9-0260,symbol,Sailune/CharacterHistoryViews.swift,600,156,"systemImage: ""person.2""",待共用,直接 SF Symbol 字串；須依實際操作或資料語意分類。,"Label(history.relatedCharacters.isEmpty ? ""關聯角色（選填）"" : ""關聯角色：\(history.relatedCharacters.map { $0.realName }.joined(separator: ""、""))"", systemImage: ""person.2"")",56d6e74db71d1f38bec544e5cd1377ee3ef4a4857210d7e3dc6c598330fbc43d
V9-0261,button,Sailune/CharacterHistoryViews.swift,602,17,Button(,待共用,原生 Button；須按動作角色、位置、命中與資料 action 判定共用外殼或具名例外。,"Button(role: .destructive, action: onDelete) { Image(systemName: SailuneSymbol.delete.systemName) }.buttonStyle(.plain)",56d6e74db71d1f38bec544e5cd1377ee3ef4a4857210d7e3dc6c598330fbc43d
V9-0262,symbol,Sailune/CharacterHistoryViews.swift,602,82,SailuneSymbol.delete,已共用,使用或定義語意圖標 key；原字形由集中表提供。,"Button(role: .destructive, action: onDelete) { Image(systemName: SailuneSymbol.delete.systemName) }.buttonStyle(.plain)",56d6e74db71d1f38bec544e5cd1377ee3ef4a4857210d7e3dc6c598330fbc43d
V9-0263,button_style,Sailune/CharacterHistoryViews.swift,602,116,.buttonStyle(,待共用,原生樣式；需與同語意按鈕比對，不能只按 style 名稱批量替換。,"Button(role: .destructive, action: onDelete) { Image(systemName: SailuneSymbol.delete.systemName) }.buttonStyle(.plain)",56d6e74db71d1f38bec544e5cd1377ee3ef4a4857210d7e3dc6c598330fbc43d
V9-0264,editor,Sailune/CharacterHistoryViews.swift,604,13,InsetTextEditor(,已共用,引用或定義共用多行編輯器；V9.1am 首行安全距仍待 U 核定。,"InsetTextEditor(text: $history.content, minHeight: 72)",56d6e74db71d1f38bec544e5cd1377ee3ef4a4857210d7e3dc6c598330fbc43d
V9-0265,copy,Sailune/CharacterHistoryViews.swift,606,17,"Label(""",待共用,直接 Button／Label／Menu 文案；需與同功能操作名稱及例外對照。,"Label(""歷史描述不可空白"", systemImage: SailuneSymbol.requirementNotice.systemName)",56d6e74db71d1f38bec544e5cd1377ee3ef4a4857210d7e3dc6c598330fbc43d
V9-0266,symbol,Sailune/CharacterHistoryViews.swift,606,48,SailuneSymbol.requirementNotice,已共用,使用或定義語意圖標 key；原字形由集中表提供。,"Label(""歷史描述不可空白"", systemImage: SailuneSymbol.requirementNotice.systemName)",56d6e74db71d1f38bec544e5cd1377ee3ef4a4857210d7e3dc6c598330fbc43d
V9-0267,surface,Sailune/CharacterHistoryViews.swift,612,9,.background(,待共用,直接背景或色值；需判定表面用途與既有 token 是否相同。,".background(SailuneTheme.subtleSurface, in: RoundedRectangle(cornerRadius: 8))",56d6e74db71d1f38bec544e5cd1377ee3ef4a4857210d7e3dc6c598330fbc43d
V9-0268,surface,Sailune/CharacterHistoryViews.swift,612,21,SailuneTheme.,已共用,引用或定義語意色彩 token；形狀與疊層仍需檢查。,".background(SailuneTheme.subtleSurface, in: RoundedRectangle(cornerRadius: 8))",56d6e74db71d1f38bec544e5cd1377ee3ef4a4857210d7e3dc6c598330fbc43d
V9-0269,field,Sailune/CharacterHistoryViews.swift,636,13,SailuneFormTextField(,已共用,引用或定義共用欄位；焦點、組字及內距仍需代表畫面驗收。,"SailuneFormTextField(title: ""自由文字紀錄"", text: $history.content)",56d6e74db71d1f38bec544e5cd1377ee3ef4a4857210d7e3dc6c598330fbc43d
V9-0270,button,Sailune/CharacterHistoryViews.swift,640,13,Button(,待共用,原生 Button；須按動作角色、位置、命中與資料 action 判定共用外殼或具名例外。,"Button(role: .destructive, action: onDelete) { Image(systemName: SailuneSymbol.delete.systemName) }.buttonStyle(.plain)",56d6e74db71d1f38bec544e5cd1377ee3ef4a4857210d7e3dc6c598330fbc43d
V9-0271,symbol,Sailune/CharacterHistoryViews.swift,640,78,SailuneSymbol.delete,已共用,使用或定義語意圖標 key；原字形由集中表提供。,"Button(role: .destructive, action: onDelete) { Image(systemName: SailuneSymbol.delete.systemName) }.buttonStyle(.plain)",56d6e74db71d1f38bec544e5cd1377ee3ef4a4857210d7e3dc6c598330fbc43d
V9-0272,button_style,Sailune/CharacterHistoryViews.swift,640,112,.buttonStyle(,待共用,原生樣式；需與同語意按鈕比對，不能只按 style 名稱批量替換。,"Button(role: .destructive, action: onDelete) { Image(systemName: SailuneSymbol.delete.systemName) }.buttonStyle(.plain)",56d6e74db71d1f38bec544e5cd1377ee3ef4a4857210d7e3dc6c598330fbc43d
V9-0273,field,Sailune/CharacterHistoryViews.swift,674,17,SailuneFormTextField(,已共用,引用或定義共用欄位；焦點、組字及內距仍需代表畫面驗收。,"SailuneFormTextField(title: ""關係"", text: $history.type)",56d6e74db71d1f38bec544e5cd1377ee3ef4a4857210d7e3dc6c598330fbc43d
V9-0274,button,Sailune/CharacterHistoryViews.swift,678,17,Button(,待共用,原生 Button；須按動作角色、位置、命中與資料 action 判定共用外殼或具名例外。,"Button(role: .destructive, action: onDelete) { Image(systemName: SailuneSymbol.delete.systemName) }.buttonStyle(.plain)",56d6e74db71d1f38bec544e5cd1377ee3ef4a4857210d7e3dc6c598330fbc43d
V9-0275,symbol,Sailune/CharacterHistoryViews.swift,678,82,SailuneSymbol.delete,已共用,使用或定義語意圖標 key；原字形由集中表提供。,"Button(role: .destructive, action: onDelete) { Image(systemName: SailuneSymbol.delete.systemName) }.buttonStyle(.plain)",56d6e74db71d1f38bec544e5cd1377ee3ef4a4857210d7e3dc6c598330fbc43d
V9-0276,button_style,Sailune/CharacterHistoryViews.swift,678,116,.buttonStyle(,待共用,原生樣式；需與同語意按鈕比對，不能只按 style 名稱批量替換。,"Button(role: .destructive, action: onDelete) { Image(systemName: SailuneSymbol.delete.systemName) }.buttonStyle(.plain)",56d6e74db71d1f38bec544e5cd1377ee3ef4a4857210d7e3dc6c598330fbc43d
V9-0277,field,Sailune/CharacterHistoryViews.swift,680,13,SailuneFormTextField(,已共用,引用或定義共用欄位；焦點、組字及內距仍需代表畫面驗收。,"SailuneFormTextField(title: ""備註"", text: $history.note)",56d6e74db71d1f38bec544e5cd1377ee3ef4a4857210d7e3dc6c598330fbc43d
V9-0278,button,Sailune/CharacterHistoryViews.swift,692,13,Button(,待共用,原生 Button；須按動作角色、位置、命中與資料 action 判定共用外殼或具名例外。,"Button(action: add) { Label(addTitle, systemImage: SailuneSymbol.add.systemName) }.buttonStyle(.borderless)",56d6e74db71d1f38bec544e5cd1377ee3ef4a4857210d7e3dc6c598330fbc43d
V9-0279,symbol,Sailune/CharacterHistoryViews.swift,692,64,SailuneSymbol.add,已共用,使用或定義語意圖標 key；原字形由集中表提供。,"Button(action: add) { Label(addTitle, systemImage: SailuneSymbol.add.systemName) }.buttonStyle(.borderless)",56d6e74db71d1f38bec544e5cd1377ee3ef4a4857210d7e3dc6c598330fbc43d
V9-0280,button_style,Sailune/CharacterHistoryViews.swift,692,95,.buttonStyle(,待共用,原生樣式；需與同語意按鈕比對，不能只按 style 名稱批量替換。,"Button(action: add) { Label(addTitle, systemImage: SailuneSymbol.add.systemName) }.buttonStyle(.borderless)",56d6e74db71d1f38bec544e5cd1377ee3ef4a4857210d7e3dc6c598330fbc43d
V9-0281,failure_path,Sailune/CharacterInspectorViews.swift,44,19,catch,待共用,失敗分支或可選錯誤；需核對主要結果、次要錯誤記錄與恢復契約。,} catch {,53392d39232ca4f3fa1347889338df8880f5a6dbf8f71c7e1dd8f25a04650f0a
V9-0282,dialog,Sailune/CharacterInspectorViews.swift,50,13,.alert(,待共用,原生呈現入口；需按確認、錯誤、取消及資料後果分組，僅呈現外殼可共用。,.alert(,53392d39232ca4f3fa1347889338df8880f5a6dbf8f71c7e1dd8f25a04650f0a
V9-0283,button,Sailune/CharacterInspectorViews.swift,57,17,Button(,待共用,原生 Button；須按動作角色、位置、命中與資料 action 判定共用外殼或具名例外。,"Button(SailuneActionCopy.acknowledge, role: .cancel) { deletionErrorMessage = nil }",53392d39232ca4f3fa1347889338df8880f5a6dbf8f71c7e1dd8f25a04650f0a
V9-0284,copy,Sailune/CharacterInspectorViews.swift,57,24,SailuneActionCopy.acknowledge,已共用,使用或定義集中操作文案。,"Button(SailuneActionCopy.acknowledge, role: .cancel) { deletionErrorMessage = nil }",53392d39232ca4f3fa1347889338df8880f5a6dbf8f71c7e1dd8f25a04650f0a
V9-0285,field,Sailune/CharacterInspectorViews.swift,131,13,SailuneSearchField(,已共用,引用或定義共用欄位；焦點、組字及內距仍需代表畫面驗收。,"SailuneSearchField(placeholder: ""搜尋角色"", text: $searchText)",53392d39232ca4f3fa1347889338df8880f5a6dbf8f71c7e1dd8f25a04650f0a
V9-0286,button,Sailune/CharacterInspectorViews.swift,154,29,Button(,待共用,原生 Button；須按動作角色、位置、命中與資料 action 判定共用外殼或具名例外。,Button(role: .destructive) { deleteTarget = character } label: {,53392d39232ca4f3fa1347889338df8880f5a6dbf8f71c7e1dd8f25a04650f0a
V9-0287,copy,Sailune/CharacterInspectorViews.swift,155,39,SailuneActionCopy.delete,已共用,使用或定義集中操作文案。,"Label(SailuneActionCopy.delete, systemImage: SailuneSymbol.delete.systemName)",53392d39232ca4f3fa1347889338df8880f5a6dbf8f71c7e1dd8f25a04650f0a
V9-0288,symbol,Sailune/CharacterInspectorViews.swift,155,78,SailuneSymbol.delete,已共用,使用或定義語意圖標 key；原字形由集中表提供。,"Label(SailuneActionCopy.delete, systemImage: SailuneSymbol.delete.systemName)",53392d39232ca4f3fa1347889338df8880f5a6dbf8f71c7e1dd8f25a04650f0a
V9-0289,surface,Sailune/CharacterInspectorViews.swift,163,13,.background(,待共用,直接背景或色值；需判定表面用途與既有 token 是否相同。,.background(Color.workspacePanelBackground),53392d39232ca4f3fa1347889338df8880f5a6dbf8f71c7e1dd8f25a04650f0a
V9-0290,button,Sailune/CharacterInspectorViews.swift,166,13,Button(,待共用,原生 Button；須按動作角色、位置、命中與資料 action 判定共用外殼或具名例外。,Button(action: onAdd) {,53392d39232ca4f3fa1347889338df8880f5a6dbf8f71c7e1dd8f25a04650f0a
V9-0291,copy,Sailune/CharacterInspectorViews.swift,167,17,"Label(""",待共用,直接 Button／Label／Menu 文案；需與同功能操作名稱及例外對照。,"Label(""新增角色"", systemImage: SailuneSymbol.addCircleFilled.systemName)",53392d39232ca4f3fa1347889338df8880f5a6dbf8f71c7e1dd8f25a04650f0a
V9-0292,symbol,Sailune/CharacterInspectorViews.swift,167,44,SailuneSymbol.addCircleFilled,已共用,使用或定義語意圖標 key；原字形由集中表提供。,"Label(""新增角色"", systemImage: SailuneSymbol.addCircleFilled.systemName)",53392d39232ca4f3fa1347889338df8880f5a6dbf8f71c7e1dd8f25a04650f0a
V9-0293,button_style,Sailune/CharacterInspectorViews.swift,171,13,.buttonStyle(,待共用,原生樣式；需與同語意按鈕比對，不能只按 style 名稱批量替換。,.buttonStyle(.plain),53392d39232ca4f3fa1347889338df8880f5a6dbf8f71c7e1dd8f25a04650f0a
V9-0294,surface,Sailune/CharacterInspectorViews.swift,172,13,.background(,待共用,直接背景或色值；需判定表面用途與既有 token 是否相同。,.background(Color.accentColor.opacity(0.1)),53392d39232ca4f3fa1347889338df8880f5a6dbf8f71c7e1dd8f25a04650f0a
V9-0295,dialog,Sailune/CharacterInspectorViews.swift,174,9,.alert(,待共用,原生呈現入口；需按確認、錯誤、取消及資料後果分組，僅呈現外殼可共用。,.alert(,53392d39232ca4f3fa1347889338df8880f5a6dbf8f71c7e1dd8f25a04650f0a
V9-0296,button,Sailune/CharacterInspectorViews.swift,182,13,Button(,待共用,原生 Button；須按動作角色、位置、命中與資料 action 判定共用外殼或具名例外。,"Button(SailuneActionCopy.cancel, role: .cancel) { deleteTarget = nil }",53392d39232ca4f3fa1347889338df8880f5a6dbf8f71c7e1dd8f25a04650f0a
V9-0297,copy,Sailune/CharacterInspectorViews.swift,182,20,SailuneActionCopy.cancel,已共用,使用或定義集中操作文案。,"Button(SailuneActionCopy.cancel, role: .cancel) { deleteTarget = nil }",53392d39232ca4f3fa1347889338df8880f5a6dbf8f71c7e1dd8f25a04650f0a
V9-0298,button,Sailune/CharacterInspectorViews.swift,183,13,Button(,待共用,原生 Button；須按動作角色、位置、命中與資料 action 判定共用外殼或具名例外。,"Button(SailuneActionCopy.delete, role: .destructive) {",53392d39232ca4f3fa1347889338df8880f5a6dbf8f71c7e1dd8f25a04650f0a
V9-0299,copy,Sailune/CharacterInspectorViews.swift,183,20,SailuneActionCopy.delete,已共用,使用或定義集中操作文案。,"Button(SailuneActionCopy.delete, role: .destructive) {",53392d39232ca4f3fa1347889338df8880f5a6dbf8f71c7e1dd8f25a04650f0a
V9-0300,copy,Sailune/CharacterInspectorViews.swift,188,13,"Text(""",合理例外,靜態欄名或領域內容；非可執行操作文案，保留畫面語境。,"Text(""將刪除「\(character.realName.isEmpty ? ""未命名角色"" : character.realName)」的設定、關係與事件關聯；正文文字會保留，但角色連結會解除。此操作無法復原。"")",53392d39232ca4f3fa1347889338df8880f5a6dbf8f71c7e1dd8f25a04650f0a
V9-0301,button_style,Sailune/CharacterInspectorViews.swift,203,13,.buttonStyle(,待共用,原生樣式；需與同語意按鈕比對，不能只按 style 名稱批量替換。,.buttonStyle(.plain),53392d39232ca4f3fa1347889338df8880f5a6dbf8f71c7e1dd8f25a04650f0a
V9-0302,button,Sailune/CharacterInspectorViews.swift,216,13,Button(,待共用,原生 Button；須按動作角色、位置、命中與資料 action 判定共用外殼或具名例外。,"Button(SailuneActionCopy.delete, role: .destructive, action: onDelete)",53392d39232ca4f3fa1347889338df8880f5a6dbf8f71c7e1dd8f25a04650f0a
V9-0303,copy,Sailune/CharacterInspectorViews.swift,216,20,SailuneActionCopy.delete,已共用,使用或定義集中操作文案。,"Button(SailuneActionCopy.delete, role: .destructive, action: onDelete)",53392d39232ca4f3fa1347889338df8880f5a6dbf8f71c7e1dd8f25a04650f0a
V9-0304,button_style,Sailune/CharacterInspectorViews.swift,217,17,.buttonStyle(,待共用,原生樣式；需與同語意按鈕比對，不能只按 style 名稱批量替換。,.buttonStyle(.plain),53392d39232ca4f3fa1347889338df8880f5a6dbf8f71c7e1dd8f25a04650f0a
V9-0305,button,Sailune/CharacterInspectorViews.swift,288,17,Button(,待共用,原生 Button；須按動作角色、位置、命中與資料 action 判定共用外殼或具名例外。,Button(action: onBack) {,53392d39232ca4f3fa1347889338df8880f5a6dbf8f71c7e1dd8f25a04650f0a
V9-0306,copy,Sailune/CharacterInspectorViews.swift,289,21,"Label(""",待共用,直接 Button／Label／Menu 文案；需與同功能操作名稱及例外對照。,"Label(""返回列表"", systemImage: SailuneSymbol.back.systemName)",53392d39232ca4f3fa1347889338df8880f5a6dbf8f71c7e1dd8f25a04650f0a
V9-0307,symbol,Sailune/CharacterInspectorViews.swift,289,48,SailuneSymbol.back,已共用,使用或定義語意圖標 key；原字形由集中表提供。,"Label(""返回列表"", systemImage: SailuneSymbol.back.systemName)",53392d39232ca4f3fa1347889338df8880f5a6dbf8f71c7e1dd8f25a04650f0a
V9-0308,button_style,Sailune/CharacterInspectorViews.swift,292,17,.buttonStyle(,待共用,原生樣式；需與同語意按鈕比對，不能只按 style 名稱批量替換。,.buttonStyle(.plain),53392d39232ca4f3fa1347889338df8880f5a6dbf8f71c7e1dd8f25a04650f0a
V9-0309,surface,Sailune/CharacterInspectorViews.swift,296,13,.background(,待共用,直接背景或色值；需判定表面用途與既有 token 是否相同。,.background(Color(nsColor: .controlBackgroundColor)),53392d39232ca4f3fa1347889338df8880f5a6dbf8f71c7e1dd8f25a04650f0a
V9-0310,symbol,Sailune/CharacterInspectorViews.swift,304,47,SailuneSymbol.warning,已共用,使用或定義語意圖標 key；原字形由集中表提供。,Image(systemName: SailuneSymbol.warning.systemName),53392d39232ca4f3fa1347889338df8880f5a6dbf8f71c7e1dd8f25a04650f0a
V9-0311,symbol,Sailune/CharacterInspectorViews.swift,311,51,SailuneSymbol.close,已共用,使用或定義語意圖標 key；原字形由集中表提供。,Image(systemName: SailuneSymbol.close.systemName),53392d39232ca4f3fa1347889338df8880f5a6dbf8f71c7e1dd8f25a04650f0a
V9-0312,button_style,Sailune/CharacterInspectorViews.swift,313,29,.buttonStyle(,待共用,原生樣式；需與同語意按鈕比對，不能只按 style 名稱批量替換。,.buttonStyle(.plain),53392d39232ca4f3fa1347889338df8880f5a6dbf8f71c7e1dd8f25a04650f0a
V9-0313,surface,Sailune/CharacterInspectorViews.swift,316,25,.background(,待共用,直接背景或色值；需判定表面用途與既有 token 是否相同。,".background(Color.orange.opacity(0.1), in: RoundedRectangle(cornerRadius: 8))",53392d39232ca4f3fa1347889338df8880f5a6dbf8f71c7e1dd8f25a04650f0a
V9-0314,symbol,Sailune/CharacterInspectorViews.swift,329,47,"systemImage: ""text.quote""",待共用,直接 SF Symbol 字串；須依實際操作或資料語意分類。,"staticDetailSection(""摘要"", systemImage: ""text.quote"") {",53392d39232ca4f3fa1347889338df8880f5a6dbf8f71c7e1dd8f25a04650f0a
V9-0315,symbol,Sailune/CharacterInspectorViews.swift,333,43,"systemImage: ""person.text.rectangle""",待共用,直接 SF Symbol 字串；須依實際操作或資料語意分類。,"detailSection(""基本資訊"", systemImage: ""person.text.rectangle"", preview: basicInfoSummary) {",53392d39232ca4f3fa1347889338df8880f5a6dbf8f71c7e1dd8f25a04650f0a
V9-0316,copy,Sailune/CharacterInspectorViews.swift,343,33,"Text(""",合理例外,靜態欄名或領域內容；非可執行操作文案，保留畫面語境。,"Text(""未設定"").tag(""未設定"")",53392d39232ca4f3fa1347889338df8880f5a6dbf8f71c7e1dd8f25a04650f0a
V9-0317,copy,Sailune/CharacterInspectorViews.swift,344,33,"Text(""",合理例外,靜態欄名或領域內容；非可執行操作文案，保留畫面語境。,"Text(""男"").tag(""男"")",53392d39232ca4f3fa1347889338df8880f5a6dbf8f71c7e1dd8f25a04650f0a
V9-0318,copy,Sailune/CharacterInspectorViews.swift,345,33,"Text(""",合理例外,靜態欄名或領域內容；非可執行操作文案，保留畫面語境。,"Text(""女"").tag(""女"")",53392d39232ca4f3fa1347889338df8880f5a6dbf8f71c7e1dd8f25a04650f0a
V9-0319,field,Sailune/CharacterInspectorViews.swift,362,25,TextField(,待共用,原生欄位；需檢查數值、焦點、提交與多行等專用契約。,"TextField(""出身 (家族/地位)"", text: Binding(",53392d39232ca4f3fa1347889338df8880f5a6dbf8f71c7e1dd8f25a04650f0a
V9-0320,copy,Sailune/CharacterInspectorViews.swift,368,25,"Text(""",合理例外,靜態欄名或領域內容；非可執行操作文案，保留畫面語境。,"Text(""來歷"").font(.caption).foregroundStyle(.secondary)",53392d39232ca4f3fa1347889338df8880f5a6dbf8f71c7e1dd8f25a04650f0a
V9-0321,editor,Sailune/CharacterInspectorViews.swift,369,25,InsetTextEditor(,已共用,引用或定義共用多行編輯器；V9.1am 首行安全距仍待 U 核定。,InsetTextEditor(text: Binding(,53392d39232ca4f3fa1347889338df8880f5a6dbf8f71c7e1dd8f25a04650f0a
V9-0322,symbol,Sailune/CharacterInspectorViews.swift,376,43,"systemImage: ""building.2""",待共用,直接 SF Symbol 字串；須依實際操作或資料語意分類。,"detailSection(""所屬勢力"", systemImage: ""building.2"", preview: latestPowerMembershipPreview) {",53392d39232ca4f3fa1347889338df8880f5a6dbf8f71c7e1dd8f25a04650f0a
V9-0323,symbol,Sailune/CharacterInspectorViews.swift,380,41,"systemImage: ""person.badge.key""",待共用,直接 SF Symbol 字串；須依實際操作或資料語意分類。,"detailSection(""別名"", systemImage: ""person.badge.key"", preview: latestAliasPreview) {",53392d39232ca4f3fa1347889338df8880f5a6dbf8f71c7e1dd8f25a04650f0a
V9-0324,symbol,Sailune/CharacterInspectorViews.swift,386,54,SailuneSymbol.ability,已共用,使用或定義語意圖標 key；原字形由集中表提供。,"detailSection(""能力"", systemImage: SailuneSymbol.ability.systemName, preview: latestAbilityPreview) {",53392d39232ca4f3fa1347889338df8880f5a6dbf8f71c7e1dd8f25a04650f0a
V9-0325,symbol,Sailune/CharacterInspectorViews.swift,390,41,"systemImage: ""person.crop.rectangle""",待共用,直接 SF Symbol 字串；須依實際操作或資料語意分類。,"detailSection(""外觀"", systemImage: ""person.crop.rectangle"", preview: latestAppearancePreview) {",53392d39232ca4f3fa1347889338df8880f5a6dbf8f71c7e1dd8f25a04650f0a
V9-0326,symbol,Sailune/CharacterInspectorViews.swift,394,41,"systemImage: ""brain.head.profile""",待共用,直接 SF Symbol 字串；須依實際操作或資料語意分類。,"detailSection(""心理"", systemImage: ""brain.head.profile"", preview: latestPsychologyPreview) {",53392d39232ca4f3fa1347889338df8880f5a6dbf8f71c7e1dd8f25a04650f0a
V9-0327,symbol,Sailune/CharacterInspectorViews.swift,398,54,SailuneSymbol.item,已共用,使用或定義語意圖標 key；原字形由集中表提供。,"detailSection(""物品"", systemImage: SailuneSymbol.item.systemName, preview: latestItemPreview) {",53392d39232ca4f3fa1347889338df8880f5a6dbf8f71c7e1dd8f25a04650f0a
V9-0328,symbol,Sailune/CharacterInspectorViews.swift,402,54,SailuneSymbol.relationship,已共用,使用或定義語意圖標 key；原字形由集中表提供。,"detailSection(""關係"", systemImage: SailuneSymbol.relationship.systemName, preview: latestRelationshipPreview) {",53392d39232ca4f3fa1347889338df8880f5a6dbf8f71c7e1dd8f25a04650f0a
V9-0329,button,Sailune/CharacterInspectorViews.swift,403,25,Button(,待共用,原生 Button；須按動作角色、位置、命中與資料 action 判定共用外殼或具名例外。,Button(action: onShowGraph) {,53392d39232ca4f3fa1347889338df8880f5a6dbf8f71c7e1dd8f25a04650f0a
V9-0330,copy,Sailune/CharacterInspectorViews.swift,404,29,"Label(""",待共用,直接 Button／Label／Menu 文案；需與同功能操作名稱及例外對照。,"Label(""開啟關係網"", systemImage: SailuneSymbol.relationship.systemName)",53392d39232ca4f3fa1347889338df8880f5a6dbf8f71c7e1dd8f25a04650f0a
V9-0331,symbol,Sailune/CharacterInspectorViews.swift,404,57,SailuneSymbol.relationship,已共用,使用或定義語意圖標 key；原字形由集中表提供。,"Label(""開啟關係網"", systemImage: SailuneSymbol.relationship.systemName)",53392d39232ca4f3fa1347889338df8880f5a6dbf8f71c7e1dd8f25a04650f0a
V9-0332,button_style,Sailune/CharacterInspectorViews.swift,407,25,.buttonStyle(,待共用,原生樣式；需與同語意按鈕比對，不能只按 style 名稱批量替換。,.buttonStyle(.bordered),53392d39232ca4f3fa1347889338df8880f5a6dbf8f71c7e1dd8f25a04650f0a
V9-0333,symbol,Sailune/CharacterInspectorViews.swift,410,41,"systemImage: ""calendar.badge.clock""",待共用,直接 SF Symbol 字串；須依實際操作或資料語意分類。,"detailSection(""事件"", systemImage: ""calendar.badge.clock"", preview: latestEventPreview) {",53392d39232ca4f3fa1347889338df8880f5a6dbf8f71c7e1dd8f25a04650f0a
V9-0334,copy,Sailune/CharacterInspectorViews.swift,425,21,"Text(""",合理例外,靜態欄名或領域內容；非可執行操作文案，保留畫面語境。,"Text(""角色真名"")",53392d39232ca4f3fa1347889338df8880f5a6dbf8f71c7e1dd8f25a04650f0a
V9-0335,field,Sailune/CharacterInspectorViews.swift,430,17,CompositionAwareTextField(,合理例外,角色名稱專用 AppKit 組字欄；有獨立組字及焦點契約。,CompositionAwareTextField(,53392d39232ca4f3fa1347889338df8880f5a6dbf8f71c7e1dd8f25a04650f0a
V9-0336,field,Sailune/CharacterInspectorViews.swift,448,13,TextField(,待共用,原生欄位；需檢查數值、焦點、提交與多行等專用契約。,"TextField(""角色定位，例如：男主角"", text: roleBinding)",53392d39232ca4f3fa1347889338df8880f5a6dbf8f71c7e1dd8f25a04650f0a
V9-0337,failure_path,Sailune/CharacterInspectorViews.swift,490,15,catch,待共用,失敗分支或可選錯誤；需核對主要結果、次要錯誤記錄與恢復契約。,} catch {,53392d39232ca4f3fa1347889338df8880f5a6dbf8f71c7e1dd8f25a04650f0a
V9-0338,failure_path,Sailune/CharacterInspectorViews.swift,512,11,catch,待共用,失敗分支或可選錯誤；需核對主要結果、次要錯誤記錄與恢復契約。,} catch {,53392d39232ca4f3fa1347889338df8880f5a6dbf8f71c7e1dd8f25a04650f0a
V9-0339,failure_path,Sailune/CharacterInspectorViews.swift,526,15,catch,待共用,失敗分支或可選錯誤；需核對主要結果、次要錯誤記錄與恢復契約。,} catch {,53392d39232ca4f3fa1347889338df8880f5a6dbf8f71c7e1dd8f25a04650f0a
V9-0340,failure_path,Sailune/CharacterInspectorViews.swift,545,11,catch,待共用,失敗分支或可選錯誤；需核對主要結果、次要錯誤記錄與恢復契約。,} catch {,53392d39232ca4f3fa1347889338df8880f5a6dbf8f71c7e1dd8f25a04650f0a
V9-0341,editor,Sailune/CharacterInspectorViews.swift,679,13,InsetTextEditor(,已共用,引用或定義共用多行編輯器；V9.1am 首行安全距仍待 U 核定。,InsetTextEditor(text: Binding(,53392d39232ca4f3fa1347889338df8880f5a6dbf8f71c7e1dd8f25a04650f0a
V9-0342,field,Sailune/CharacterInspectorViews.swift,725,21,SailuneFormTextField(,已共用,引用或定義共用欄位；焦點、組字及內距仍需代表畫面驗收。,"SailuneFormTextField(title: ""職稱"", text: titleBinding(member))",53392d39232ca4f3fa1347889338df8880f5a6dbf8f71c7e1dd8f25a04650f0a
V9-0343,button,Sailune/CharacterInspectorViews.swift,726,21,Button(,待共用,原生 Button；須按動作角色、位置、命中與資料 action 判定共用外殼或具名例外。,"Button(SailuneActionCopy.delete, role: .destructive) {",53392d39232ca4f3fa1347889338df8880f5a6dbf8f71c7e1dd8f25a04650f0a
V9-0344,copy,Sailune/CharacterInspectorViews.swift,726,28,SailuneActionCopy.delete,已共用,使用或定義集中操作文案。,"Button(SailuneActionCopy.delete, role: .destructive) {",53392d39232ca4f3fa1347889338df8880f5a6dbf8f71c7e1dd8f25a04650f0a
V9-0345,button_style,Sailune/CharacterInspectorViews.swift,729,21,.buttonStyle(,待共用,原生樣式；需與同語意按鈕比對，不能只按 style 名稱批量替換。,.buttonStyle(.plain),53392d39232ca4f3fa1347889338df8880f5a6dbf8f71c7e1dd8f25a04650f0a
V9-0346,button,Sailune/CharacterInspectorViews.swift,734,21,Button(,待共用,原生 Button；須按動作角色、位置、命中與資料 action 判定共用外殼或具名例外。,"Button(power.name.isEmpty ? ""未命名勢力"" : power.name) {",53392d39232ca4f3fa1347889338df8880f5a6dbf8f71c7e1dd8f25a04650f0a
V9-0347,copy,Sailune/CharacterInspectorViews.swift,739,17,"Label(""",待共用,直接 Button／Label／Menu 文案；需與同功能操作名稱及例外對照。,"Label(""新增所屬勢力"", systemImage: SailuneSymbol.add.systemName)",53392d39232ca4f3fa1347889338df8880f5a6dbf8f71c7e1dd8f25a04650f0a
V9-0348,symbol,Sailune/CharacterInspectorViews.swift,739,46,SailuneSymbol.add,已共用,使用或定義語意圖標 key；原字形由集中表提供。,"Label(""新增所屬勢力"", systemImage: SailuneSymbol.add.systemName)",53392d39232ca4f3fa1347889338df8880f5a6dbf8f71c7e1dd8f25a04650f0a
V9-0349,dialog,Sailune/CharacterInspectorViews.swift,744,9,.alert(,待共用,原生呈現入口；需按確認、錯誤、取消及資料後果分組，僅呈現外殼可共用。,".alert(""無法更新所屬勢力"", isPresented: Binding(",53392d39232ca4f3fa1347889338df8880f5a6dbf8f71c7e1dd8f25a04650f0a
V9-0350,button,Sailune/CharacterInspectorViews.swift,748,13,Button(,待共用,原生 Button；須按動作角色、位置、命中與資料 action 判定共用外殼或具名例外。,"Button(SailuneActionCopy.acknowledge, role: .cancel) { errorMessage = nil }",53392d39232ca4f3fa1347889338df8880f5a6dbf8f71c7e1dd8f25a04650f0a
V9-0351,copy,Sailune/CharacterInspectorViews.swift,748,20,SailuneActionCopy.acknowledge,已共用,使用或定義集中操作文案。,"Button(SailuneActionCopy.acknowledge, role: .cancel) { errorMessage = nil }",53392d39232ca4f3fa1347889338df8880f5a6dbf8f71c7e1dd8f25a04650f0a
V9-0352,failure_path,Sailune/CharacterInspectorViews.swift,760,17,catch,待共用,失敗分支或可選錯誤；需核對主要結果、次要錯誤記錄與恢復契約。,catch { errorMessage = error.localizedDescription },53392d39232ca4f3fa1347889338df8880f5a6dbf8f71c7e1dd8f25a04650f0a
V9-0353,failure_path,Sailune/CharacterInspectorViews.swift,770,17,catch,待共用,失敗分支或可選錯誤；需核對主要結果、次要錯誤記錄與恢復契約。,catch { errorMessage = error.localizedDescription },53392d39232ca4f3fa1347889338df8880f5a6dbf8f71c7e1dd8f25a04650f0a
V9-0354,failure_path,Sailune/CharacterInspectorViews.swift,784,11,catch,待共用,失敗分支或可選錯誤；需核對主要結果、次要錯誤記錄與恢復契約。,} catch {,53392d39232ca4f3fa1347889338df8880f5a6dbf8f71c7e1dd8f25a04650f0a
V9-0355,copy,Sailune/CharacterInspectorViews.swift,810,17,"Label(""",待共用,直接 Button／Label／Menu 文案；需與同功能操作名稱及例外對照。,"Label(""正文引用"", systemImage: ""link"")",53392d39232ca4f3fa1347889338df8880f5a6dbf8f71c7e1dd8f25a04650f0a
V9-0356,symbol,Sailune/CharacterInspectorViews.swift,810,31,"systemImage: ""link""",待共用,直接 SF Symbol 字串；須依實際操作或資料語意分類。,"Label(""正文引用"", systemImage: ""link"")",53392d39232ca4f3fa1347889338df8880f5a6dbf8f71c7e1dd8f25a04650f0a
V9-0357,button_style,Sailune/CharacterInspectorViews.swift,818,17,.buttonStyle(,待共用,原生樣式；需與同語意按鈕比對，不能只按 style 名稱批量替換。,.buttonStyle(.plain),53392d39232ca4f3fa1347889338df8880f5a6dbf8f71c7e1dd8f25a04650f0a
V9-0358,accessibility,Sailune/CharacterInspectorViews.swift,819,17,.help(,待共用,直接提示或輔助描述；需核對同操作名稱及可點擊對象。,".help(isCollapsed ? ""展開正文引用"" : ""收合正文引用"")",53392d39232ca4f3fa1347889338df8880f5a6dbf8f71c7e1dd8f25a04650f0a
V9-0359,copy,Sailune/CharacterInspectorViews.swift,822,17,"Text(""",合理例外,靜態欄名或領域內容；非可執行操作文案，保留畫面語境。,"Text(""尚未在正文中找到此角色"")",53392d39232ca4f3fa1347889338df8880f5a6dbf8f71c7e1dd8f25a04650f0a
V9-0360,copy,Sailune/CharacterInspectorViews.swift,832,29,"Text(""",合理例外,靜態欄名或領域內容；非可執行操作文案，保留畫面語境。,"Text(""可能提及"")",53392d39232ca4f3fa1347889338df8880f5a6dbf8f71c7e1dd8f25a04650f0a
V9-0361,surface,Sailune/CharacterInspectorViews.swift,849,9,.background(,待共用,直接背景或色值；需判定表面用途與既有 token 是否相同。,".background(SailuneTheme.subtleSurface, in: RoundedRectangle(cornerRadius: 8))",53392d39232ca4f3fa1347889338df8880f5a6dbf8f71c7e1dd8f25a04650f0a
V9-0362,surface,Sailune/CharacterInspectorViews.swift,849,21,SailuneTheme.,已共用,引用或定義語意色彩 token；形狀與疊層仍需檢查。,".background(SailuneTheme.subtleSurface, in: RoundedRectangle(cornerRadius: 8))",53392d39232ca4f3fa1347889338df8880f5a6dbf8f71c7e1dd8f25a04650f0a
V9-0363,button,Sailune/CharacterInspectorViews.swift,877,9,Button(,待共用,原生 Button；須按動作角色、位置、命中與資料 action 判定共用外殼或具名例外。,"Button(""第 \(sectionNumber(section, in: book)) 節｜\(section.title)"") {",53392d39232ca4f3fa1347889338df8880f5a6dbf8f71c7e1dd8f25a04650f0a
V9-0364,copy,Sailune/CharacterInspectorViews.swift,877,9,"Button(""",待共用,直接 Button／Label／Menu 文案；需與同功能操作名稱及例外對照。,"Button(""第 \(sectionNumber(section, in: book)) 節｜\(section.title)"") {",53392d39232ca4f3fa1347889338df8880f5a6dbf8f71c7e1dd8f25a04650f0a
V9-0365,button_style,Sailune/CharacterInspectorViews.swift,880,9,.buttonStyle(,待共用,原生樣式；需與同語意按鈕比對，不能只按 style 名稱批量替換。,.buttonStyle(.link),53392d39232ca4f3fa1347889338df8880f5a6dbf8f71c7e1dd8f25a04650f0a
V9-0366,surface,Sailune/CharacterInspectorViews.swift,905,9,.background(,待共用,直接背景或色值；需判定表面用途與既有 token 是否相同。,.background(Color(nsColor: .controlBackgroundColor)),53392d39232ca4f3fa1347889338df8880f5a6dbf8f71c7e1dd8f25a04650f0a
V9-0367,surface,Sailune/CharacterInspectorViews.swift,907,60,Color.secondary.opacity(,待共用,直接背景或色值；需判定表面用途與既有 token 是否相同。,.overlay(RoundedRectangle(cornerRadius: 10).stroke(Color.secondary.opacity(0.12))),53392d39232ca4f3fa1347889338df8880f5a6dbf8f71c7e1dd8f25a04650f0a
V9-0368,surface,Sailune/CharacterInspectorViews.swift,937,25,.background(,待共用,直接背景或色值；需判定表面用途與既有 token 是否相同。,".background(Color.accentColor.opacity(0.1), in: RoundedRectangle(cornerRadius: 7))",53392d39232ca4f3fa1347889338df8880f5a6dbf8f71c7e1dd8f25a04650f0a
V9-0369,button_style,Sailune/CharacterInspectorViews.swift,955,13,.buttonStyle(,待共用,原生樣式；需與同語意按鈕比對，不能只按 style 名稱批量替換。,.buttonStyle(.plain),53392d39232ca4f3fa1347889338df8880f5a6dbf8f71c7e1dd8f25a04650f0a
V9-0370,accessibility,Sailune/CharacterInspectorViews.swift,956,13,.help(,待共用,直接提示或輔助描述；需核對同操作名稱及可點擊對象。,".help(isCollapsed ? ""展開\(title)"" : ""收合\(title)"")",53392d39232ca4f3fa1347889338df8880f5a6dbf8f71c7e1dd8f25a04650f0a
V9-0371,surface,Sailune/CharacterInspectorViews.swift,963,9,.background(,待共用,直接背景或色值；需判定表面用途與既有 token 是否相同。,.background(Color(nsColor: .controlBackgroundColor)),53392d39232ca4f3fa1347889338df8880f5a6dbf8f71c7e1dd8f25a04650f0a
V9-0372,surface,Sailune/CharacterInspectorViews.swift,965,60,Color.secondary.opacity(,待共用,直接背景或色值；需判定表面用途與既有 token 是否相同。,.overlay(RoundedRectangle(cornerRadius: 10).stroke(Color.secondary.opacity(0.12))),53392d39232ca4f3fa1347889338df8880f5a6dbf8f71c7e1dd8f25a04650f0a
V9-0373,copy,Sailune/CharacterInspectorViews.swift,990,13,"Text(""",合理例外,靜態欄名或領域內容；非可執行操作文案，保留畫面語境。,"Text(""日期"").font(.caption).foregroundStyle(.secondary)",53392d39232ca4f3fa1347889338df8880f5a6dbf8f71c7e1dd8f25a04650f0a
V9-0374,field,Sailune/CharacterInspectorViews.swift,992,17,TextField(,待共用,原生欄位；需檢查數值、焦點、提交與多行等專用契約。,"TextField(""年"", text: Binding(",53392d39232ca4f3fa1347889338df8880f5a6dbf8f71c7e1dd8f25a04650f0a
V9-0375,copy,Sailune/CharacterInspectorViews.swift,1005,21,"Text(""",合理例外,靜態欄名或領域內容；非可執行操作文案，保留畫面語境。,"Text(""月"").tag("""")",53392d39232ca4f3fa1347889338df8880f5a6dbf8f71c7e1dd8f25a04650f0a
V9-0376,copy,Sailune/CharacterInspectorViews.swift,1013,21,"Text(""",合理例外,靜態欄名或領域內容；非可執行操作文案，保留畫面語境。,"Text(""日"").tag("""")",53392d39232ca4f3fa1347889338df8880f5a6dbf8f71c7e1dd8f25a04650f0a
V9-0377,field,Sailune/CharacterInspectorViews.swift,1017,13,TextField(,待共用,原生欄位；需檢查數值、焦點、提交與多行等專用契約。,"TextField(""季節 (例: 梅雨季)"", text: Binding(",53392d39232ca4f3fa1347889338df8880f5a6dbf8f71c7e1dd8f25a04650f0a
V9-0378,copy,Sailune/CharacterSectionViews.swift,163,17,"Label(""",待共用,直接 Button／Label／Menu 文案；需與同功能操作名稱及例外對照。,"Label(""新增別名"", systemImage: SailuneSymbol.add.systemName)",58eec14ec8af957b5454c1847c579a59be5ab3a007273981dd7c44f45952277b
V9-0379,symbol,Sailune/CharacterSectionViews.swift,163,44,SailuneSymbol.add,已共用,使用或定義語意圖標 key；原字形由集中表提供。,"Label(""新增別名"", systemImage: SailuneSymbol.add.systemName)",58eec14ec8af957b5454c1847c579a59be5ab3a007273981dd7c44f45952277b
V9-0380,button_style,Sailune/CharacterSectionViews.swift,165,13,.buttonStyle(,待共用,原生樣式；需與同語意按鈕比對，不能只按 style 名稱批量替換。,.buttonStyle(.borderless),58eec14ec8af957b5454c1847c579a59be5ab3a007273981dd7c44f45952277b
V9-0381,dialog,Sailune/CharacterSectionViews.swift,167,9,.alert(,待共用,原生呈現入口；需按確認、錯誤、取消及資料後果分組，僅呈現外殼可共用。,.alert(,58eec14ec8af957b5454c1847c579a59be5ab3a007273981dd7c44f45952277b
V9-0382,button,Sailune/CharacterSectionViews.swift,174,13,Button(,待共用,原生 Button；須按動作角色、位置、命中與資料 action 判定共用外殼或具名例外。,"Button(SailuneActionCopy.acknowledge, role: .cancel) { deletionErrorMessage = nil }",58eec14ec8af957b5454c1847c579a59be5ab3a007273981dd7c44f45952277b
V9-0383,copy,Sailune/CharacterSectionViews.swift,174,20,SailuneActionCopy.acknowledge,已共用,使用或定義集中操作文案。,"Button(SailuneActionCopy.acknowledge, role: .cancel) { deletionErrorMessage = nil }",58eec14ec8af957b5454c1847c579a59be5ab3a007273981dd7c44f45952277b
V9-0384,failure_path,Sailune/CharacterSectionViews.swift,210,11,catch,待共用,失敗分支或可選錯誤；需核對主要結果、次要錯誤記錄與恢復契約。,} catch {,58eec14ec8af957b5454c1847c579a59be5ab3a007273981dd7c44f45952277b
V9-0385,field,Sailune/CharacterSectionViews.swift,229,13,TextField(,待共用,原生欄位；需檢查數值、焦點、提交與多行等專用契約。,"TextField(""別名"", text: $alias.name)",58eec14ec8af957b5454c1847c579a59be5ab3a007273981dd7c44f45952277b
V9-0386,field,Sailune/CharacterSectionViews.swift,232,13,SailuneFormTextField(,已共用,引用或定義共用欄位；焦點、組字及內距仍需代表畫面驗收。,"SailuneFormTextField(title: ""備註"", text: $alias.note)",58eec14ec8af957b5454c1847c579a59be5ab3a007273981dd7c44f45952277b
V9-0387,button,Sailune/CharacterSectionViews.swift,233,13,Button(,待共用,原生 Button；須按動作角色、位置、命中與資料 action 判定共用外殼或具名例外。,"Button(role: .destructive, action: onDelete) { Image(systemName: SailuneSymbol.delete.systemName) }.buttonStyle(.plain)",58eec14ec8af957b5454c1847c579a59be5ab3a007273981dd7c44f45952277b
V9-0388,symbol,Sailune/CharacterSectionViews.swift,233,78,SailuneSymbol.delete,已共用,使用或定義語意圖標 key；原字形由集中表提供。,"Button(role: .destructive, action: onDelete) { Image(systemName: SailuneSymbol.delete.systemName) }.buttonStyle(.plain)",58eec14ec8af957b5454c1847c579a59be5ab3a007273981dd7c44f45952277b
V9-0389,button_style,Sailune/CharacterSectionViews.swift,233,112,.buttonStyle(,待共用,原生樣式；需與同語意按鈕比對，不能只按 style 名稱批量替換。,"Button(role: .destructive, action: onDelete) { Image(systemName: SailuneSymbol.delete.systemName) }.buttonStyle(.plain)",58eec14ec8af957b5454c1847c579a59be5ab3a007273981dd7c44f45952277b
V9-0390,button,Sailune/CharacterSectionViews.swift,274,21,Button(,待共用,原生 Button；須按動作角色、位置、命中與資料 action 判定共用外殼或具名例外。,"Button(ability.name.isEmpty ? ""未命名能力"" : ability.name) {",58eec14ec8af957b5454c1847c579a59be5ab3a007273981dd7c44f45952277b
V9-0391,copy,Sailune/CharacterSectionViews.swift,279,17,"Label(""",待共用,直接 Button／Label／Menu 文案；需與同功能操作名稱及例外對照。,"Label(""連接能力"", systemImage: ""link.badge.plus"")",58eec14ec8af957b5454c1847c579a59be5ab3a007273981dd7c44f45952277b
V9-0392,symbol,Sailune/CharacterSectionViews.swift,279,31,"systemImage: ""link.badge.plus""",待共用,直接 SF Symbol 字串；須依實際操作或資料語意分類。,"Label(""連接能力"", systemImage: ""link.badge.plus"")",58eec14ec8af957b5454c1847c579a59be5ab3a007273981dd7c44f45952277b
V9-0393,button_style,Sailune/CharacterSectionViews.swift,281,13,.buttonStyle(,待共用,原生樣式；需與同語意按鈕比對，不能只按 style 名稱批量替換。,.buttonStyle(.borderless),58eec14ec8af957b5454c1847c579a59be5ab3a007273981dd7c44f45952277b
V9-0394,button,Sailune/CharacterSectionViews.swift,300,21,Button(,待共用,原生 Button；須按動作角色、位置、命中與資料 action 判定共用外殼或具名例外。,"Button(ability.name.isEmpty ? ""未命名能力"" : ability.name) { onOpenAbility(ability) }",58eec14ec8af957b5454c1847c579a59be5ab3a007273981dd7c44f45952277b
V9-0395,button_style,Sailune/CharacterSectionViews.swift,301,25,.buttonStyle(,待共用,原生樣式；需與同語意按鈕比對，不能只按 style 名稱批量替換。,.buttonStyle(.link),58eec14ec8af957b5454c1847c579a59be5ab3a007273981dd7c44f45952277b
V9-0396,copy,Sailune/CharacterSectionViews.swift,302,26,"Text(""",合理例外,靜態欄名或領域內容；非可執行操作文案，保留畫面語境。,"} else { Text(""未命名能力"").fontWeight(.medium) }",58eec14ec8af957b5454c1847c579a59be5ab3a007273981dd7c44f45952277b
V9-0397,button,Sailune/CharacterSectionViews.swift,304,17,Button(,待共用,原生 Button；須按動作角色、位置、命中與資料 action 判定共用外殼或具名例外。,"Button(role: .destructive, action: onDelete) { Image(systemName: SailuneSymbol.delete.systemName) }.buttonStyle(.plain)",58eec14ec8af957b5454c1847c579a59be5ab3a007273981dd7c44f45952277b
V9-0398,symbol,Sailune/CharacterSectionViews.swift,304,82,SailuneSymbol.delete,已共用,使用或定義語意圖標 key；原字形由集中表提供。,"Button(role: .destructive, action: onDelete) { Image(systemName: SailuneSymbol.delete.systemName) }.buttonStyle(.plain)",58eec14ec8af957b5454c1847c579a59be5ab3a007273981dd7c44f45952277b
V9-0399,button_style,Sailune/CharacterSectionViews.swift,304,116,.buttonStyle(,待共用,原生樣式；需與同語意按鈕比對，不能只按 style 名稱批量替換。,"Button(role: .destructive, action: onDelete) { Image(systemName: SailuneSymbol.delete.systemName) }.buttonStyle(.plain)",58eec14ec8af957b5454c1847c579a59be5ab3a007273981dd7c44f45952277b
V9-0400,copy,Sailune/CharacterSectionViews.swift,307,17,"Text(""",合理例外,靜態欄名或領域內容；非可執行操作文案，保留畫面語境。,"Text(""未設定"").tag(Optional<UUID>.none)",58eec14ec8af957b5454c1847c579a59be5ab3a007273981dd7c44f45952277b
V9-0401,surface,Sailune/CharacterSectionViews.swift,313,9,.background(,待共用,直接背景或色值；需判定表面用途與既有 token 是否相同。,".background(SailuneTheme.subtleSurface, in: RoundedRectangle(cornerRadius: 8))",58eec14ec8af957b5454c1847c579a59be5ab3a007273981dd7c44f45952277b
V9-0402,surface,Sailune/CharacterSectionViews.swift,313,21,SailuneTheme.,已共用,引用或定義語意色彩 token；形狀與疊層仍需檢查。,".background(SailuneTheme.subtleSurface, in: RoundedRectangle(cornerRadius: 8))",58eec14ec8af957b5454c1847c579a59be5ab3a007273981dd7c44f45952277b
V9-0403,copy,Sailune/CharacterSectionViews.swift,326,13,"Text(""",合理例外,靜態欄名或領域內容；非可執行操作文案，保留畫面語境。,"Text(""時間序"").font(.caption.weight(.semibold)).foregroundStyle(.secondary)",58eec14ec8af957b5454c1847c579a59be5ab3a007273981dd7c44f45952277b
V9-0404,copy,Sailune/CharacterSectionViews.swift,331,25,"Text(""",合理例外,靜態欄名或領域內容；非可執行操作文案，保留畫面語境。,"Text(""選擇等級"").tag(Optional<UUID>.none)",58eec14ec8af957b5454c1847c579a59be5ab3a007273981dd7c44f45952277b
V9-0405,button,Sailune/CharacterSectionViews.swift,352,21,Button(,待共用,原生 Button；須按動作角色、位置、命中與資料 action 判定共用外殼或具名例外。,Button(role: .destructive) { abilityStore.deleteHistory(entry) } label: { Image(systemName: SailuneSymbol.delete.systemName) }.buttonStyle(.plain),58eec14ec8af957b5454c1847c579a59be5ab3a007273981dd7c44f45952277b
V9-0406,symbol,Sailune/CharacterSectionViews.swift,352,113,SailuneSymbol.delete,已共用,使用或定義語意圖標 key；原字形由集中表提供。,Button(role: .destructive) { abilityStore.deleteHistory(entry) } label: { Image(systemName: SailuneSymbol.delete.systemName) }.buttonStyle(.plain),58eec14ec8af957b5454c1847c579a59be5ab3a007273981dd7c44f45952277b
V9-0407,button_style,Sailune/CharacterSectionViews.swift,352,147,.buttonStyle(,待共用,原生樣式；需與同語意按鈕比對，不能只按 style 名稱批量替換。,Button(role: .destructive) { abilityStore.deleteHistory(entry) } label: { Image(systemName: SailuneSymbol.delete.systemName) }.buttonStyle(.plain),58eec14ec8af957b5454c1847c579a59be5ab3a007273981dd7c44f45952277b
V9-0408,button,Sailune/CharacterSectionViews.swift,355,13,Button(,待共用,原生 Button；須按動作角色、位置、命中與資料 action 判定共用外殼或具名例外。,"Button(""新增時間序"", systemImage: SailuneSymbol.add.systemName) {",58eec14ec8af957b5454c1847c579a59be5ab3a007273981dd7c44f45952277b
V9-0409,copy,Sailune/CharacterSectionViews.swift,355,13,"Button(""",待共用,直接 Button／Label／Menu 文案；需與同功能操作名稱及例外對照。,"Button(""新增時間序"", systemImage: SailuneSymbol.add.systemName) {",58eec14ec8af957b5454c1847c579a59be5ab3a007273981dd7c44f45952277b
V9-0410,symbol,Sailune/CharacterSectionViews.swift,355,42,SailuneSymbol.add,已共用,使用或定義語意圖標 key；原字形由集中表提供。,"Button(""新增時間序"", systemImage: SailuneSymbol.add.systemName) {",58eec14ec8af957b5454c1847c579a59be5ab3a007273981dd7c44f45952277b
V9-0411,button_style,Sailune/CharacterSectionViews.swift,358,13,.buttonStyle(,待共用,原生樣式；需與同語意按鈕比對，不能只按 style 名稱批量替換。,.buttonStyle(.borderless),58eec14ec8af957b5454c1847c579a59be5ab3a007273981dd7c44f45952277b
V9-0412,copy,Sailune/CharacterSectionViews.swift,395,13,"Menu(""",待共用,直接 Button／Label／Menu 文案；需與同功能操作名稱及例外對照。,"Menu(""新增外觀"") {",58eec14ec8af957b5454c1847c579a59be5ab3a007273981dd7c44f45952277b
V9-0413,button,Sailune/CharacterSectionViews.swift,396,17,Button(,待共用,原生 Button；須按動作角色、位置、命中與資料 action 判定共用外殼或具名例外。,"Button(""服裝"") { add(.outfit) }",58eec14ec8af957b5454c1847c579a59be5ab3a007273981dd7c44f45952277b
V9-0414,copy,Sailune/CharacterSectionViews.swift,396,17,"Button(""",待共用,直接 Button／Label／Menu 文案；需與同功能操作名稱及例外對照。,"Button(""服裝"") { add(.outfit) }",58eec14ec8af957b5454c1847c579a59be5ab3a007273981dd7c44f45952277b
V9-0415,button,Sailune/CharacterSectionViews.swift,397,17,Button(,待共用,原生 Button；須按動作角色、位置、命中與資料 action 判定共用外殼或具名例外。,"Button(""身體特徵"") { add(.bodyFeature) }",58eec14ec8af957b5454c1847c579a59be5ab3a007273981dd7c44f45952277b
V9-0416,copy,Sailune/CharacterSectionViews.swift,397,17,"Button(""",待共用,直接 Button／Label／Menu 文案；需與同功能操作名稱及例外對照。,"Button(""身體特徵"") { add(.bodyFeature) }",58eec14ec8af957b5454c1847c579a59be5ab3a007273981dd7c44f45952277b
V9-0417,copy,Sailune/CharacterSectionViews.swift,416,21,"Text(""",合理例外,靜態欄名或領域內容；非可執行操作文案，保留畫面語境。,"Text(""服裝"").tag(CharacterAppearanceKind.outfit.rawValue)",58eec14ec8af957b5454c1847c579a59be5ab3a007273981dd7c44f45952277b
V9-0418,copy,Sailune/CharacterSectionViews.swift,417,21,"Text(""",合理例外,靜態欄名或領域內容；非可執行操作文案，保留畫面語境。,"Text(""身體特徵"").tag(CharacterAppearanceKind.bodyFeature.rawValue)",58eec14ec8af957b5454c1847c579a59be5ab3a007273981dd7c44f45952277b
V9-0419,button,Sailune/CharacterSectionViews.swift,419,17,SailuneIconButton(,已共用,直接引用或定義共用按鈕元件；實際命中仍依代表畫面驗收。,SailuneIconButton(,58eec14ec8af957b5454c1847c579a59be5ab3a007273981dd7c44f45952277b
V9-0420,copy,Sailune/CharacterSectionViews.swift,421,28,SailuneActionCopy.deleteAppearance,已共用,使用或定義集中操作文案。,"label: SailuneActionCopy.deleteAppearance,",58eec14ec8af957b5454c1847c579a59be5ab3a007273981dd7c44f45952277b
V9-0421,copy,Sailune/CharacterSectionViews.swift,426,13,"Text(""",合理例外,靜態欄名或領域內容；非可執行操作文案，保留畫面語境。,"Text(""外觀描述"").font(.caption).foregroundStyle(.secondary)",58eec14ec8af957b5454c1847c579a59be5ab3a007273981dd7c44f45952277b
V9-0422,editor,Sailune/CharacterSectionViews.swift,427,13,InsetTextEditor(,已共用,引用或定義共用多行編輯器；V9.1am 首行安全距仍待 U 核定。,"InsetTextEditor(text: $appearance.descriptionText, minHeight: 110)",58eec14ec8af957b5454c1847c579a59be5ab3a007273981dd7c44f45952277b
V9-0423,field,Sailune/CharacterSectionViews.swift,428,13,SailuneFormTextField(,已共用,引用或定義共用欄位；焦點、組字及內距仍需代表畫面驗收。,SailuneFormTextField(,58eec14ec8af957b5454c1847c579a59be5ab3a007273981dd7c44f45952277b
V9-0424,copy,Sailune/CharacterSectionViews.swift,433,17,"Text(""",合理例外,靜態欄名或領域內容；非可執行操作文案，保留畫面語境。,"Text(""時間定位"").font(.caption).foregroundStyle(.secondary)",58eec14ec8af957b5454c1847c579a59be5ab3a007273981dd7c44f45952277b
V9-0425,copy,Sailune/CharacterSectionViews.swift,456,13,"Menu(""",待共用,直接 Button／Label／Menu 文案；需與同功能操作名稱及例外對照。,"Menu(""新增心理資料"") {",58eec14ec8af957b5454c1847c579a59be5ab3a007273981dd7c44f45952277b
V9-0426,button,Sailune/CharacterSectionViews.swift,457,17,Button(,待共用,原生 Button；須按動作角色、位置、命中與資料 action 判定共用外殼或具名例外。,"Button(""性格"") { add(.personality) }",58eec14ec8af957b5454c1847c579a59be5ab3a007273981dd7c44f45952277b
V9-0427,copy,Sailune/CharacterSectionViews.swift,457,17,"Button(""",待共用,直接 Button／Label／Menu 文案；需與同功能操作名稱及例外對照。,"Button(""性格"") { add(.personality) }",58eec14ec8af957b5454c1847c579a59be5ab3a007273981dd7c44f45952277b
V9-0428,button,Sailune/CharacterSectionViews.swift,458,17,Button(,待共用,原生 Button；須按動作角色、位置、命中與資料 action 判定共用外殼或具名例外。,"Button(""價值觀"") { add(.value) }",58eec14ec8af957b5454c1847c579a59be5ab3a007273981dd7c44f45952277b
V9-0429,copy,Sailune/CharacterSectionViews.swift,458,17,"Button(""",待共用,直接 Button／Label／Menu 文案；需與同功能操作名稱及例外對照。,"Button(""價值觀"") { add(.value) }",58eec14ec8af957b5454c1847c579a59be5ab3a007273981dd7c44f45952277b
V9-0430,button,Sailune/CharacterSectionViews.swift,459,17,Button(,待共用,原生 Button；須按動作角色、位置、命中與資料 action 判定共用外殼或具名例外。,"Button(""動機"") { add(.motivation) }",58eec14ec8af957b5454c1847c579a59be5ab3a007273981dd7c44f45952277b
V9-0431,copy,Sailune/CharacterSectionViews.swift,459,17,"Button(""",待共用,直接 Button／Label／Menu 文案；需與同功能操作名稱及例外對照。,"Button(""動機"") { add(.motivation) }",58eec14ec8af957b5454c1847c579a59be5ab3a007273981dd7c44f45952277b
V9-0432,copy,Sailune/CharacterSectionViews.swift,478,21,"Text(""",合理例外,靜態欄名或領域內容；非可執行操作文案，保留畫面語境。,"Text(""性格"").tag(CharacterPsychologyKind.personality.rawValue)",58eec14ec8af957b5454c1847c579a59be5ab3a007273981dd7c44f45952277b
V9-0433,copy,Sailune/CharacterSectionViews.swift,479,21,"Text(""",合理例外,靜態欄名或領域內容；非可執行操作文案，保留畫面語境。,"Text(""價值觀"").tag(CharacterPsychologyKind.value.rawValue)",58eec14ec8af957b5454c1847c579a59be5ab3a007273981dd7c44f45952277b
V9-0434,copy,Sailune/CharacterSectionViews.swift,480,21,"Text(""",合理例外,靜態欄名或領域內容；非可執行操作文案，保留畫面語境。,"Text(""動機"").tag(CharacterPsychologyKind.motivation.rawValue)",58eec14ec8af957b5454c1847c579a59be5ab3a007273981dd7c44f45952277b
V9-0435,button,Sailune/CharacterSectionViews.swift,486,17,Button(,待共用,原生 Button；須按動作角色、位置、命中與資料 action 判定共用外殼或具名例外。,"Button(role: .destructive, action: onDelete) {",58eec14ec8af957b5454c1847c579a59be5ab3a007273981dd7c44f45952277b
V9-0436,copy,Sailune/CharacterSectionViews.swift,487,21,"Label(""",待共用,直接 Button／Label／Menu 文案；需與同功能操作名稱及例外對照。,"Label(""刪除心理資料"", systemImage: SailuneSymbol.delete.systemName)",58eec14ec8af957b5454c1847c579a59be5ab3a007273981dd7c44f45952277b
V9-0437,symbol,Sailune/CharacterSectionViews.swift,487,50,SailuneSymbol.delete,已共用,使用或定義語意圖標 key；原字形由集中表提供。,"Label(""刪除心理資料"", systemImage: SailuneSymbol.delete.systemName)",58eec14ec8af957b5454c1847c579a59be5ab3a007273981dd7c44f45952277b
V9-0438,button_style,Sailune/CharacterSectionViews.swift,490,17,.buttonStyle(,待共用,原生樣式；需與同語意按鈕比對，不能只按 style 名稱批量替換。,.buttonStyle(.plain),58eec14ec8af957b5454c1847c579a59be5ab3a007273981dd7c44f45952277b
V9-0439,accessibility,Sailune/CharacterSectionViews.swift,491,17,.help(,待共用,直接提示或輔助描述；需核對同操作名稱及可點擊對象。,".help(""刪除心理資料"")",58eec14ec8af957b5454c1847c579a59be5ab3a007273981dd7c44f45952277b
V9-0440,field,Sailune/CharacterSectionViews.swift,494,13,SailuneFormTextField(,已共用,引用或定義共用欄位；焦點、組字及內距仍需代表畫面驗收。,"SailuneFormTextField(title: ""內容"", text: $psychology.content)",58eec14ec8af957b5454c1847c579a59be5ab3a007273981dd7c44f45952277b
V9-0441,copy,Sailune/CharacterSectionViews.swift,497,17,"Text(""",合理例外,靜態欄名或領域內容；非可執行操作文案，保留畫面語境。,"Text(""時間定位"")",58eec14ec8af957b5454c1847c579a59be5ab3a007273981dd7c44f45952277b
V9-0442,surface,Sailune/CharacterSectionViews.swift,507,9,.background(,待共用,直接背景或色值；需判定表面用途與既有 token 是否相同。,".background(SailuneTheme.subtleSurface, in: RoundedRectangle(cornerRadius: 8, style: .continuous))",58eec14ec8af957b5454c1847c579a59be5ab3a007273981dd7c44f45952277b
V9-0443,surface,Sailune/CharacterSectionViews.swift,507,21,SailuneTheme.,已共用,引用或定義語意色彩 token；形狀與疊層仍需檢查。,".background(SailuneTheme.subtleSurface, in: RoundedRectangle(cornerRadius: 8, style: .continuous))",58eec14ec8af957b5454c1847c579a59be5ab3a007273981dd7c44f45952277b
V9-0444,copy,Sailune/CharacterSectionViews.swift,557,25,"Text(""",合理例外,靜態欄名或領域內容；非可執行操作文案，保留畫面語境。,"Text(""選擇物品"").tag(Optional<UUID>.none)",58eec14ec8af957b5454c1847c579a59be5ab3a007273981dd7c44f45952277b
V9-0445,copy,Sailune/CharacterSectionViews.swift,570,21,"Text(""",合理例外,靜態欄名或領域內容；非可執行操作文案，保留畫面語境。,"Text(""只能連接既有物品與既有副本；建立、命名與改名請到物品設定。"")",58eec14ec8af957b5454c1847c579a59be5ab3a007273981dd7c44f45952277b
V9-0446,symbol,Sailune/CharacterSectionViews.swift,595,43,SailuneSymbol.disclosure,已共用,使用或定義語意圖標 key；原字形由集中表提供。,Image(systemName: SailuneSymbol.disclosure.systemName),58eec14ec8af957b5454c1847c579a59be5ab3a007273981dd7c44f45952277b
V9-0447,button_style,Sailune/CharacterSectionViews.swift,600,21,.buttonStyle(,待共用,原生樣式；需與同語意按鈕比對，不能只按 style 名稱批量替換。,.buttonStyle(.plain),58eec14ec8af957b5454c1847c579a59be5ab3a007273981dd7c44f45952277b
V9-0448,accessibility,Sailune/CharacterSectionViews.swift,601,21,.help(,待共用,直接提示或輔助描述；需核對同操作名稱及可點擊對象。,".help(""前往物品設定"")",58eec14ec8af957b5454c1847c579a59be5ab3a007273981dd7c44f45952277b
V9-0449,button,Sailune/CharacterSectionViews.swift,603,17,Button(,待共用,原生 Button；須按動作角色、位置、命中與資料 action 判定共用外殼或具名例外。,"Button(role: .destructive, action: onRemoveHolder) {",58eec14ec8af957b5454c1847c579a59be5ab3a007273981dd7c44f45952277b
V9-0450,symbol,Sailune/CharacterSectionViews.swift,604,39,SailuneSymbol.removeHolder,已共用,使用或定義語意圖標 key；原字形由集中表提供。,Image(systemName: SailuneSymbol.removeHolder.systemName),58eec14ec8af957b5454c1847c579a59be5ab3a007273981dd7c44f45952277b
V9-0451,button_style,Sailune/CharacterSectionViews.swift,606,17,.buttonStyle(,待共用,原生樣式；需與同語意按鈕比對，不能只按 style 名稱批量替換。,.buttonStyle(.plain),58eec14ec8af957b5454c1847c579a59be5ab3a007273981dd7c44f45952277b
V9-0452,accessibility,Sailune/CharacterSectionViews.swift,607,17,.help(,待共用,直接提示或輔助描述；需核對同操作名稱及可點擊對象。,".help(""移除持有人；副本仍保留"")",58eec14ec8af957b5454c1847c579a59be5ab3a007273981dd7c44f45952277b
V9-0453,copy,Sailune/CharacterSectionViews.swift,609,13,"Text(""",合理例外,靜態欄名或領域內容；非可執行操作文案，保留畫面語境。,"Text(""物品設定：\(item.name.isEmpty ? ""未命名物品"" : item.name) · 數量 1"")",58eec14ec8af957b5454c1847c579a59be5ab3a007273981dd7c44f45952277b
V9-0454,copy,Sailune/CharacterSectionViews.swift,639,21,"Text(""",合理例外,靜態欄名或領域內容；非可執行操作文案，保留畫面語境。,"Text(""選擇角色"").tag(Optional<UUID>.none)",58eec14ec8af957b5454c1847c579a59be5ab3a007273981dd7c44f45952277b
V9-0455,button,Sailune/CharacterSectionViews.swift,642,17,Button(,待共用,原生 Button；須按動作角色、位置、命中與資料 action 判定共用外殼或具名例外。,"Button(""新增關係"", action: addRelationship).disabled(selectedTargetID == nil)",58eec14ec8af957b5454c1847c579a59be5ab3a007273981dd7c44f45952277b
V9-0456,copy,Sailune/CharacterSectionViews.swift,642,17,"Button(""",待共用,直接 Button／Label／Menu 文案；需與同功能操作名稱及例外對照。,"Button(""新增關係"", action: addRelationship).disabled(selectedTargetID == nil)",58eec14ec8af957b5454c1847c579a59be5ab3a007273981dd7c44f45952277b
V9-0457,field,Sailune/CharacterSectionViews.swift,669,17,SailuneFormTextField(,已共用,引用或定義共用欄位；焦點、組字及內距仍需代表畫面驗收。,"SailuneFormTextField(title: ""關係類型"", text: $relationship.type)",58eec14ec8af957b5454c1847c579a59be5ab3a007273981dd7c44f45952277b
V9-0458,field,Sailune/CharacterSectionViews.swift,670,17,SailuneFormTextField(,已共用,引用或定義共用欄位；焦點、組字及內距仍需代表畫面驗收。,"SailuneFormTextField(title: ""備註"", text: $relationship.note)",58eec14ec8af957b5454c1847c579a59be5ab3a007273981dd7c44f45952277b
V9-0459,button,Sailune/CharacterSectionViews.swift,671,17,Button(,待共用,原生 Button；須按動作角色、位置、命中與資料 action 判定共用外殼或具名例外。,"Button(role: .destructive, action: onDelete) { Image(systemName: SailuneSymbol.delete.systemName) }.buttonStyle(.plain)",58eec14ec8af957b5454c1847c579a59be5ab3a007273981dd7c44f45952277b
V9-0460,symbol,Sailune/CharacterSectionViews.swift,671,82,SailuneSymbol.delete,已共用,使用或定義語意圖標 key；原字形由集中表提供。,"Button(role: .destructive, action: onDelete) { Image(systemName: SailuneSymbol.delete.systemName) }.buttonStyle(.plain)",58eec14ec8af957b5454c1847c579a59be5ab3a007273981dd7c44f45952277b
V9-0461,button_style,Sailune/CharacterSectionViews.swift,671,116,.buttonStyle(,待共用,原生樣式；需與同語意按鈕比對，不能只按 style 名稱批量替換。,"Button(role: .destructive, action: onDelete) { Image(systemName: SailuneSymbol.delete.systemName) }.buttonStyle(.plain)",58eec14ec8af957b5454c1847c579a59be5ab3a007273981dd7c44f45952277b
V9-0462,button,Sailune/CharacterSectionViews.swift,862,13,Button(,待共用,原生 Button；須按動作角色、位置、命中與資料 action 判定共用外殼或具名例外。,Button(action: addEvent) {,58eec14ec8af957b5454c1847c579a59be5ab3a007273981dd7c44f45952277b
V9-0463,copy,Sailune/CharacterSectionViews.swift,863,17,"Label(""",待共用,直接 Button／Label／Menu 文案；需與同功能操作名稱及例外對照。,"Label(""新增事件"", systemImage: SailuneSymbol.add.systemName)",58eec14ec8af957b5454c1847c579a59be5ab3a007273981dd7c44f45952277b
V9-0464,symbol,Sailune/CharacterSectionViews.swift,863,44,SailuneSymbol.add,已共用,使用或定義語意圖標 key；原字形由集中表提供。,"Label(""新增事件"", systemImage: SailuneSymbol.add.systemName)",58eec14ec8af957b5454c1847c579a59be5ab3a007273981dd7c44f45952277b
V9-0465,button_style,Sailune/CharacterSectionViews.swift,865,13,.buttonStyle(,待共用,原生樣式；需與同語意按鈕比對，不能只按 style 名稱批量替換。,.buttonStyle(.borderless),58eec14ec8af957b5454c1847c579a59be5ab3a007273981dd7c44f45952277b
V9-0466,dialog,Sailune/CharacterSectionViews.swift,867,9,.alert(,待共用,原生呈現入口；需按確認、錯誤、取消及資料後果分組，僅呈現外殼可共用。,".alert(""無法刪除事件"", isPresented: Binding(",58eec14ec8af957b5454c1847c579a59be5ab3a007273981dd7c44f45952277b
V9-0467,button,Sailune/CharacterSectionViews.swift,870,14,Button(,待共用,原生 Button；須按動作角色、位置、命中與資料 action 判定共用外殼或具名例外。,)) { Button(SailuneActionCopy.acknowledge) { deletionErrorMessage = nil } } message: {,58eec14ec8af957b5454c1847c579a59be5ab3a007273981dd7c44f45952277b
V9-0468,copy,Sailune/CharacterSectionViews.swift,870,21,SailuneActionCopy.acknowledge,已共用,使用或定義集中操作文案。,)) { Button(SailuneActionCopy.acknowledge) { deletionErrorMessage = nil } } message: {,58eec14ec8af957b5454c1847c579a59be5ab3a007273981dd7c44f45952277b
V9-0469,failure_path,Sailune/CharacterSectionViews.swift,896,11,catch,待共用,失敗分支或可選錯誤；需核對主要結果、次要錯誤記錄與恢復契約。,} catch {,58eec14ec8af957b5454c1847c579a59be5ab3a007273981dd7c44f45952277b
V9-0470,field,Sailune/CharacterSectionViews.swift,921,17,SailuneFormTextField(,已共用,引用或定義共用欄位；焦點、組字及內距仍需代表畫面驗收。,"SailuneFormTextField(title: ""事件標題"", text: $event.title)",58eec14ec8af957b5454c1847c579a59be5ab3a007273981dd7c44f45952277b
V9-0471,button,Sailune/CharacterSectionViews.swift,922,17,Button(,待共用,原生 Button；須按動作角色、位置、命中與資料 action 判定共用外殼或具名例外。,"Button(role: .destructive, action: onDelete) {",58eec14ec8af957b5454c1847c579a59be5ab3a007273981dd7c44f45952277b
V9-0472,symbol,Sailune/CharacterSectionViews.swift,923,39,SailuneSymbol.delete,已共用,使用或定義語意圖標 key；原字形由集中表提供。,Image(systemName: SailuneSymbol.delete.systemName),58eec14ec8af957b5454c1847c579a59be5ab3a007273981dd7c44f45952277b
V9-0473,button_style,Sailune/CharacterSectionViews.swift,925,17,.buttonStyle(,待共用,原生樣式；需與同語意按鈕比對，不能只按 style 名稱批量替換。,.buttonStyle(.plain),58eec14ec8af957b5454c1847c579a59be5ab3a007273981dd7c44f45952277b
V9-0474,field,Sailune/CharacterSectionViews.swift,927,13,TextField(,待共用,原生欄位；需檢查數值、焦點、提交與多行等專用契約。,"TextField(""摘要"", text: $event.detail, axis: .vertical)",58eec14ec8af957b5454c1847c579a59be5ab3a007273981dd7c44f45952277b
V9-0475,button,Sailune/CharacterSectionViews.swift,934,25,Button(,待共用,原生 Button；須按動作角色、位置、命中與資料 action 判定共用外殼或具名例外。,"Button(candidate.realName.isEmpty ? ""未命名角色"" : candidate.realName) {",58eec14ec8af957b5454c1847c579a59be5ab3a007273981dd7c44f45952277b
V9-0476,symbol,Sailune/CharacterSectionViews.swift,939,27,"systemName: ""person.badge.plus""",待共用,直接 SF Symbol 字串；須依實際操作或資料語意分類。,"Image(systemName: ""person.badge.plus"")",58eec14ec8af957b5454c1847c579a59be5ab3a007273981dd7c44f45952277b
V9-0477,symbol,Sailune/CharacterSectionViews.swift,954,107,SailuneSymbol.removeRelatedCharacter,已共用,使用或定義語意圖標 key；原字形由集中表提供。,"Label(related.realName.isEmpty ? ""未命名角色"" : related.realName, systemImage: SailuneSymbol.removeRelatedCharacter.systemName)",58eec14ec8af957b5454c1847c579a59be5ab3a007273981dd7c44f45952277b
V9-0478,button_style,Sailune/CharacterSectionViews.swift,957,29,.buttonStyle(,待共用,原生樣式；需與同語意按鈕比對，不能只按 style 名稱批量替換。,.buttonStyle(.borderless),58eec14ec8af957b5454c1847c579a59be5ab3a007273981dd7c44f45952277b
V9-0479,surface,Sailune/CharacterSectionViews.swift,964,9,.background(,待共用,直接背景或色值；需判定表面用途與既有 token 是否相同。,".background(SailuneTheme.subtleSurface, in: RoundedRectangle(cornerRadius: 8))",58eec14ec8af957b5454c1847c579a59be5ab3a007273981dd7c44f45952277b
V9-0480,surface,Sailune/CharacterSectionViews.swift,964,21,SailuneTheme.,已共用,引用或定義語意色彩 token；形狀與疊層仍需檢查。,".background(SailuneTheme.subtleSurface, in: RoundedRectangle(cornerRadius: 8))",58eec14ec8af957b5454c1847c579a59be5ab3a007273981dd7c44f45952277b
V9-0481,surface,Sailune/CharacterTimelineProjectionView.swift,41,9,.background(,待共用,直接背景或色值；需判定表面用途與既有 token 是否相同。,.background(,fa8e28c540f43f632bb45afbd3eb884bd50733ce627ac426ab587b43ba759cd7
V9-0482,copy,Sailune/CharacterTimelineProjectionView.swift,72,13,"Text(""",合理例外,靜態欄名或領域內容；非可執行操作文案，保留畫面語境。,"Text(""\(value)"")",fa8e28c540f43f632bb45afbd3eb884bd50733ce627ac426ab587b43ba759cd7
V9-0483,symbol,Sailune/CharacterTimelineProjectionView.swift,85,19,"systemName: ""figure.walk""",待共用,直接 SF Symbol 字串；須依實際操作或資料語意分類。,"Image(systemName: ""figure.walk"")",fa8e28c540f43f632bb45afbd3eb884bd50733ce627ac426ab587b43ba759cd7
V9-0484,copy,Sailune/CharacterTimelineProjectionView.swift,88,13,"Text(""",合理例外,靜態欄名或領域內容；非可執行操作文案，保留畫面語境。,"Text(""尚未踏入時間"")",fa8e28c540f43f632bb45afbd3eb884bd50733ce627ac426ab587b43ba759cd7
V9-0485,copy,Sailune/CharacterTimelineProjectionView.swift,91,13,"Text(""",合理例外,靜態欄名或領域內容；非可執行操作文案，保留畫面語境。,"Text(""在右欄時間軸為這角色記錄事件後，其一生足跡將在此呈現。"")",fa8e28c540f43f632bb45afbd3eb884bd50733ce627ac426ab587b43ba759cd7
V9-0486,copy,Sailune/CharacterTimelineProjectionView.swift,157,25,"Text(""",合理例外,靜態欄名或領域內容；非可執行操作文案，保留畫面語境。,"Text(""· 所在節點已隱藏"")",fa8e28c540f43f632bb45afbd3eb884bd50733ce627ac426ab587b43ba759cd7
V9-0487,failure_path,Sailune/CharacterTimelineProjectionView.swift,173,17,catch,待共用,失敗分支或可選錯誤；需核對主要結果、次要錯誤記錄與恢復契約。,catch { modelContext.rollback(); saveErrorMessage = error.localizedDescription },fa8e28c540f43f632bb45afbd3eb884bd50733ce627ac426ab587b43ba759cd7
V9-0488,surface,Sailune/CharacterTimelineProjectionView.swift,177,69,Color.secondary.opacity(,待共用,直接背景或色值；需判定表面用途與既有 token 是否相同。,.fill(event.isVisible ? Color.accentColor : Color.secondary.opacity(0.15)),fa8e28c540f43f632bb45afbd3eb884bd50733ce627ac426ab587b43ba759cd7
V9-0489,surface,Sailune/CharacterTimelineProjectionView.swift,181,65,Color.secondary.opacity(,待共用,直接背景或色值；需判定表面用途與既有 token 是否相同。,"event.isVisible ? Color.clear : Color.secondary.opacity(0.4),",fa8e28c540f43f632bb45afbd3eb884bd50733ce627ac426ab587b43ba759cd7
V9-0490,button_style,Sailune/CharacterTimelineProjectionView.swift,191,13,.buttonStyle(,待共用,原生樣式；需與同語意按鈕比對，不能只按 style 名稱批量替換。,.buttonStyle(.plain),fa8e28c540f43f632bb45afbd3eb884bd50733ce627ac426ab587b43ba759cd7
V9-0491,accessibility,Sailune/CharacterTimelineProjectionView.swift,192,13,.help(,待共用,直接提示或輔助描述；需核對同操作名稱及可點擊對象。,".help(""顯示於主時間軸"")",fa8e28c540f43f632bb45afbd3eb884bd50733ce627ac426ab587b43ba759cd7
V9-0492,surface,Sailune/CharacterTimelineProjectionView.swift,196,9,.background(,待共用,直接背景或色值；需判定表面用途與既有 token 是否相同。,.background(,fa8e28c540f43f632bb45afbd3eb884bd50733ce627ac426ab587b43ba759cd7
V9-0493,dialog,Sailune/CharacterTimelineProjectionView.swift,204,9,.alert(,待共用,原生呈現入口；需按確認、錯誤、取消及資料後果分組，僅呈現外殼可共用。,".alert(""事件顯示狀態無法儲存"", isPresented: Binding(",fa8e28c540f43f632bb45afbd3eb884bd50733ce627ac426ab587b43ba759cd7
V9-0494,button,Sailune/CharacterTimelineProjectionView.swift,207,14,Button(,待共用,原生 Button；須按動作角色、位置、命中與資料 action 判定共用外殼或具名例外。,)) { Button(SailuneActionCopy.acknowledge) { saveErrorMessage = nil } } message: {,fa8e28c540f43f632bb45afbd3eb884bd50733ce627ac426ab587b43ba759cd7
V9-0495,copy,Sailune/CharacterTimelineProjectionView.swift,207,21,SailuneActionCopy.acknowledge,已共用,使用或定義集中操作文案。,)) { Button(SailuneActionCopy.acknowledge) { saveErrorMessage = nil } } message: {,fa8e28c540f43f632bb45afbd3eb884bd50733ce627ac426ab587b43ba759cd7
V9-0496,surface,Sailune/ContentView.swift,96,21,.background(,待共用,直接背景或色值；需判定表面用途與既有 token 是否相同。,".background(Color(nsColor: .windowBackgroundColor), in: RoundedRectangle(cornerRadius: 10, style: .continuous))",f4e24293d664b55531b3925bf2a7ea79d1585293db9784df175fed548f2dfd44
V9-0497,surface,Sailune/ContentView.swift,136,21,.background(,待共用,直接背景或色值；需判定表面用途與既有 token 是否相同。,".background(Color(nsColor: .windowBackgroundColor), in: RoundedRectangle(cornerRadius: 12, style: .continuous))",f4e24293d664b55531b3925bf2a7ea79d1585293db9784df175fed548f2dfd44
V9-0498,surface,Sailune/ContentView.swift,146,21,.background(,待共用,直接背景或色值；需判定表面用途與既有 token 是否相同。,".background(Color(nsColor: .windowBackgroundColor), in: RoundedRectangle(cornerRadius: 12, style: .continuous))",f4e24293d664b55531b3925bf2a7ea79d1585293db9784df175fed548f2dfd44
V9-0499,copy,Sailune/ContentView.swift,219,25,"Label(""",待共用,直接 Button／Label／Menu 文案；需與同功能操作名稱及例外對照。,"Label(""書櫃還沒有小說"", systemImage: ""books.vertical"")",f4e24293d664b55531b3925bf2a7ea79d1585293db9784df175fed548f2dfd44
V9-0500,symbol,Sailune/ContentView.swift,219,42,"systemImage: ""books.vertical""",待共用,直接 SF Symbol 字串；須依實際操作或資料語意分類。,"Label(""書櫃還沒有小說"", systemImage: ""books.vertical"")",f4e24293d664b55531b3925bf2a7ea79d1585293db9784df175fed548f2dfd44
V9-0501,copy,Sailune/ContentView.swift,221,25,"Text(""",合理例外,靜態欄名或領域內容；非可執行操作文案，保留畫面語境。,"Text(""建立第一本小說，立即開始寫作。"")",f4e24293d664b55531b3925bf2a7ea79d1585293db9784df175fed548f2dfd44
V9-0502,button,Sailune/ContentView.swift,223,25,Button(,待共用,原生 Button；須按動作角色、位置、命中與資料 action 判定共用外殼或具名例外。,"Button(""建立第一本小說"", systemImage: SailuneSymbol.add.systemName) { showingNewBookSheet = true }",f4e24293d664b55531b3925bf2a7ea79d1585293db9784df175fed548f2dfd44
V9-0503,copy,Sailune/ContentView.swift,223,25,"Button(""",待共用,直接 Button／Label／Menu 文案；需與同功能操作名稱及例外對照。,"Button(""建立第一本小說"", systemImage: SailuneSymbol.add.systemName) { showingNewBookSheet = true }",f4e24293d664b55531b3925bf2a7ea79d1585293db9784df175fed548f2dfd44
V9-0504,symbol,Sailune/ContentView.swift,223,56,SailuneSymbol.add,已共用,使用或定義語意圖標 key；原字形由集中表提供。,"Button(""建立第一本小說"", systemImage: SailuneSymbol.add.systemName) { showingNewBookSheet = true }",f4e24293d664b55531b3925bf2a7ea79d1585293db9784df175fed548f2dfd44
V9-0505,button_style,Sailune/ContentView.swift,224,29,.buttonStyle(,待共用,原生樣式；需與同語意按鈕比對，不能只按 style 名稱批量替換。,.buttonStyle(.borderedProminent),f4e24293d664b55531b3925bf2a7ea79d1585293db9784df175fed548f2dfd44
V9-0506,symbol,Sailune/ContentView.swift,234,58,SailuneSymbol.search,已共用,使用或定義語意圖標 key；原字形由集中表提供。,"ContentUnavailableView(""找不到書籍"", systemImage: SailuneSymbol.search.systemName)",f4e24293d664b55531b3925bf2a7ea79d1585293db9784df175fed548f2dfd44
V9-0507,copy,Sailune/ContentView.swift,264,25,"Text(""",合理例外,靜態欄名或領域內容；非可執行操作文案，保留畫面語境。,"Text(""尚無\(status.rawValue)作品"")",f4e24293d664b55531b3925bf2a7ea79d1585293db9784df175fed548f2dfd44
V9-0508,button_style,Sailune/ContentView.swift,285,9,.buttonStyle(,待共用,原生樣式；需與同語意按鈕比對，不能只按 style 名稱批量替換。,.buttonStyle(.plain),f4e24293d664b55531b3925bf2a7ea79d1585293db9784df175fed548f2dfd44
V9-0509,button,Sailune/ContentView.swift,287,13,Button(,待共用,原生 Button；須按動作角色、位置、命中與資料 action 判定共用外殼或具名例外。,Button(role: .destructive) {,f4e24293d664b55531b3925bf2a7ea79d1585293db9784df175fed548f2dfd44
V9-0510,copy,Sailune/ContentView.swift,290,23,SailuneActionCopy.delete,已共用,使用或定義集中操作文案。,"Label(SailuneActionCopy.delete, systemImage: SailuneSymbol.delete.systemName)",f4e24293d664b55531b3925bf2a7ea79d1585293db9784df175fed548f2dfd44
V9-0511,symbol,Sailune/ContentView.swift,290,62,SailuneSymbol.delete,已共用,使用或定義語意圖標 key；原字形由集中表提供。,"Label(SailuneActionCopy.delete, systemImage: SailuneSymbol.delete.systemName)",f4e24293d664b55531b3925bf2a7ea79d1585293db9784df175fed548f2dfd44
V9-0512,failure_path,Sailune/ContentView.swift,312,11,catch,待共用,失敗分支或可選錯誤；需核對主要結果、次要錯誤記錄與恢復契約。,} catch {,f4e24293d664b55531b3925bf2a7ea79d1585293db9784df175fed548f2dfd44
V9-0513,symbol,Sailune/ContentView.swift,332,28,SailuneSymbol.search,已共用,使用或定義語意圖標 key；原字形由集中表提供。,case .find: return SailuneSymbol.search.systemName,f4e24293d664b55531b3925bf2a7ea79d1585293db9784df175fed548f2dfd44
V9-0514,symbol,Sailune/ContentView.swift,336,32,SailuneSymbol.settings,已共用,使用或定義語意圖標 key；原字形由集中表提供。,case .settings: return SailuneSymbol.settings.systemName,f4e24293d664b55531b3925bf2a7ea79d1585293db9784df175fed548f2dfd44
V9-0515,copy,Sailune/ContentView.swift,350,13,"Text(""",合理例外,靜態欄名或領域內容；非可執行操作文案，保留畫面語境。,"Text(""帆夢 Sailune"")",f4e24293d664b55531b3925bf2a7ea79d1585293db9784df175fed548f2dfd44
V9-0516,copy,Sailune/ContentView.swift,357,13,"Text(""",合理例外,靜態欄名或領域內容；非可執行操作文案，保留畫面語境。,"Text(""作品"")",f4e24293d664b55531b3925bf2a7ea79d1585293db9784df175fed548f2dfd44
V9-0517,copy,Sailune/ContentView.swift,369,13,"Text(""",合理例外,靜態欄名或領域內容；非可執行操作文案，保留畫面語境。,"Text(""社群"")",f4e24293d664b55531b3925bf2a7ea79d1585293db9784df175fed548f2dfd44
V9-0518,copy,Sailune/ContentView.swift,378,13,"Text(""",合理例外,靜態欄名或領域內容；非可執行操作文案，保留畫面語境。,"Text(""作者"")",f4e24293d664b55531b3925bf2a7ea79d1585293db9784df175fed548f2dfd44
V9-0519,copy,Sailune/ContentView.swift,397,21,"Text(""",合理例外,靜態欄名或領域內容；非可執行操作文案，保留畫面語境。,"Text(""登入"")",f4e24293d664b55531b3925bf2a7ea79d1585293db9784df175fed548f2dfd44
V9-0520,button_style,Sailune/ContentView.swift,406,13,.buttonStyle(,待共用,原生樣式；需與同語意按鈕比對，不能只按 style 名稱批量替換。,.buttonStyle(.plain),f4e24293d664b55531b3925bf2a7ea79d1585293db9784df175fed548f2dfd44
V9-0521,surface,Sailune/ContentView.swift,408,13,.background(,待共用,直接背景或色值；需判定表面用途與既有 token 是否相同。,".background(Color.secondary.opacity(0.08), in: RoundedRectangle(cornerRadius: 8, style: .continuous))",f4e24293d664b55531b3925bf2a7ea79d1585293db9784df175fed548f2dfd44
V9-0522,surface,Sailune/ContentView.swift,408,25,Color.secondary.opacity(,待共用,直接背景或色值；需判定表面用途與既有 token 是否相同。,".background(Color.secondary.opacity(0.08), in: RoundedRectangle(cornerRadius: 8, style: .continuous))",f4e24293d664b55531b3925bf2a7ea79d1585293db9784df175fed548f2dfd44
V9-0523,surface,Sailune/ContentView.swift,417,9,.background(,待共用,直接背景或色值；需判定表面用途與既有 token 是否相同。,.background(Color(nsColor: .controlBackgroundColor)),f4e24293d664b55531b3925bf2a7ea79d1585293db9784df175fed548f2dfd44
V9-0524,button_style,Sailune/ContentView.swift,430,9,.buttonStyle(,待共用,原生樣式；需與同語意按鈕比對，不能只按 style 名稱批量替換。,.buttonStyle(.plain),f4e24293d664b55531b3925bf2a7ea79d1585293db9784df175fed548f2dfd44
V9-0525,accessibility,Sailune/ContentView.swift,440,9,.help(,待共用,直接提示或輔助描述；需核對同操作名稱及可點擊對象。,.help(item.rawValue),f4e24293d664b55531b3925bf2a7ea79d1585293db9784df175fed548f2dfd44
V9-0526,symbol,Sailune/ContentView.swift,467,33,"systemImage: ""person.crop.circle""",待共用,直接 SF Symbol 字串；須依實際操作或資料語意分類。,"accountAction(""帳號"", systemImage: ""person.crop.circle"") {",f4e24293d664b55531b3925bf2a7ea79d1585293db9784df175fed548f2dfd44
V9-0527,copy,Sailune/ContentView.swift,485,21,"Label(""",待共用,直接 Button／Label／Menu 文案；需與同功能操作名稱及例外對照。,"Label(""方案"", systemImage: ""sparkles"")",f4e24293d664b55531b3925bf2a7ea79d1585293db9784df175fed548f2dfd44
V9-0528,symbol,Sailune/ContentView.swift,485,33,"systemImage: ""sparkles""",待共用,直接 SF Symbol 字串；須依實際操作或資料語意分類。,"Label(""方案"", systemImage: ""sparkles"")",f4e24293d664b55531b3925bf2a7ea79d1585293db9784df175fed548f2dfd44
V9-0529,symbol,Sailune/ContentView.swift,497,46,SailuneSymbol.settings,已共用,使用或定義語意圖標 key；原字形由集中表提供。,"accountAction(""設定"", systemImage: SailuneSymbol.settings.systemName, action: onOpenSettings)",f4e24293d664b55531b3925bf2a7ea79d1585293db9784df175fed548f2dfd44
V9-0530,symbol,Sailune/ContentView.swift,498,35,"systemImage: ""person.2""",待共用,直接 SF Symbol 字串；須依實際操作或資料語意分類。,"accountAction(""切換帳號"", systemImage: ""person.2"") { }",f4e24293d664b55531b3925bf2a7ea79d1585293db9784df175fed548f2dfd44
V9-0531,button,Sailune/ContentView.swift,502,13,Button(,待共用,原生 Button；須按動作角色、位置、命中與資料 action 判定共用外殼或具名例外。,Button(role: .destructive) { } label: {,f4e24293d664b55531b3925bf2a7ea79d1585293db9784df175fed548f2dfd44
V9-0532,copy,Sailune/ContentView.swift,503,17,"Label(""",待共用,直接 Button／Label／Menu 文案；需與同功能操作名稱及例外對照。,"Label(""退出登入"", systemImage: ""rectangle.portrait.and.arrow.right"")",f4e24293d664b55531b3925bf2a7ea79d1585293db9784df175fed548f2dfd44
V9-0533,symbol,Sailune/ContentView.swift,503,31,"systemImage: ""rectangle.portrait.and.arrow.right""",待共用,直接 SF Symbol 字串；須依實際操作或資料語意分類。,"Label(""退出登入"", systemImage: ""rectangle.portrait.and.arrow.right"")",f4e24293d664b55531b3925bf2a7ea79d1585293db9784df175fed548f2dfd44
V9-0534,button_style,Sailune/ContentView.swift,507,13,.buttonStyle(,待共用,原生樣式；需與同語意按鈕比對，不能只按 style 名稱批量替換。,.buttonStyle(.plain),f4e24293d664b55531b3925bf2a7ea79d1585293db9784df175fed548f2dfd44
V9-0535,button,Sailune/ContentView.swift,514,9,Button(,待共用,原生 Button；須按動作角色、位置、命中與資料 action 判定共用外殼或具名例外。,Button(action: action) {,f4e24293d664b55531b3925bf2a7ea79d1585293db9784df175fed548f2dfd44
V9-0536,button_style,Sailune/ContentView.swift,519,9,.buttonStyle(,待共用,原生樣式；需與同語意按鈕比對，不能只按 style 名稱批量替換。,.buttonStyle(.plain),f4e24293d664b55531b3925bf2a7ea79d1585293db9784df175fed548f2dfd44
V9-0537,copy,Sailune/ContentView.swift,529,17,"Text(""",合理例外,靜態欄名或領域內容；非可執行操作文案，保留畫面語境。,"Text(""開發階段"")",f4e24293d664b55531b3925bf2a7ea79d1585293db9784df175fed548f2dfd44
V9-0538,copy,Sailune/ContentView.swift,532,17,"Text(""",合理例外,靜態欄名或領域內容；非可執行操作文案，保留畫面語境。,"Text(""V6.0d"")",f4e24293d664b55531b3925bf2a7ea79d1585293db9784df175fed548f2dfd44
V9-0539,copy,Sailune/ContentView.swift,582,13,"Text(""",合理例外,靜態欄名或領域內容；非可執行操作文案，保留畫面語境。,"Text(""關於我"")",f4e24293d664b55531b3925bf2a7ea79d1585293db9784df175fed548f2dfd44
V9-0540,surface,Sailune/ContentView.swift,596,29,.background(,待共用,直接背景或色值；需判定表面用途與既有 token 是否相同。,.background(Color.secondary.opacity(0.12)),f4e24293d664b55531b3925bf2a7ea79d1585293db9784df175fed548f2dfd44
V9-0541,surface,Sailune/ContentView.swift,596,41,Color.secondary.opacity(,待共用,直接背景或色值；需判定表面用途與既有 token 是否相同。,.background(Color.secondary.opacity(0.12)),f4e24293d664b55531b3925bf2a7ea79d1585293db9784df175fed548f2dfd44
V9-0542,copy,Sailune/ContentView.swift,604,21,"Text(""",合理例外,靜態欄名或領域內容；非可執行操作文案，保留畫面語境。,"Text(""頭像"")",f4e24293d664b55531b3925bf2a7ea79d1585293db9784df175fed548f2dfd44
V9-0543,copy,Sailune/ContentView.swift,606,21,"Text(""",合理例外,靜態欄名或領域內容；非可執行操作文案，保留畫面語境。,"Text(""尚未設定圖片時，使用筆名第一個字。"")",f4e24293d664b55531b3925bf2a7ea79d1585293db9784df175fed548f2dfd44
V9-0544,button,Sailune/ContentView.swift,609,21,Button(,待共用,原生 Button；須按動作角色、位置、命中與資料 action 判定共用外殼或具名例外。,"Button(""加入圖片"", systemImage: ""photo"") {",f4e24293d664b55531b3925bf2a7ea79d1585293db9784df175fed548f2dfd44
V9-0545,copy,Sailune/ContentView.swift,609,21,"Button(""",待共用,直接 Button／Label／Menu 文案；需與同功能操作名稱及例外對照。,"Button(""加入圖片"", systemImage: ""photo"") {",f4e24293d664b55531b3925bf2a7ea79d1585293db9784df175fed548f2dfd44
V9-0546,symbol,Sailune/ContentView.swift,609,36,"systemImage: ""photo""",待共用,直接 SF Symbol 字串；須依實際操作或資料語意分類。,"Button(""加入圖片"", systemImage: ""photo"") {",f4e24293d664b55531b3925bf2a7ea79d1585293db9784df175fed548f2dfd44
V9-0547,button_style,Sailune/ContentView.swift,612,21,.buttonStyle(,待共用,原生樣式；需與同語意按鈕比對，不能只按 style 名稱批量替換。,.buttonStyle(.borderless),f4e24293d664b55531b3925bf2a7ea79d1585293db9784df175fed548f2dfd44
V9-0548,field,Sailune/ContentView.swift,616,13,SailuneFormTextField(,已共用,引用或定義共用欄位；焦點、組字及內距仍需代表畫面驗收。,"SailuneFormTextField(title: ""筆名"", text: $profile.penName)",f4e24293d664b55531b3925bf2a7ea79d1585293db9784df175fed548f2dfd44
V9-0549,copy,Sailune/ContentView.swift,619,17,"Text(""",合理例外,靜態欄名或領域內容；非可執行操作文案，保留畫面語境。,"Text(""簡介"")",f4e24293d664b55531b3925bf2a7ea79d1585293db9784df175fed548f2dfd44
V9-0550,editor,Sailune/ContentView.swift,621,17,TextEditor(,待共用,原生多行編輯器；需核對 placeholder、內距、背景、組字與 Undo。,TextEditor(text: Binding(,f4e24293d664b55531b3925bf2a7ea79d1585293db9784df175fed548f2dfd44
V9-0551,button,Sailune/ContentView.swift,635,17,Button(,待共用,原生 Button；須按動作角色、位置、命中與資料 action 判定共用外殼或具名例外。,Button(SailuneActionCopy.done) {,f4e24293d664b55531b3925bf2a7ea79d1585293db9784df175fed548f2dfd44
V9-0552,copy,Sailune/ContentView.swift,635,24,SailuneActionCopy.done,已共用,使用或定義集中操作文案。,Button(SailuneActionCopy.done) {,f4e24293d664b55531b3925bf2a7ea79d1585293db9784df175fed548f2dfd44
V9-0553,button_style,Sailune/ContentView.swift,639,21,.buttonStyle(,待共用,原生樣式；需與同語意按鈕比對，不能只按 style 名稱批量替換。,.buttonStyle(.borderedProminent),f4e24293d664b55531b3925bf2a7ea79d1585293db9784df175fed548f2dfd44
V9-0554,symbol,Sailune/ContentView.swift,674,23,"systemName: ""person.fill""",待共用,直接 SF Symbol 字串；須依實際操作或資料語意分類。,"Image(systemName: ""person.fill"")",f4e24293d664b55531b3925bf2a7ea79d1585293db9784df175fed548f2dfd44
V9-0555,surface,Sailune/ContentView.swift,678,21,.background(,待共用,直接背景或色值；需判定表面用途與既有 token 是否相同。,".background(Color.secondary.opacity(0.14), in: Circle())",f4e24293d664b55531b3925bf2a7ea79d1585293db9784df175fed548f2dfd44
V9-0556,surface,Sailune/ContentView.swift,678,33,Color.secondary.opacity(,待共用,直接背景或色值；需判定表面用途與既有 token 是否相同。,".background(Color.secondary.opacity(0.14), in: Circle())",f4e24293d664b55531b3925bf2a7ea79d1585293db9784df175fed548f2dfd44
V9-0557,accessibility,Sailune/ContentView.swift,684,9,.accessibilityLabel(,待共用,直接提示或輔助描述；需核對同操作名稱及可點擊對象。,".accessibilityLabel(""作者頭像"")",f4e24293d664b55531b3925bf2a7ea79d1585293db9784df175fed548f2dfd44
V9-0558,symbol,Sailune/ContentView.swift,704,39,SailuneSymbol.search,已共用,使用或定義語意圖標 key；原字形由集中表提供。,Image(systemName: SailuneSymbol.search.systemName),f4e24293d664b55531b3925bf2a7ea79d1585293db9784df175fed548f2dfd44
V9-0559,field,Sailune/ContentView.swift,706,21,TextField(,待共用,原生欄位；需檢查數值、焦點、提交與多行等專用契約。,"TextField(""搜尋書名或作者"", text: $searchText)",f4e24293d664b55531b3925bf2a7ea79d1585293db9784df175fed548f2dfd44
V9-0560,symbol,Sailune/ContentView.swift,713,47,SailuneSymbol.clearSearch,已共用,使用或定義語意圖標 key；原字形由集中表提供。,Image(systemName: SailuneSymbol.clearSearch.systemName),f4e24293d664b55531b3925bf2a7ea79d1585293db9784df175fed548f2dfd44
V9-0561,button_style,Sailune/ContentView.swift,716,25,.buttonStyle(,待共用,原生樣式；需與同語意按鈕比對，不能只按 style 名稱批量替換。,.buttonStyle(.plain),f4e24293d664b55531b3925bf2a7ea79d1585293db9784df175fed548f2dfd44
V9-0562,surface,Sailune/ContentView.swift,722,17,.background(,待共用,直接背景或色值；需判定表面用途與既有 token 是否相同。,".background(Color.secondary.opacity(0.10), in: RoundedRectangle(cornerRadius: 7, style: .continuous))",f4e24293d664b55531b3925bf2a7ea79d1585293db9784df175fed548f2dfd44
V9-0563,surface,Sailune/ContentView.swift,722,29,Color.secondary.opacity(,待共用,直接背景或色值；需判定表面用途與既有 token 是否相同。,".background(Color.secondary.opacity(0.10), in: RoundedRectangle(cornerRadius: 7, style: .continuous))",f4e24293d664b55531b3925bf2a7ea79d1585293db9784df175fed548f2dfd44
V9-0564,button,Sailune/ContentView.swift,727,17,Button(,待共用,原生 Button；須按動作角色、位置、命中與資料 action 判定共用外殼或具名例外。,Button(action: onCreateBook) {,f4e24293d664b55531b3925bf2a7ea79d1585293db9784df175fed548f2dfd44
V9-0565,copy,Sailune/ContentView.swift,728,21,"Label(""",待共用,直接 Button／Label／Menu 文案；需與同功能操作名稱及例外對照。,"Label(""新建書籍"", systemImage: SailuneSymbol.add.systemName)",f4e24293d664b55531b3925bf2a7ea79d1585293db9784df175fed548f2dfd44
V9-0566,symbol,Sailune/ContentView.swift,728,48,SailuneSymbol.add,已共用,使用或定義語意圖標 key；原字形由集中表提供。,"Label(""新建書籍"", systemImage: SailuneSymbol.add.systemName)",f4e24293d664b55531b3925bf2a7ea79d1585293db9784df175fed548f2dfd44
V9-0567,button_style,Sailune/ContentView.swift,730,17,.buttonStyle(,待共用,原生樣式；需與同語意按鈕比對，不能只按 style 名稱批量替換。,.buttonStyle(.borderless),f4e24293d664b55531b3925bf2a7ea79d1585293db9784df175fed548f2dfd44
V9-0568,symbol,Sailune/ContentView.swift,771,50,"systemImage: ""book.closed""",待共用,直接 SF Symbol 字串；須依實際操作或資料語意分類。,"ContentUnavailableView(""找不到這本書"", systemImage: ""book.closed"")",f4e24293d664b55531b3925bf2a7ea79d1585293db9784df175fed548f2dfd44
V9-0569,copy,Sailune/ContentView.swift,808,21,"Text(""",合理例外,靜態欄名或領域內容；非可執行操作文案，保留畫面語境。,"Text(""狀態"")",f4e24293d664b55531b3925bf2a7ea79d1585293db9784df175fed548f2dfd44
V9-0570,surface,Sailune/ContentView.swift,814,25,.background(,待共用,直接背景或色值；需判定表面用途與既有 token 是否相同。,".background(Color.primary.opacity(0.07), in: Capsule())",f4e24293d664b55531b3925bf2a7ea79d1585293db9784df175fed548f2dfd44
V9-0571,copy,Sailune/ContentView.swift,819,21,"Label(""",待共用,直接 Button／Label／Menu 文案；需與同功能操作名稱及例外對照。,"Label(""\(wordCount) 字"", systemImage: ""character.textbox"")",f4e24293d664b55531b3925bf2a7ea79d1585293db9784df175fed548f2dfd44
V9-0572,symbol,Sailune/ContentView.swift,819,45,"systemImage: ""character.textbox""",待共用,直接 SF Symbol 字串；須依實際操作或資料語意分類。,"Label(""\(wordCount) 字"", systemImage: ""character.textbox"")",f4e24293d664b55531b3925bf2a7ea79d1585293db9784df175fed548f2dfd44
V9-0573,copy,Sailune/ContentView.swift,825,21,"Text(""",合理例外,靜態欄名或領域內容；非可執行操作文案，保留畫面語境。,"Text(""建立：\(book.createdAt, style: .date)"")",f4e24293d664b55531b3925bf2a7ea79d1585293db9784df175fed548f2dfd44
V9-0574,copy,Sailune/ContentView.swift,826,21,"Text(""",合理例外,靜態欄名或領域內容；非可執行操作文案，保留畫面語境。,"Text(""更新：\(book.updatedAt, style: .date)"")",f4e24293d664b55531b3925bf2a7ea79d1585293db9784df175fed548f2dfd44
V9-0575,surface,Sailune/ContentView.swift,834,13,.background(,待共用,直接背景或色值；需判定表面用途與既有 token 是否相同。,.background(Color(nsColor: .controlBackgroundColor)),f4e24293d664b55531b3925bf2a7ea79d1585293db9784df175fed548f2dfd44
V9-0576,button,Sailune/ContentView.swift,906,17,Button(,待共用,原生 Button；須按動作角色、位置、命中與資料 action 判定共用外殼或具名例外。,Button(SailuneActionCopy.cancel) { onCancel() },f4e24293d664b55531b3925bf2a7ea79d1585293db9784df175fed548f2dfd44
V9-0577,copy,Sailune/ContentView.swift,906,24,SailuneActionCopy.cancel,已共用,使用或定義集中操作文案。,Button(SailuneActionCopy.cancel) { onCancel() },f4e24293d664b55531b3925bf2a7ea79d1585293db9784df175fed548f2dfd44
V9-0578,button,Sailune/ContentView.swift,908,17,Button(,待共用,原生 Button；須按動作角色、位置、命中與資料 action 判定共用外殼或具名例外。,"Button(""刪除書籍"", role: .destructive) { onConfirm() }",f4e24293d664b55531b3925bf2a7ea79d1585293db9784df175fed548f2dfd44
V9-0579,copy,Sailune/ContentView.swift,908,17,"Button(""",待共用,直接 Button／Label／Menu 文案；需與同功能操作名稱及例外對照。,"Button(""刪除書籍"", role: .destructive) { onConfirm() }",f4e24293d664b55531b3925bf2a7ea79d1585293db9784df175fed548f2dfd44
V9-0580,surface,Sailune/ContentView.swift,914,9,.background(,待共用,直接背景或色值；需判定表面用途與既有 token 是否相同。,".background(Color(nsColor: .windowBackgroundColor), in: RoundedRectangle(cornerRadius: 12, style: .continuous))",f4e24293d664b55531b3925bf2a7ea79d1585293db9784df175fed548f2dfd44
V9-0581,button,Sailune/ContentView.swift,939,17,Button(,待共用,原生 Button；須按動作角色、位置、命中與資料 action 判定共用外殼或具名例外。,Button(SailuneActionCopy.acknowledge) { onDismiss() },f4e24293d664b55531b3925bf2a7ea79d1585293db9784df175fed548f2dfd44
V9-0582,copy,Sailune/ContentView.swift,939,24,SailuneActionCopy.acknowledge,已共用,使用或定義集中操作文案。,Button(SailuneActionCopy.acknowledge) { onDismiss() },f4e24293d664b55531b3925bf2a7ea79d1585293db9784df175fed548f2dfd44
V9-0583,surface,Sailune/ContentView.swift,945,9,.background(,待共用,直接背景或色值；需判定表面用途與既有 token 是否相同。,".background(Color(nsColor: .windowBackgroundColor), in: RoundedRectangle(cornerRadius: 12, style: .continuous))",f4e24293d664b55531b3925bf2a7ea79d1585293db9784df175fed548f2dfd44
V9-0584,copy,Sailune/ContentView.swift,975,17,"Text(""",合理例外,靜態欄名或領域內容；非可執行操作文案，保留畫面語境。,"Text(""新建書籍"")",f4e24293d664b55531b3925bf2a7ea79d1585293db9784df175fed548f2dfd44
V9-0585,field,Sailune/ContentView.swift,979,21,SailuneFormTextField(,已共用,引用或定義共用欄位；焦點、組字及內距仍需代表畫面驗收。,"SailuneFormTextField(title: ""書名"", text: $title)",f4e24293d664b55531b3925bf2a7ea79d1585293db9784df175fed548f2dfd44
V9-0586,field,Sailune/ContentView.swift,981,21,SailuneFormTextField(,已共用,引用或定義共用欄位；焦點、組字及內距仍需代表畫面驗收。,"SailuneFormTextField(title: ""作者"", text: $author)",f4e24293d664b55531b3925bf2a7ea79d1585293db9784df175fed548f2dfd44
V9-0587,button,Sailune/ContentView.swift,989,21,Button(,待共用,原生 Button；須按動作角色、位置、命中與資料 action 判定共用外殼或具名例外。,Button(SailuneActionCopy.cancel) {,f4e24293d664b55531b3925bf2a7ea79d1585293db9784df175fed548f2dfd44
V9-0588,copy,Sailune/ContentView.swift,989,28,SailuneActionCopy.cancel,已共用,使用或定義集中操作文案。,Button(SailuneActionCopy.cancel) {,f4e24293d664b55531b3925bf2a7ea79d1585293db9784df175fed548f2dfd44
V9-0589,button_style,Sailune/ContentView.swift,992,21,.buttonStyle(,待共用,原生樣式；需與同語意按鈕比對，不能只按 style 名稱批量替換。,.buttonStyle(.bordered),f4e24293d664b55531b3925bf2a7ea79d1585293db9784df175fed548f2dfd44
V9-0590,button,Sailune/ContentView.swift,993,21,Button(,待共用,原生 Button；須按動作角色、位置、命中與資料 action 判定共用外殼或具名例外。,Button(SailuneActionCopy.done) {,f4e24293d664b55531b3925bf2a7ea79d1585293db9784df175fed548f2dfd44
V9-0591,copy,Sailune/ContentView.swift,993,28,SailuneActionCopy.done,已共用,使用或定義集中操作文案。,Button(SailuneActionCopy.done) {,f4e24293d664b55531b3925bf2a7ea79d1585293db9784df175fed548f2dfd44
V9-0592,button_style,Sailune/ContentView.swift,996,21,.buttonStyle(,待共用,原生樣式；需與同語意按鈕比對，不能只按 style 名稱批量替換。,.buttonStyle(.borderedProminent),f4e24293d664b55531b3925bf2a7ea79d1585293db9784df175fed548f2dfd44
V9-0593,failure_path,Sailune/ContentView.swift,1051,11,catch,待共用,失敗分支或可選錯誤；需核對主要結果、次要錯誤記錄與恢復契約。,} catch {,f4e24293d664b55531b3925bf2a7ea79d1585293db9784df175fed548f2dfd44
V9-0594,dialog,Sailune/EditorWorkspaceView.swift,230,9,.sheet(,待共用,原生呈現入口；需按確認、錯誤、取消及資料後果分組，僅呈現外殼可共用。,.sheet(isPresented: $showingCommandPalette) {,bd404a524632d306c4db3df7f7ef29dfe495e23d36307a8d8f5dff0b912ecffb
V9-0595,dialog,Sailune/EditorWorkspaceView.swift,236,9,.sheet(,待共用,原生呈現入口；需按確認、錯誤、取消及資料後果分組，僅呈現外殼可共用。,.sheet(isPresented: $showingShortcutHelp) {,bd404a524632d306c4db3df7f7ef29dfe495e23d36307a8d8f5dff0b912ecffb
V9-0596,copy,Sailune/EditorWorkspaceView.swift,271,66,"Label(""",待共用,直接 Button／Label／Menu 文案；需與同功能操作名稱及例外對照。,"Button { showingCommandPalette = true } label: { Label(""指令面板"", systemImage: ""command"") }",bd404a524632d306c4db3df7f7ef29dfe495e23d36307a8d8f5dff0b912ecffb
V9-0597,symbol,Sailune/EditorWorkspaceView.swift,271,80,"systemImage: ""command""",待共用,直接 SF Symbol 字串；須依實際操作或資料語意分類。,"Button { showingCommandPalette = true } label: { Label(""指令面板"", systemImage: ""command"") }",bd404a524632d306c4db3df7f7ef29dfe495e23d36307a8d8f5dff0b912ecffb
V9-0598,copy,Sailune/EditorWorkspaceView.swift,281,34,SailuneActionCopy.exportText,已共用,使用或定義集中操作文案。,"} label: { Label(SailuneActionCopy.exportText, systemImage: SailuneSymbol.exportText.systemName) }",bd404a524632d306c4db3df7f7ef29dfe495e23d36307a8d8f5dff0b912ecffb
V9-0599,symbol,Sailune/EditorWorkspaceView.swift,281,77,SailuneSymbol.exportText,已共用,使用或定義語意圖標 key；原字形由集中表提供。,"} label: { Label(SailuneActionCopy.exportText, systemImage: SailuneSymbol.exportText.systemName) }",bd404a524632d306c4db3df7f7ef29dfe495e23d36307a8d8f5dff0b912ecffb
V9-0600,copy,Sailune/EditorWorkspaceView.swift,282,98,SailuneActionCopy.exportEpub,已共用,使用或定義集中操作文案。,"Button { exportRequest = EpubExporter.exportRequest(book: book) } label: { Label(SailuneActionCopy.exportEpub, systemImage: SailuneSymbol.exportEpub.systemName) }",bd404a524632d306c4db3df7f7ef29dfe495e23d36307a8d8f5dff0b912ecffb
V9-0601,symbol,Sailune/EditorWorkspaceView.swift,282,141,SailuneSymbol.exportEpub,已共用,使用或定義語意圖標 key；原字形由集中表提供。,"Button { exportRequest = EpubExporter.exportRequest(book: book) } label: { Label(SailuneActionCopy.exportEpub, systemImage: SailuneSymbol.exportEpub.systemName) }",bd404a524632d306c4db3df7f7ef29dfe495e23d36307a8d8f5dff0b912ecffb
V9-0602,copy,Sailune/EditorWorkspaceView.swift,283,24,"Label(""",待共用,直接 Button／Label／Menu 文案；需與同功能操作名稱及例外對照。,"} label: { Label(""更多"", systemImage: SailuneSymbol.more.systemName) }",bd404a524632d306c4db3df7f7ef29dfe495e23d36307a8d8f5dff0b912ecffb
V9-0603,symbol,Sailune/EditorWorkspaceView.swift,283,49,SailuneSymbol.more,已共用,使用或定義語意圖標 key；原字形由集中表提供。,"} label: { Label(""更多"", systemImage: SailuneSymbol.more.systemName) }",bd404a524632d306c4db3df7f7ef29dfe495e23d36307a8d8f5dff0b912ecffb
V9-0604,copy,Sailune/EditorWorkspaceView.swift,286,21,"Label(""",待共用,直接 Button／Label／Menu 文案；需與同功能操作名稱及例外對照。,"Label(""編輯"", systemImage: EditorWorkspaceMode.writing.systemImage)",bd404a524632d306c4db3df7f7ef29dfe495e23d36307a8d8f5dff0b912ecffb
V9-0605,accessibility,Sailune/EditorWorkspaceView.swift,289,17,.help(,待共用,直接提示或輔助描述；需核對同操作名稱及可點擊對象。,".help(""編輯"")",bd404a524632d306c4db3df7f7ef29dfe495e23d36307a8d8f5dff0b912ecffb
V9-0606,copy,Sailune/EditorWorkspaceView.swift,291,21,"Label(""",待共用,直接 Button／Label／Menu 文案；需與同功能操作名稱及例外對照。,"Label(""AI 助手"", systemImage: ""sparkles"")",bd404a524632d306c4db3df7f7ef29dfe495e23d36307a8d8f5dff0b912ecffb
V9-0607,symbol,Sailune/EditorWorkspaceView.swift,291,36,"systemImage: ""sparkles""",待共用,直接 SF Symbol 字串；須依實際操作或資料語意分類。,"Label(""AI 助手"", systemImage: ""sparkles"")",bd404a524632d306c4db3df7f7ef29dfe495e23d36307a8d8f5dff0b912ecffb
V9-0608,accessibility,Sailune/EditorWorkspaceView.swift,294,17,.help(,待共用,直接提示或輔助描述；需核對同操作名稱及可點擊對象。,".help(""顯示／隱藏 AI 助手"")",bd404a524632d306c4db3df7f7ef29dfe495e23d36307a8d8f5dff0b912ecffb
V9-0609,copy,Sailune/EditorWorkspaceView.swift,296,21,"Label(""",待共用,直接 Button／Label／Menu 文案；需與同功能操作名稱及例外對照。,"Label(""大綱"", systemImage: EditorWorkspaceMode.planning.systemImage)",bd404a524632d306c4db3df7f7ef29dfe495e23d36307a8d8f5dff0b912ecffb
V9-0610,accessibility,Sailune/EditorWorkspaceView.swift,299,17,.help(,待共用,直接提示或輔助描述；需核對同操作名稱及可點擊對象。,".help(""大綱"")",bd404a524632d306c4db3df7f7ef29dfe495e23d36307a8d8f5dff0b912ecffb
V9-0611,copy,Sailune/EditorWorkspaceView.swift,301,21,"Label(""",待共用,直接 Button／Label／Menu 文案；需與同功能操作名稱及例外對照。,"Label(""地圖"", systemImage: EditorWorkspaceMode.map.systemImage)",bd404a524632d306c4db3df7f7ef29dfe495e23d36307a8d8f5dff0b912ecffb
V9-0612,accessibility,Sailune/EditorWorkspaceView.swift,304,17,.help(,待共用,直接提示或輔助描述；需核對同操作名稱及可點擊對象。,".help(""地圖"")",bd404a524632d306c4db3df7f7ef29dfe495e23d36307a8d8f5dff0b912ecffb
V9-0613,copy,Sailune/EditorWorkspaceView.swift,308,17,"Label(""",待共用,直接 Button／Label／Menu 文案；需與同功能操作名稱及例外對照。,"Label(""設定集"", systemImage: ""sidebar.right"")",bd404a524632d306c4db3df7f7ef29dfe495e23d36307a8d8f5dff0b912ecffb
V9-0614,symbol,Sailune/EditorWorkspaceView.swift,308,30,"systemImage: ""sidebar.right""",待共用,直接 SF Symbol 字串；須依實際操作或資料語意分類。,"Label(""設定集"", systemImage: ""sidebar.right"")",bd404a524632d306c4db3df7f7ef29dfe495e23d36307a8d8f5dff0b912ecffb
V9-0615,accessibility,Sailune/EditorWorkspaceView.swift,310,13,.help(,待共用,直接提示或輔助描述；需核對同操作名稱及可點擊對象。,".help(""顯示/隱藏右欄設定集"")",bd404a524632d306c4db3df7f7ef29dfe495e23d36307a8d8f5dff0b912ecffb
V9-0616,failure_path,Sailune/EditorWorkspaceView.swift,474,11,catch,待共用,失敗分支或可選錯誤；需核對主要結果、次要錯誤記錄與恢復契約。,} catch {,bd404a524632d306c4db3df7f7ef29dfe495e23d36307a8d8f5dff0b912ecffb
V9-0617,symbol,Sailune/EditorWorkspaceView.swift,541,35,SailuneSymbol.search,已共用,使用或定義語意圖標 key；原字形由集中表提供。,Image(systemName: SailuneSymbol.search.systemName).foregroundStyle(.secondary),bd404a524632d306c4db3df7f7ef29dfe495e23d36307a8d8f5dff0b912ecffb
V9-0618,field,Sailune/EditorWorkspaceView.swift,542,17,TextField(,待共用,原生欄位；需檢查數值、焦點、提交與多行等專用契約。,"TextField(""輸入指令…"", text: $query)",bd404a524632d306c4db3df7f7ef29dfe495e23d36307a8d8f5dff0b912ecffb
V9-0619,button,Sailune/EditorWorkspaceView.swift,545,17,Button(,待共用,原生 Button；須按動作角色、位置、命中與資料 action 判定共用外殼或具名例外。,Button(SailuneActionCopy.cancel) { dismiss() },bd404a524632d306c4db3df7f7ef29dfe495e23d36307a8d8f5dff0b912ecffb
V9-0620,copy,Sailune/EditorWorkspaceView.swift,545,24,SailuneActionCopy.cancel,已共用,使用或定義集中操作文案。,Button(SailuneActionCopy.cancel) { dismiss() },bd404a524632d306c4db3df7f7ef29dfe495e23d36307a8d8f5dff0b912ecffb
V9-0621,button_style,Sailune/EditorWorkspaceView.swift,546,21,.buttonStyle(,待共用,原生樣式；需與同語意按鈕比對，不能只按 style 名稱批量替換。,.buttonStyle(.borderless),bd404a524632d306c4db3df7f7ef29dfe495e23d36307a8d8f5dff0b912ecffb
V9-0622,button_style,Sailune/EditorWorkspaceView.swift,564,17,.buttonStyle(,待共用,原生樣式；需與同語意按鈕比對，不能只按 style 名稱批量替換。,.buttonStyle(.plain),bd404a524632d306c4db3df7f7ef29dfe495e23d36307a8d8f5dff0b912ecffb
V9-0623,copy,Sailune/EditorWorkspaceView.swift,580,17,"Text(""",合理例外,靜態欄名或領域內容；非可執行操作文案，保留畫面語境。,"Text(""快捷鍵"").font(.title2.weight(.semibold))",bd404a524632d306c4db3df7f7ef29dfe495e23d36307a8d8f5dff0b912ecffb
V9-0624,button,Sailune/EditorWorkspaceView.swift,582,17,Button(,待共用,原生 Button；須按動作角色、位置、命中與資料 action 判定共用外殼或具名例外。,Button(SailuneActionCopy.done) { dismiss() },bd404a524632d306c4db3df7f7ef29dfe495e23d36307a8d8f5dff0b912ecffb
V9-0625,copy,Sailune/EditorWorkspaceView.swift,582,24,SailuneActionCopy.done,已共用,使用或定義集中操作文案。,Button(SailuneActionCopy.done) { dismiss() },bd404a524632d306c4db3df7f7ef29dfe495e23d36307a8d8f5dff0b912ecffb
V9-0626,button,Sailune/EditorWorkspaceView.swift,627,17,Button(,待共用,原生 Button；須按動作角色、位置、命中與資料 action 判定共用外殼或具名例外。,Button(action: addVolume) {,bd404a524632d306c4db3df7f7ef29dfe495e23d36307a8d8f5dff0b912ecffb
V9-0627,copy,Sailune/EditorWorkspaceView.swift,628,21,"Label(""",待共用,直接 Button／Label／Menu 文案；需與同功能操作名稱及例外對照。,"Label(""新增卷"", systemImage: SailuneSymbol.addVolume.systemName)",bd404a524632d306c4db3df7f7ef29dfe495e23d36307a8d8f5dff0b912ecffb
V9-0628,symbol,Sailune/EditorWorkspaceView.swift,628,47,SailuneSymbol.addVolume,已共用,使用或定義語意圖標 key；原字形由集中表提供。,"Label(""新增卷"", systemImage: SailuneSymbol.addVolume.systemName)",bd404a524632d306c4db3df7f7ef29dfe495e23d36307a8d8f5dff0b912ecffb
V9-0629,button_style,Sailune/EditorWorkspaceView.swift,630,17,.buttonStyle(,待共用,原生樣式；需與同語意按鈕比對，不能只按 style 名稱批量替換。,.buttonStyle(.borderless),bd404a524632d306c4db3df7f7ef29dfe495e23d36307a8d8f5dff0b912ecffb
V9-0630,accessibility,Sailune/EditorWorkspaceView.swift,631,17,.help(,待共用,直接提示或輔助描述；需核對同操作名稱及可點擊對象。,".help(""新增卷"")",bd404a524632d306c4db3df7f7ef29dfe495e23d36307a8d8f5dff0b912ecffb
V9-0631,button,Sailune/EditorWorkspaceView.swift,632,17,Button(,待共用,原生 Button；須按動作角色、位置、命中與資料 action 判定共用外殼或具名例外。,Button(action: addSection) {,bd404a524632d306c4db3df7f7ef29dfe495e23d36307a8d8f5dff0b912ecffb
V9-0632,copy,Sailune/EditorWorkspaceView.swift,633,21,"Label(""",待共用,直接 Button／Label／Menu 文案；需與同功能操作名稱及例外對照。,"Label(""新增節"", systemImage: SailuneSymbol.addSection.systemName)",bd404a524632d306c4db3df7f7ef29dfe495e23d36307a8d8f5dff0b912ecffb
V9-0633,symbol,Sailune/EditorWorkspaceView.swift,633,47,SailuneSymbol.addSection,已共用,使用或定義語意圖標 key；原字形由集中表提供。,"Label(""新增節"", systemImage: SailuneSymbol.addSection.systemName)",bd404a524632d306c4db3df7f7ef29dfe495e23d36307a8d8f5dff0b912ecffb
V9-0634,button_style,Sailune/EditorWorkspaceView.swift,635,17,.buttonStyle(,待共用,原生樣式；需與同語意按鈕比對，不能只按 style 名稱批量替換。,.buttonStyle(.borderless),bd404a524632d306c4db3df7f7ef29dfe495e23d36307a8d8f5dff0b912ecffb
V9-0635,accessibility,Sailune/EditorWorkspaceView.swift,636,17,.help(,待共用,直接提示或輔助描述；需核對同操作名稱及可點擊對象。,".help(""新增節"")",bd404a524632d306c4db3df7f7ef29dfe495e23d36307a8d8f5dff0b912ecffb
V9-0636,surface,Sailune/EditorWorkspaceView.swift,641,13,.background(,待共用,直接背景或色值；需判定表面用途與既有 token 是否相同。,.background(Color.workspacePanelBackground),bd404a524632d306c4db3df7f7ef29dfe495e23d36307a8d8f5dff0b912ecffb
V9-0637,copy,Sailune/EditorWorkspaceView.swift,651,37,"Text(""",合理例外,靜態欄名或領域內容；非可執行操作文案，保留畫面語境。,"Text(""這一卷還沒有節"").font(.caption).foregroundStyle(.secondary)",bd404a524632d306c4db3df7f7ef29dfe495e23d36307a8d8f5dff0b912ecffb
V9-0638,button,Sailune/EditorWorkspaceView.swift,652,37,Button(,待共用,原生 Button；須按動作角色、位置、命中與資料 action 判定共用外殼或具名例外。,"Button(""新增第一節"", systemImage: SailuneSymbol.add.systemName) { addSection(to: volume) }",bd404a524632d306c4db3df7f7ef29dfe495e23d36307a8d8f5dff0b912ecffb
V9-0639,copy,Sailune/EditorWorkspaceView.swift,652,37,"Button(""",待共用,直接 Button／Label／Menu 文案；需與同功能操作名稱及例外對照。,"Button(""新增第一節"", systemImage: SailuneSymbol.add.systemName) { addSection(to: volume) }",bd404a524632d306c4db3df7f7ef29dfe495e23d36307a8d8f5dff0b912ecffb
V9-0640,symbol,Sailune/EditorWorkspaceView.swift,652,66,SailuneSymbol.add,已共用,使用或定義語意圖標 key；原字形由集中表提供。,"Button(""新增第一節"", systemImage: SailuneSymbol.add.systemName) { addSection(to: volume) }",bd404a524632d306c4db3df7f7ef29dfe495e23d36307a8d8f5dff0b912ecffb
V9-0641,button_style,Sailune/EditorWorkspaceView.swift,653,41,.buttonStyle(,待共用,原生樣式；需與同語意按鈕比對，不能只按 style 名稱批量替換。,.buttonStyle(.borderedProminent),bd404a524632d306c4db3df7f7ef29dfe495e23d36307a8d8f5dff0b912ecffb
V9-0642,surface,Sailune/EditorWorkspaceView.swift,668,13,.background(,待共用,直接背景或色值；需判定表面用途與既有 token 是否相同。,.background(Color.workspacePanelBackground),bd404a524632d306c4db3df7f7ef29dfe495e23d36307a8d8f5dff0b912ecffb
V9-0643,surface,Sailune/EditorWorkspaceView.swift,671,9,.background(,待共用,直接背景或色值；需判定表面用途與既有 token 是否相同。,.background(Color.workspacePanelBackground),bd404a524632d306c4db3df7f7ef29dfe495e23d36307a8d8f5dff0b912ecffb
V9-0644,dialog,Sailune/EditorWorkspaceView.swift,672,9,.alert(,待共用,原生呈現入口；需按確認、錯誤、取消及資料後果分組，僅呈現外殼可共用。,".alert(""確認刪除"",",bd404a524632d306c4db3df7f7ef29dfe495e23d36307a8d8f5dff0b912ecffb
V9-0645,button,Sailune/EditorWorkspaceView.swift,675,13,Button(,待共用,原生 Button；須按動作角色、位置、命中與資料 action 判定共用外殼或具名例外。,"Button(SailuneActionCopy.cancel, role: .cancel) { }",bd404a524632d306c4db3df7f7ef29dfe495e23d36307a8d8f5dff0b912ecffb
V9-0646,copy,Sailune/EditorWorkspaceView.swift,675,20,SailuneActionCopy.cancel,已共用,使用或定義集中操作文案。,"Button(SailuneActionCopy.cancel, role: .cancel) { }",bd404a524632d306c4db3df7f7ef29dfe495e23d36307a8d8f5dff0b912ecffb
V9-0647,button,Sailune/EditorWorkspaceView.swift,676,13,Button(,待共用,原生 Button；須按動作角色、位置、命中與資料 action 判定共用外殼或具名例外。,"Button(SailuneActionCopy.delete, role: .destructive) { performDelete(target) }",bd404a524632d306c4db3df7f7ef29dfe495e23d36307a8d8f5dff0b912ecffb
V9-0648,copy,Sailune/EditorWorkspaceView.swift,676,20,SailuneActionCopy.delete,已共用,使用或定義集中操作文案。,"Button(SailuneActionCopy.delete, role: .destructive) { performDelete(target) }",bd404a524632d306c4db3df7f7ef29dfe495e23d36307a8d8f5dff0b912ecffb
V9-0649,copy,Sailune/EditorWorkspaceView.swift,679,34,"Text(""",合理例外,靜態欄名或領域內容；非可執行操作文案，保留畫面語境。,"case .volume(let v): Text(""確定要刪除卷「\(v.title)」嗎？其下所有節將一併刪除，且無法復原。"")",bd404a524632d306c4db3df7f7ef29dfe495e23d36307a8d8f5dff0b912ecffb
V9-0650,copy,Sailune/EditorWorkspaceView.swift,680,35,"Text(""",合理例外,靜態欄名或領域內容；非可執行操作文案，保留畫面語境。,"case .section(let s): Text(""確定要刪除節「\(s.title)」嗎？此操作無法復原。"")",bd404a524632d306c4db3df7f7ef29dfe495e23d36307a8d8f5dff0b912ecffb
V9-0651,button,Sailune/EditorWorkspaceView.swift,690,21,Button(,待共用,原生 Button；須按動作角色、位置、命中與資料 action 判定共用外殼或具名例外。,"Button(""復原"") { restore(undoTarget) }",bd404a524632d306c4db3df7f7ef29dfe495e23d36307a8d8f5dff0b912ecffb
V9-0652,copy,Sailune/EditorWorkspaceView.swift,690,21,"Button(""",待共用,直接 Button／Label／Menu 文案；需與同功能操作名稱及例外對照。,"Button(""復原"") { restore(undoTarget) }",bd404a524632d306c4db3df7f7ef29dfe495e23d36307a8d8f5dff0b912ecffb
V9-0653,button_style,Sailune/EditorWorkspaceView.swift,691,25,.buttonStyle(,待共用,原生樣式；需與同語意按鈕比對，不能只按 style 名稱批量替換。,.buttonStyle(.borderedProminent),bd404a524632d306c4db3df7f7ef29dfe495e23d36307a8d8f5dff0b912ecffb
V9-0654,surface,Sailune/EditorWorkspaceView.swift,696,17,.background(,待共用,直接背景或色值；需判定表面用途與既有 token 是否相同。,".background(.regularMaterial, in: RoundedRectangle(cornerRadius: 10))",bd404a524632d306c4db3df7f7ef29dfe495e23d36307a8d8f5dff0b912ecffb
V9-0655,button,Sailune/EditorWorkspaceView.swift,739,13,Button(,待共用,原生 Button；須按動作角色、位置、命中與資料 action 判定共用外殼或具名例外。,Button(action: {,bd404a524632d306c4db3df7f7ef29dfe495e23d36307a8d8f5dff0b912ecffb
V9-0656,symbol,Sailune/EditorWorkspaceView.swift,743,35,SailuneSymbol.add,已共用,使用或定義語意圖標 key；原字形由集中表提供。,Image(systemName: SailuneSymbol.add.systemName),bd404a524632d306c4db3df7f7ef29dfe495e23d36307a8d8f5dff0b912ecffb
V9-0657,button_style,Sailune/EditorWorkspaceView.swift,749,13,.buttonStyle(,待共用,原生樣式；需與同語意按鈕比對，不能只按 style 名稱批量替換。,.buttonStyle(.plain) // 使用 plain 避免破壞 List 的選取背景色,bd404a524632d306c4db3df7f7ef29dfe495e23d36307a8d8f5dff0b912ecffb
V9-0658,accessibility,Sailune/EditorWorkspaceView.swift,750,17,.help(,待共用,直接提示或輔助描述；需核對同操作名稱及可點擊對象。,".help(""在此卷新增節"")",bd404a524632d306c4db3df7f7ef29dfe495e23d36307a8d8f5dff0b912ecffb
V9-0659,copy,Sailune/EditorWorkspaceView.swift,757,89,"Label(""",待共用,直接 Button／Label／Menu 文案；需與同功能操作名稱及例外對照。,"Button { startRenaming(id: volume.id, currentName: volume.title) } label: { Label(""重新命名"", systemImage: SailuneSymbol.edit.systemName) }",bd404a524632d306c4db3df7f7ef29dfe495e23d36307a8d8f5dff0b912ecffb
V9-0660,symbol,Sailune/EditorWorkspaceView.swift,757,116,SailuneSymbol.edit,已共用,使用或定義語意圖標 key；原字形由集中表提供。,"Button { startRenaming(id: volume.id, currentName: volume.title) } label: { Label(""重新命名"", systemImage: SailuneSymbol.edit.systemName) }",bd404a524632d306c4db3df7f7ef29dfe495e23d36307a8d8f5dff0b912ecffb
V9-0661,copy,Sailune/EditorWorkspaceView.swift,759,56,"Label(""",待共用,直接 Button／Label／Menu 文案；需與同功能操作名稱及例外對照。,"Button { addSection(to: volume) } label: { Label(""新增節"", systemImage: SailuneSymbol.addSection.systemName) }",bd404a524632d306c4db3df7f7ef29dfe495e23d36307a8d8f5dff0b912ecffb
V9-0662,symbol,Sailune/EditorWorkspaceView.swift,759,82,SailuneSymbol.addSection,已共用,使用或定義語意圖標 key；原字形由集中表提供。,"Button { addSection(to: volume) } label: { Label(""新增節"", systemImage: SailuneSymbol.addSection.systemName) }",bd404a524632d306c4db3df7f7ef29dfe495e23d36307a8d8f5dff0b912ecffb
V9-0663,button,Sailune/EditorWorkspaceView.swift,760,13,Button(,待共用,原生 Button；須按動作角色、位置、命中與資料 action 判定共用外殼或具名例外。,"Button(role: .destructive) { deleteTarget = .volume(volume) } label: { Label(""刪除卷"", systemImage: SailuneSymbol.delete.systemName) }",bd404a524632d306c4db3df7f7ef29dfe495e23d36307a8d8f5dff0b912ecffb
V9-0664,copy,Sailune/EditorWorkspaceView.swift,760,84,"Label(""",待共用,直接 Button／Label／Menu 文案；需與同功能操作名稱及例外對照。,"Button(role: .destructive) { deleteTarget = .volume(volume) } label: { Label(""刪除卷"", systemImage: SailuneSymbol.delete.systemName) }",bd404a524632d306c4db3df7f7ef29dfe495e23d36307a8d8f5dff0b912ecffb
V9-0665,symbol,Sailune/EditorWorkspaceView.swift,760,110,SailuneSymbol.delete,已共用,使用或定義語意圖標 key；原字形由集中表提供。,"Button(role: .destructive) { deleteTarget = .volume(volume) } label: { Label(""刪除卷"", systemImage: SailuneSymbol.delete.systemName) }",bd404a524632d306c4db3df7f7ef29dfe495e23d36307a8d8f5dff0b912ecffb
V9-0666,symbol,Sailune/EditorWorkspaceView.swift,769,19,"systemName: ""line.3.horizontal""",待共用,直接 SF Symbol 字串；須依實際操作或資料語意分類。,"Image(systemName: ""line.3.horizontal"").font(.system(size: 9, weight: .bold)).foregroundStyle(.tertiary)",bd404a524632d306c4db3df7f7ef29dfe495e23d36307a8d8f5dff0b912ecffb
V9-0667,symbol,Sailune/EditorWorkspaceView.swift,772,19,"systemName: ""doc.text""",待共用,直接 SF Symbol 字串；須依實際操作或資料語意分類。,"Image(systemName: ""doc.text"").foregroundStyle(.secondary).frame(width: 14)",bd404a524632d306c4db3df7f7ef29dfe495e23d36307a8d8f5dff0b912ecffb
V9-0668,copy,Sailune/EditorWorkspaceView.swift,777,21,"Text(""",合理例外,靜態欄名或領域內容；非可執行操作文案，保留畫面語境。,"Text(""\(index)｜"")",bd404a524632d306c4db3df7f7ef29dfe495e23d36307a8d8f5dff0b912ecffb
V9-0669,surface,Sailune/EditorWorkspaceView.swift,808,9,.background(,待共用,直接背景或色值；需判定表面用途與既有 token 是否相同。,.background(selectedSection?.id == section.id ? Color.accentColor.opacity(0.2) : Color.clear),bd404a524632d306c4db3df7f7ef29dfe495e23d36307a8d8f5dff0b912ecffb
V9-0670,copy,Sailune/EditorWorkspaceView.swift,815,91,"Label(""",待共用,直接 Button／Label／Menu 文案；需與同功能操作名稱及例外對照。,"Button { startRenaming(id: section.id, currentName: section.title) } label: { Label(""重新命名"", systemImage: SailuneSymbol.edit.systemName) }",bd404a524632d306c4db3df7f7ef29dfe495e23d36307a8d8f5dff0b912ecffb
V9-0671,symbol,Sailune/EditorWorkspaceView.swift,815,118,SailuneSymbol.edit,已共用,使用或定義語意圖標 key；原字形由集中表提供。,"Button { startRenaming(id: section.id, currentName: section.title) } label: { Label(""重新命名"", systemImage: SailuneSymbol.edit.systemName) }",bd404a524632d306c4db3df7f7ef29dfe495e23d36307a8d8f5dff0b912ecffb
V9-0672,copy,Sailune/EditorWorkspaceView.swift,819,24,"Label(""",待共用,直接 Button／Label／Menu 文案；需與同功能操作名稱及例外對照。,"} label: { Label(""新增節"", systemImage: SailuneSymbol.addSection.systemName) }",bd404a524632d306c4db3df7f7ef29dfe495e23d36307a8d8f5dff0b912ecffb
V9-0673,symbol,Sailune/EditorWorkspaceView.swift,819,50,SailuneSymbol.addSection,已共用,使用或定義語意圖標 key；原字形由集中表提供。,"} label: { Label(""新增節"", systemImage: SailuneSymbol.addSection.systemName) }",bd404a524632d306c4db3df7f7ef29dfe495e23d36307a8d8f5dff0b912ecffb
V9-0674,button,Sailune/EditorWorkspaceView.swift,821,13,Button(,待共用,原生 Button；須按動作角色、位置、命中與資料 action 判定共用外殼或具名例外。,"Button(role: .destructive) { deleteTarget = .section(section) } label: { Label(""刪除節"", systemImage: SailuneSymbol.delete.systemName) }",bd404a524632d306c4db3df7f7ef29dfe495e23d36307a8d8f5dff0b912ecffb
V9-0675,copy,Sailune/EditorWorkspaceView.swift,821,86,"Label(""",待共用,直接 Button／Label／Menu 文案；需與同功能操作名稱及例外對照。,"Button(role: .destructive) { deleteTarget = .section(section) } label: { Label(""刪除節"", systemImage: SailuneSymbol.delete.systemName) }",bd404a524632d306c4db3df7f7ef29dfe495e23d36307a8d8f5dff0b912ecffb
V9-0676,symbol,Sailune/EditorWorkspaceView.swift,821,112,SailuneSymbol.delete,已共用,使用或定義語意圖標 key；原字形由集中表提供。,"Button(role: .destructive) { deleteTarget = .section(section) } label: { Label(""刪除節"", systemImage: SailuneSymbol.delete.systemName) }",bd404a524632d306c4db3df7f7ef29dfe495e23d36307a8d8f5dff0b912ecffb
V9-0677,field,Sailune/EditorWorkspaceView.swift,834,17,TextField(,待共用,原生欄位；需檢查數值、焦點、提交與多行等專用契約。,"TextField("""", text: $renameBuffer)",bd404a524632d306c4db3df7f7ef29dfe495e23d36307a8d8f5dff0b912ecffb
V9-0678,symbol,Sailune/EditorWorkspaceView.swift,843,82,SailuneSymbol.confirm,已共用,使用或定義語意圖標 key；原字形由集中表提供。,Button { commitAndClose(commit: commit) } label: { Image(systemName: SailuneSymbol.confirm.systemName).foregroundStyle(.green) },bd404a524632d306c4db3df7f7ef29dfe495e23d36307a8d8f5dff0b912ecffb
V9-0679,button_style,Sailune/EditorWorkspaceView.swift,844,17,.buttonStyle(,待共用,原生樣式；需與同語意按鈕比對，不能只按 style 名稱批量替換。,".buttonStyle(.borderless).help(""確認 (Enter)"")",bd404a524632d306c4db3df7f7ef29dfe495e23d36307a8d8f5dff0b912ecffb
V9-0680,accessibility,Sailune/EditorWorkspaceView.swift,844,42,.help(,待共用,直接提示或輔助描述；需核對同操作名稱及可點擊對象。,".buttonStyle(.borderless).help(""確認 (Enter)"")",bd404a524632d306c4db3df7f7ef29dfe495e23d36307a8d8f5dff0b912ecffb
V9-0681,symbol,Sailune/EditorWorkspaceView.swift,845,68,SailuneSymbol.cancel,已共用,使用或定義語意圖標 key；原字形由集中表提供。,Button { cancelRenaming() } label: { Image(systemName: SailuneSymbol.cancel.systemName).foregroundStyle(.secondary) },bd404a524632d306c4db3df7f7ef29dfe495e23d36307a8d8f5dff0b912ecffb
V9-0682,button_style,Sailune/EditorWorkspaceView.swift,846,17,.buttonStyle(,待共用,原生樣式；需與同語意按鈕比對，不能只按 style 名稱批量替換。,".buttonStyle(.borderless).help(""取消"")",bd404a524632d306c4db3df7f7ef29dfe495e23d36307a8d8f5dff0b912ecffb
V9-0683,accessibility,Sailune/EditorWorkspaceView.swift,846,42,.help(,待共用,直接提示或輔助描述；需核對同操作名稱及可點擊對象。,".buttonStyle(.borderless).help(""取消"")",bd404a524632d306c4db3df7f7ef29dfe495e23d36307a8d8f5dff0b912ecffb
V9-0684,failure_path,Sailune/EditorWorkspaceView.swift,981,17,catch,待共用,失敗分支或可選錯誤；需核對主要結果、次要錯誤記錄與恢復契約。,catch { presentPersistenceError(error) },bd404a524632d306c4db3df7f7ef29dfe495e23d36307a8d8f5dff0b912ecffb
V9-0685,failure_path,Sailune/EditorWorkspaceView.swift,1010,9,catch,待共用,失敗分支或可選錯誤；需核對主要結果、次要錯誤記錄與恢復契約。,catch { modelContext.rollback(); presentPersistenceError(error) },bd404a524632d306c4db3df7f7ef29dfe495e23d36307a8d8f5dff0b912ecffb
V9-0686,failure_path,Sailune/EditorWorkspaceView.swift,1182,11,catch,待共用,失敗分支或可選錯誤；需核對主要結果、次要錯誤記錄與恢復契約。,} catch {,bd404a524632d306c4db3df7f7ef29dfe495e23d36307a8d8f5dff0b912ecffb
V9-0687,copy,Sailune/EditorWorkspaceView.swift,1193,21,"Text(""",合理例外,靜態欄名或領域內容；非可執行操作文案，保留畫面語境。,"Text(""第 \(index) 節｜"")",bd404a524632d306c4db3df7f7ef29dfe495e23d36307a8d8f5dff0b912ecffb
V9-0688,field,Sailune/EditorWorkspaceView.swift,1200,21,TextField(,待共用,原生欄位；需檢查數值、焦點、提交與多行等專用契約。,"TextField(""節次標題"", text: Binding(",bd404a524632d306c4db3df7f7ef29dfe495e23d36307a8d8f5dff0b912ecffb
V9-0689,copy,Sailune/EditorWorkspaceView.swift,1226,37,"Label(""",待共用,直接 Button／Label／Menu 文案；需與同功能操作名稱及例外對照。,"Label(""標題"", systemImage: ""textformat.size"").labelStyle(.titleAndIcon)",bd404a524632d306c4db3df7f7ef29dfe495e23d36307a8d8f5dff0b912ecffb
V9-0690,symbol,Sailune/EditorWorkspaceView.swift,1226,49,"systemImage: ""textformat.size""",待共用,直接 SF Symbol 字串；須依實際操作或資料語意分類。,"Label(""標題"", systemImage: ""textformat.size"").labelStyle(.titleAndIcon)",bd404a524632d306c4db3df7f7ef29dfe495e23d36307a8d8f5dff0b912ecffb
V9-0691,button_style,Sailune/EditorWorkspaceView.swift,1228,33,.buttonStyle(,待共用,原生樣式；需與同語意按鈕比對，不能只按 style 名稱批量替換。,.buttonStyle(.borderless),bd404a524632d306c4db3df7f7ef29dfe495e23d36307a8d8f5dff0b912ecffb
V9-0692,accessibility,Sailune/EditorWorkspaceView.swift,1229,33,.help(,待共用,直接提示或輔助描述；需核對同操作名稱及可點擊對象。,".help(""將游標所在段落設為幕標題 / 內文 (⌘2)"")",bd404a524632d306c4db3df7f7ef29dfe495e23d36307a8d8f5dff0b912ecffb
V9-0693,symbol,Sailune/EditorWorkspaceView.swift,1235,47,"systemName: ""note.text""",待共用,直接 SF Symbol 字串；須依實際操作或資料語意分類。,"Image(systemName: ""note.text"")",bd404a524632d306c4db3df7f7ef29dfe495e23d36307a8d8f5dff0b912ecffb
V9-0694,button_style,Sailune/EditorWorkspaceView.swift,1246,33,.buttonStyle(,待共用,原生樣式；需與同語意按鈕比對，不能只按 style 名稱批量替換。,.buttonStyle(.borderless),bd404a524632d306c4db3df7f7ef29dfe495e23d36307a8d8f5dff0b912ecffb
V9-0695,accessibility,Sailune/EditorWorkspaceView.swift,1247,33,.help(,待共用,直接提示或輔助描述；需核對同操作名稱及可點擊對象。,".help(""預定大綱與修改註記"")",bd404a524632d306c4db3df7f7ef29dfe495e23d36307a8d8f5dff0b912ecffb
V9-0696,surface,Sailune/EditorWorkspaceView.swift,1271,17,.background(,待共用,直接背景或色值；需判定表面用途與既有 token 是否相同。,.background(Color.appBackground),bd404a524632d306c4db3df7f7ef29dfe495e23d36307a8d8f5dff0b912ecffb
V9-0697,failure_path,Sailune/EditorWorkspaceView.swift,1352,31,catch,待共用,失敗分支或可選錯誤；需核對主要結果、次要錯誤記錄與恢復契約。,} catch {,bd404a524632d306c4db3df7f7ef29dfe495e23d36307a8d8f5dff0b912ecffb
V9-0698,surface,Sailune/EditorWorkspaceView.swift,1381,29,.background(,待共用,直接背景或色值；需判定表面用途與既有 token 是否相同。,".background(.regularMaterial, in: RoundedRectangle(cornerRadius: 8))",bd404a524632d306c4db3df7f7ef29dfe495e23d36307a8d8f5dff0b912ecffb
V9-0699,copy,Sailune/EditorWorkspaceView.swift,1386,25,"Text(""",合理例外,靜態欄名或領域內容；非可執行操作文案，保留畫面語境。,"Text(""內容會自動儲存，開始輸入正文…"")",bd404a524632d306c4db3df7f7ef29dfe495e23d36307a8d8f5dff0b912ecffb
V9-0700,copy,Sailune/EditorWorkspaceView.swift,1401,21,"Text(""",合理例外,靜態欄名或領域內容；非可執行操作文案，保留畫面語境。,"Text(""\(liveWordCount) 字 · 第 \(index) 節 · \(section.volume?.title ?? """")"")",bd404a524632d306c4db3df7f7ef29dfe495e23d36307a8d8f5dff0b912ecffb
V9-0701,surface,Sailune/EditorWorkspaceView.swift,1407,17,.background(,待共用,直接背景或色值；需判定表面用途與既有 token 是否相同。,.background(Color.appBackground),bd404a524632d306c4db3df7f7ef29dfe495e23d36307a8d8f5dff0b912ecffb
V9-0702,symbol,Sailune/EditorWorkspaceView.swift,1409,60,"systemImage: ""doc.text""",待共用,直接 SF Symbol 字串；須依實際操作或資料語意分類。,"ContentUnavailableView(""從目錄選擇節，或新增一節開始寫作"", systemImage: ""doc.text"")",bd404a524632d306c4db3df7f7ef29dfe495e23d36307a8d8f5dff0b912ecffb
V9-0703,surface,Sailune/EditorWorkspaceView.swift,1413,9,.background(,待共用,直接背景或色值；需判定表面用途與既有 token 是否相同。,.background(Color.appBackground),bd404a524632d306c4db3df7f7ef29dfe495e23d36307a8d8f5dff0b912ecffb
V9-0704,dialog,Sailune/EditorWorkspaceView.swift,1414,9,.alert(,待共用,原生呈現入口；需按確認、錯誤、取消及資料後果分組，僅呈現外殼可共用。,".alert(""無法完成這次編輯"", isPresented: Binding(",bd404a524632d306c4db3df7f7ef29dfe495e23d36307a8d8f5dff0b912ecffb
V9-0705,button,Sailune/EditorWorkspaceView.swift,1418,13,Button(,待共用,原生 Button；須按動作角色、位置、命中與資料 action 判定共用外殼或具名例外。,Button(SailuneActionCopy.acknowledge) { planningUndoError = nil },bd404a524632d306c4db3df7f7ef29dfe495e23d36307a8d8f5dff0b912ecffb
V9-0706,copy,Sailune/EditorWorkspaceView.swift,1418,20,SailuneActionCopy.acknowledge,已共用,使用或定義集中操作文案。,Button(SailuneActionCopy.acknowledge) { planningUndoError = nil },bd404a524632d306c4db3df7f7ef29dfe495e23d36307a8d8f5dff0b912ecffb
V9-0707,failure_path,Sailune/EditorWorkspaceView.swift,1447,15,catch,待共用,失敗分支或可選錯誤；需核對主要結果、次要錯誤記錄與恢復契約。,} catch {,bd404a524632d306c4db3df7f7ef29dfe495e23d36307a8d8f5dff0b912ecffb
V9-0708,copy,Sailune/EditorWorkspaceView.swift,1478,13,"Text(""",合理例外,靜態欄名或領域內容；非可執行操作文案，保留畫面語境。,"Text(""章節註記"").font(.headline)",bd404a524632d306c4db3df7f7ef29dfe495e23d36307a8d8f5dff0b912ecffb
V9-0709,symbol,Sailune/EditorWorkspaceView.swift,1490,26,"systemImage: ""circle.fill""",待共用,直接 SF Symbol 字串；須依實際操作或資料語意分類。,"Label(title, systemImage: ""circle.fill"")",bd404a524632d306c4db3df7f7ef29dfe495e23d36307a8d8f5dff0b912ecffb
V9-0710,editor,Sailune/EditorWorkspaceView.swift,1493,13,TextEditor(,待共用,原生多行編輯器；需核對 placeholder、內距、背景、組字與 Undo。,TextEditor(text: text),bd404a524632d306c4db3df7f7ef29dfe495e23d36307a8d8f5dff0b912ecffb
V9-0711,surface,Sailune/EditorWorkspaceView.swift,1498,17,.background(,待共用,直接背景或色值；需判定表面用途與既有 token 是否相同。,".background(color.opacity(0.08), in: RoundedRectangle(cornerRadius: 7))",bd404a524632d306c4db3df7f7ef29dfe495e23d36307a8d8f5dff0b912ecffb
V9-0712,dialog,Sailune/ExportManager.swift,60,13,.alert(,待共用,原生呈現入口；需按確認、錯誤、取消及資料後果分組，僅呈現外殼可共用。,".alert(""匯出失敗"", isPresented: Binding(",4ac466ab5e47a20e0e8e602369eb333742f10158607ca9fb568049886ac9b54e
V9-0713,button,Sailune/ExportManager.swift,64,17,Button(,待共用,原生 Button；須按動作角色、位置、命中與資料 action 判定共用外殼或具名例外。,"Button(SailuneActionCopy.acknowledge, role: .cancel) { errorMessage = nil }",4ac466ab5e47a20e0e8e602369eb333742f10158607ca9fb568049886ac9b54e
V9-0714,copy,Sailune/ExportManager.swift,64,24,SailuneActionCopy.acknowledge,已共用,使用或定義集中操作文案。,"Button(SailuneActionCopy.acknowledge, role: .cancel) { errorMessage = nil }",4ac466ab5e47a20e0e8e602369eb333742f10158607ca9fb568049886ac9b54e
V9-0715,button,Sailune/GovernmentPresets.swift,304,33,Button(,待共用,原生 Button；須按動作角色、位置、命中與資料 action 判定共用外殼或具名例外。,"Button(""不選擇"") {",fe0f7bc3e3ec71d2f48ce0d68a1add965a17ad41fb236c30d88dc1c62aef9291
V9-0716,copy,Sailune/GovernmentPresets.swift,304,33,"Button(""",待共用,直接 Button／Label／Menu 文案；需與同功能操作名稱及例外對照。,"Button(""不選擇"") {",fe0f7bc3e3ec71d2f48ce0d68a1add965a17ad41fb236c30d88dc1c62aef9291
V9-0717,button,Sailune/GovernmentPresets.swift,309,33,Button(,待共用,原生 Button；須按動作角色、位置、命中與資料 action 判定共用外殼或具名例外。,"Button(""選擇(displayedPreset.title)"") {",fe0f7bc3e3ec71d2f48ce0d68a1add965a17ad41fb236c30d88dc1c62aef9291
V9-0718,copy,Sailune/GovernmentPresets.swift,309,33,"Button(""",待共用,直接 Button／Label／Menu 文案；需與同功能操作名稱及例外對照。,"Button(""選擇(displayedPreset.title)"") {",fe0f7bc3e3ec71d2f48ce0d68a1add965a17ad41fb236c30d88dc1c62aef9291
V9-0719,button_style,Sailune/GovernmentPresets.swift,313,33,.buttonStyle(,待共用,原生樣式；需與同語意按鈕比對，不能只按 style 名稱批量替換。,.buttonStyle(.borderedProminent),fe0f7bc3e3ec71d2f48ce0d68a1add965a17ad41fb236c30d88dc1c62aef9291
V9-0720,surface,Sailune/GovernmentPresets.swift,316,29,.background(,待共用,直接背景或色值；需判定表面用途與既有 token 是否相同。,.background(.bar),fe0f7bc3e3ec71d2f48ce0d68a1add965a17ad41fb236c30d88dc1c62aef9291
V9-0721,symbol,Sailune/GovernmentPresets.swift,320,49,"systemImage: ""building.columns""",待共用,直接 SF Symbol 字串；須依實際操作或資料語意分類。,"ContentUnavailableView(""請選擇政體"", systemImage: ""building.columns"")",fe0f7bc3e3ec71d2f48ce0d68a1add965a17ad41fb236c30d88dc1c62aef9291
V9-0722,button,Sailune/GovernmentPresets.swift,325,13,Button(,待共用,原生 Button；須按動作角色、位置、命中與資料 action 判定共用外殼或具名例外。,Button(SailuneActionCopy.close) { dismiss() },fe0f7bc3e3ec71d2f48ce0d68a1add965a17ad41fb236c30d88dc1c62aef9291
V9-0723,copy,Sailune/GovernmentPresets.swift,325,20,SailuneActionCopy.close,已共用,使用或定義集中操作文案。,Button(SailuneActionCopy.close) { dismiss() },fe0f7bc3e3ec71d2f48ce0d68a1add965a17ad41fb236c30d88dc1c62aef9291
V9-0724,copy,Sailune/GovernmentPresets.swift,338,21,"Text(""",合理例外,靜態欄名或領域內容；非可執行操作文案，保留畫面語境。,"Text(""參考案例：\(preset.referenceCase)"")",fe0f7bc3e3ec71d2f48ce0d68a1add965a17ad41fb236c30d88dc1c62aef9291
V9-0725,copy,Sailune/GovernmentPresets.swift,340,21,"Text(""",合理例外,靜態欄名或領域內容；非可執行操作文案，保留畫面語境。,"Text(""制度年代：\(preset.referencePeriod)"")",fe0f7bc3e3ec71d2f48ce0d68a1add965a17ad41fb236c30d88dc1c62aef9291
V9-0726,symbol,Sailune/InspectorViews.swift,19,34,"systemImage: ""link""",待共用,直接 SF Symbol 字串；須依實際操作或資料語意分類。,"Label(title, systemImage: ""link"")",430b203b9737a6bb6eda3292e9b83e40d44dc61523494b511cd7d22d5f393f81
V9-0727,button,Sailune/InspectorViews.swift,23,25,Button(,待共用,原生 Button；須按動作角色、位置、命中與資料 action 判定共用外殼或具名例外。,Button(entry.name) { onOpen(entry.id) },430b203b9737a6bb6eda3292e9b83e40d44dc61523494b511cd7d22d5f393f81
V9-0728,button_style,Sailune/InspectorViews.swift,24,29,.buttonStyle(,待共用,原生樣式；需與同語意按鈕比對，不能只按 style 名稱批量替換。,.buttonStyle(.borderless),430b203b9737a6bb6eda3292e9b83e40d44dc61523494b511cd7d22d5f393f81
V9-0729,copy,Sailune/InspectorViews.swift,150,29,"Text(""",合理例外,靜態欄名或領域內容；非可執行操作文案，保留畫面語境。,"Text(""簡易版大綱"").tag(InspectorCategorySelection.simpleOutline)",430b203b9737a6bb6eda3292e9b83e40d44dc61523494b511cd7d22d5f393f81
V9-0730,symbol,Sailune/InspectorViews.swift,156,31,"systemName: ""slider.horizontal.3""",待共用,直接 SF Symbol 字串；須依實際操作或資料語意分類。,"Image(systemName: ""slider.horizontal.3"")",430b203b9737a6bb6eda3292e9b83e40d44dc61523494b511cd7d22d5f393f81
V9-0731,button_style,Sailune/InspectorViews.swift,158,21,.buttonStyle(,待共用,原生樣式；需與同語意按鈕比對，不能只按 style 名稱批量替換。,.buttonStyle(.borderless),430b203b9737a6bb6eda3292e9b83e40d44dc61523494b511cd7d22d5f393f81
V9-0732,accessibility,Sailune/InspectorViews.swift,159,21,.help(,待共用,直接提示或輔助描述；需核對同操作名稱及可點擊對象。,".help(""管理設定集顯示"")",430b203b9737a6bb6eda3292e9b83e40d44dc61523494b511cd7d22d5f393f81
V9-0733,symbol,Sailune/InspectorViews.swift,177,55,"systemImage: ""sidebar.right""",待共用,直接 SF Symbol 字串；須依實際操作或資料語意分類。,"ContentUnavailableView(""尚未顯示設定集"", systemImage: ""sidebar.right"", description: Text(""使用上方的管理設定集重新加入項目。""))",430b203b9737a6bb6eda3292e9b83e40d44dc61523494b511cd7d22d5f393f81
V9-0734,copy,Sailune/InspectorViews.swift,177,98,"Text(""",合理例外,靜態欄名或領域內容；非可執行操作文案，保留畫面語境。,"ContentUnavailableView(""尚未顯示設定集"", systemImage: ""sidebar.right"", description: Text(""使用上方的管理設定集重新加入項目。""))",430b203b9737a6bb6eda3292e9b83e40d44dc61523494b511cd7d22d5f393f81
V9-0735,symbol,Sailune/InspectorViews.swift,204,56,"systemImage: ""eye.slash""",待共用,直接 SF Symbol 字串；須依實際操作或資料語意分類。,"ContentUnavailableView(""設定集項目已隱藏"", systemImage: ""eye.slash"")",430b203b9737a6bb6eda3292e9b83e40d44dc61523494b511cd7d22d5f393f81
V9-0736,dialog,Sailune/InspectorViews.swift,249,9,.sheet(,待共用,原生呈現入口；需按確認、錯誤、取消及資料後果分組，僅呈現外殼可共用。,.sheet(isPresented: $showingSidebarSettings) {,430b203b9737a6bb6eda3292e9b83e40d44dc61523494b511cd7d22d5f393f81
V9-0737,failure_path,Sailune/InspectorViews.swift,403,11,catch,待共用,失敗分支或可選錯誤；需核對主要結果、次要錯誤記錄與恢復契約。,} catch {,430b203b9737a6bb6eda3292e9b83e40d44dc61523494b511cd7d22d5f393f81
V9-0738,failure_path,Sailune/ItemCopy.swift,115,11,catch,待共用,失敗分支或可選錯誤；需核對主要結果、次要錯誤記錄與恢復契約。,} catch {,950b9b353f76f19c702d21ad1187c007fbd4873d30c7670749c10138a97d7dd2
V9-0739,failure_path,Sailune/ItemCopy.swift,126,11,catch,待共用,失敗分支或可選錯誤；需核對主要結果、次要錯誤記錄與恢復契約。,} catch {,950b9b353f76f19c702d21ad1187c007fbd4873d30c7670749c10138a97d7dd2
V9-0740,failure_path,Sailune/ItemCopy.swift,345,11,catch,待共用,失敗分支或可選錯誤；需核對主要結果、次要錯誤記錄與恢復契約。,} catch {,950b9b353f76f19c702d21ad1187c007fbd4873d30c7670749c10138a97d7dd2
V9-0741,failure_path,Sailune/ItemCopy.swift,349,13,catch,待共用,失敗分支或可選錯誤；需核對主要結果、次要錯誤記錄與恢復契約。,"catch { Self.logger.error(""Refresh after reconciliation rollback failed: \(String(describing: error), privacy: .private)"") }",950b9b353f76f19c702d21ad1187c007fbd4873d30c7670749c10138a97d7dd2
V9-0742,failure_path,Sailune/ItemCopy.swift,437,11,catch,待共用,失敗分支或可選錯誤；需核對主要結果、次要錯誤記錄與恢復契約。,} catch {,950b9b353f76f19c702d21ad1187c007fbd4873d30c7670749c10138a97d7dd2
V9-0743,failure_path,Sailune/ItemCopy.swift,441,13,catch,待共用,失敗分支或可選錯誤；需核對主要結果、次要錯誤記錄與恢復契約。,"catch { Self.logger.error(""Refresh after save rollback failed: \(String(describing: error), privacy: .private)"") }",950b9b353f76f19c702d21ad1187c007fbd4873d30c7670749c10138a97d7dd2
V9-0744,field,Sailune/ItemInspectorViews.swift,50,13,SailuneSearchField(,已共用,引用或定義共用欄位；焦點、組字及內距仍需代表畫面驗收。,"SailuneSearchField(placeholder: ""搜尋物品"", text: $searchText)",6fc013c4a9382a0b51bf80c993c8cc9aae553284054115f9c42ba99b96131ca3
V9-0745,surface,Sailune/ItemInspectorViews.swift,70,13,.background(,待共用,直接背景或色值；需判定表面用途與既有 token 是否相同。,.background(Color.workspacePanelBackground),6fc013c4a9382a0b51bf80c993c8cc9aae553284054115f9c42ba99b96131ca3
V9-0746,button,Sailune/ItemInspectorViews.swift,72,13,Button(,待共用,原生 Button；須按動作角色、位置、命中與資料 action 判定共用外殼或具名例外。,"Button(""新增物品"", systemImage: SailuneSymbol.add.systemName) { showNewItemSheet = true }",6fc013c4a9382a0b51bf80c993c8cc9aae553284054115f9c42ba99b96131ca3
V9-0747,copy,Sailune/ItemInspectorViews.swift,72,13,"Button(""",待共用,直接 Button／Label／Menu 文案；需與同功能操作名稱及例外對照。,"Button(""新增物品"", systemImage: SailuneSymbol.add.systemName) { showNewItemSheet = true }",6fc013c4a9382a0b51bf80c993c8cc9aae553284054115f9c42ba99b96131ca3
V9-0748,symbol,Sailune/ItemInspectorViews.swift,72,41,SailuneSymbol.add,已共用,使用或定義語意圖標 key；原字形由集中表提供。,"Button(""新增物品"", systemImage: SailuneSymbol.add.systemName) { showNewItemSheet = true }",6fc013c4a9382a0b51bf80c993c8cc9aae553284054115f9c42ba99b96131ca3
V9-0749,button_style,Sailune/ItemInspectorViews.swift,73,13,.buttonStyle(,待共用,原生樣式；需與同語意按鈕比對，不能只按 style 名稱批量替換。,.buttonStyle(.borderedProminent),6fc013c4a9382a0b51bf80c993c8cc9aae553284054115f9c42ba99b96131ca3
V9-0750,dialog,Sailune/ItemInspectorViews.swift,76,9,.sheet(,待共用,原生呈現入口；需按確認、錯誤、取消及資料後果分組，僅呈現外殼可共用。,.sheet(isPresented: $showNewItemSheet) {,6fc013c4a9382a0b51bf80c993c8cc9aae553284054115f9c42ba99b96131ca3
V9-0751,copy,Sailune/ItemInspectorViews.swift,78,17,"Text(""",合理例外,靜態欄名或領域內容；非可執行操作文案，保留畫面語境。,"Text(""新增物品"").font(.headline)",6fc013c4a9382a0b51bf80c993c8cc9aae553284054115f9c42ba99b96131ca3
V9-0752,field,Sailune/ItemInspectorViews.swift,79,17,SailuneFormTextField(,已共用,引用或定義共用欄位；焦點、組字及內距仍需代表畫面驗收。,"SailuneFormTextField(title: ""物品名稱"", text: $newItemName)",6fc013c4a9382a0b51bf80c993c8cc9aae553284054115f9c42ba99b96131ca3
V9-0753,button,Sailune/ItemInspectorViews.swift,81,21,Button(,待共用,原生 Button；須按動作角色、位置、命中與資料 action 判定共用外殼或具名例外。,Button(SailuneActionCopy.cancel) { showNewItemSheet = false },6fc013c4a9382a0b51bf80c993c8cc9aae553284054115f9c42ba99b96131ca3
V9-0754,copy,Sailune/ItemInspectorViews.swift,81,28,SailuneActionCopy.cancel,已共用,使用或定義集中操作文案。,Button(SailuneActionCopy.cancel) { showNewItemSheet = false },6fc013c4a9382a0b51bf80c993c8cc9aae553284054115f9c42ba99b96131ca3
V9-0755,button,Sailune/ItemInspectorViews.swift,83,21,Button(,待共用,原生 Button；須按動作角色、位置、命中與資料 action 判定共用外殼或具名例外。,"Button(""建立"") {",6fc013c4a9382a0b51bf80c993c8cc9aae553284054115f9c42ba99b96131ca3
V9-0756,copy,Sailune/ItemInspectorViews.swift,83,21,"Button(""",待共用,直接 Button／Label／Menu 文案；需與同功能操作名稱及例外對照。,"Button(""建立"") {",6fc013c4a9382a0b51bf80c993c8cc9aae553284054115f9c42ba99b96131ca3
V9-0757,button_style,Sailune/ItemInspectorViews.swift,93,21,.buttonStyle(,待共用,原生樣式；需與同語意按鈕比對，不能只按 style 名稱批量替換。,.buttonStyle(.borderedProminent),6fc013c4a9382a0b51bf80c993c8cc9aae553284054115f9c42ba99b96131ca3
V9-0758,dialog,Sailune/ItemInspectorViews.swift,100,9,.confirmationDialog(,待共用,原生呈現入口；需按確認、錯誤、取消及資料後果分組，僅呈現外殼可共用。,".confirmationDialog(""刪除物品？"", isPresented: Binding(",6fc013c4a9382a0b51bf80c993c8cc9aae553284054115f9c42ba99b96131ca3
V9-0759,button,Sailune/ItemInspectorViews.swift,104,13,Button(,待共用,原生 Button；須按動作角色、位置、命中與資料 action 判定共用外殼或具名例外。,"Button(SailuneActionCopy.delete, role: .destructive) { delete(item) }",6fc013c4a9382a0b51bf80c993c8cc9aae553284054115f9c42ba99b96131ca3
V9-0760,copy,Sailune/ItemInspectorViews.swift,104,20,SailuneActionCopy.delete,已共用,使用或定義集中操作文案。,"Button(SailuneActionCopy.delete, role: .destructive) { delete(item) }",6fc013c4a9382a0b51bf80c993c8cc9aae553284054115f9c42ba99b96131ca3
V9-0761,button,Sailune/ItemInspectorViews.swift,105,13,Button(,待共用,原生 Button；須按動作角色、位置、命中與資料 action 判定共用外殼或具名例外。,"Button(SailuneActionCopy.cancel, role: .cancel) { deleteTarget = nil }",6fc013c4a9382a0b51bf80c993c8cc9aae553284054115f9c42ba99b96131ca3
V9-0762,copy,Sailune/ItemInspectorViews.swift,105,20,SailuneActionCopy.cancel,已共用,使用或定義集中操作文案。,"Button(SailuneActionCopy.cancel, role: .cancel) { deleteTarget = nil }",6fc013c4a9382a0b51bf80c993c8cc9aae553284054115f9c42ba99b96131ca3
V9-0763,dialog,Sailune/ItemInspectorViews.swift,107,9,.alert(,待共用,原生呈現入口；需按確認、錯誤、取消及資料後果分組，僅呈現外殼可共用。,".alert(""物品刪除未完成"", isPresented: Binding(",6fc013c4a9382a0b51bf80c993c8cc9aae553284054115f9c42ba99b96131ca3
V9-0764,button,Sailune/ItemInspectorViews.swift,110,14,Button(,待共用,原生 Button；須按動作角色、位置、命中與資料 action 判定共用外殼或具名例外。,)) { Button(SailuneActionCopy.acknowledge) { deletionErrorMessage = nil } } message: {,6fc013c4a9382a0b51bf80c993c8cc9aae553284054115f9c42ba99b96131ca3
V9-0765,copy,Sailune/ItemInspectorViews.swift,110,21,SailuneActionCopy.acknowledge,已共用,使用或定義集中操作文案。,)) { Button(SailuneActionCopy.acknowledge) { deletionErrorMessage = nil } } message: {,6fc013c4a9382a0b51bf80c993c8cc9aae553284054115f9c42ba99b96131ca3
V9-0766,failure_path,Sailune/ItemInspectorViews.swift,123,11,catch,待共用,失敗分支或可選錯誤；需核對主要結果、次要錯誤記錄與恢復契約。,} catch {,6fc013c4a9382a0b51bf80c993c8cc9aae553284054115f9c42ba99b96131ca3
V9-0767,button,Sailune/ItemInspectorViews.swift,137,13,Button(,待共用,原生 Button；須按動作角色、位置、命中與資料 action 判定共用外殼或具名例外。,Button(action: { onOpen(item) }) {,6fc013c4a9382a0b51bf80c993c8cc9aae553284054115f9c42ba99b96131ca3
V9-0768,button_style,Sailune/ItemInspectorViews.swift,142,13,.buttonStyle(,待共用,原生樣式；需與同語意按鈕比對，不能只按 style 名稱批量替換。,.buttonStyle(.plain),6fc013c4a9382a0b51bf80c993c8cc9aae553284054115f9c42ba99b96131ca3
V9-0769,button,Sailune/ItemInspectorViews.swift,143,13,Button(,待共用,原生 Button；須按動作角色、位置、命中與資料 action 判定共用外殼或具名例外。,"Button(SailuneActionCopy.delete, role: .destructive, action: onDelete)",6fc013c4a9382a0b51bf80c993c8cc9aae553284054115f9c42ba99b96131ca3
V9-0770,copy,Sailune/ItemInspectorViews.swift,143,20,SailuneActionCopy.delete,已共用,使用或定義集中操作文案。,"Button(SailuneActionCopy.delete, role: .destructive, action: onDelete)",6fc013c4a9382a0b51bf80c993c8cc9aae553284054115f9c42ba99b96131ca3
V9-0771,button_style,Sailune/ItemInspectorViews.swift,144,17,.buttonStyle(,待共用,原生樣式；需與同語意按鈕比對，不能只按 style 名稱批量替換。,.buttonStyle(.plain),6fc013c4a9382a0b51bf80c993c8cc9aae553284054115f9c42ba99b96131ca3
V9-0772,button,Sailune/ItemInspectorViews.swift,179,17,Button(,待共用,原生 Button；須按動作角色、位置、命中與資料 action 判定共用外殼或具名例外。,Button(action: onBack) {,6fc013c4a9382a0b51bf80c993c8cc9aae553284054115f9c42ba99b96131ca3
V9-0773,copy,Sailune/ItemInspectorViews.swift,180,21,"Label(""",待共用,直接 Button／Label／Menu 文案；需與同功能操作名稱及例外對照。,"Label(""返回"", systemImage: SailuneSymbol.back.systemName)",6fc013c4a9382a0b51bf80c993c8cc9aae553284054115f9c42ba99b96131ca3
V9-0774,symbol,Sailune/ItemInspectorViews.swift,180,46,SailuneSymbol.back,已共用,使用或定義語意圖標 key；原字形由集中表提供。,"Label(""返回"", systemImage: SailuneSymbol.back.systemName)",6fc013c4a9382a0b51bf80c993c8cc9aae553284054115f9c42ba99b96131ca3
V9-0775,button_style,Sailune/ItemInspectorViews.swift,182,17,.buttonStyle(,待共用,原生樣式；需與同語意按鈕比對，不能只按 style 名稱批量替換。,.buttonStyle(.plain),6fc013c4a9382a0b51bf80c993c8cc9aae553284054115f9c42ba99b96131ca3
V9-0776,surface,Sailune/ItemInspectorViews.swift,187,13,.background(,待共用,直接背景或色值；需判定表面用途與既有 token 是否相同。,.background(Color(nsColor: .controlBackgroundColor)),6fc013c4a9382a0b51bf80c993c8cc9aae553284054115f9c42ba99b96131ca3
V9-0777,copy,Sailune/ItemInspectorViews.swift,191,21,"Label(""",待共用,直接 Button／Label／Menu 文案；需與同功能操作名稱及例外對照。,"Label(""物品設定"", systemImage: SailuneSymbol.item.systemName).font(.headline)",6fc013c4a9382a0b51bf80c993c8cc9aae553284054115f9c42ba99b96131ca3
V9-0778,symbol,Sailune/ItemInspectorViews.swift,191,48,SailuneSymbol.item,已共用,使用或定義語意圖標 key；原字形由集中表提供。,"Label(""物品設定"", systemImage: SailuneSymbol.item.systemName).font(.headline)",6fc013c4a9382a0b51bf80c993c8cc9aae553284054115f9c42ba99b96131ca3
V9-0779,field,Sailune/ItemInspectorViews.swift,194,29,SailuneFormTextField(,已共用,引用或定義共用欄位；焦點、組字及內距仍需代表畫面驗收。,"SailuneFormTextField(title: ""名稱"", text: $item.name)",6fc013c4a9382a0b51bf80c993c8cc9aae553284054115f9c42ba99b96131ca3
V9-0780,copy,Sailune/ItemInspectorViews.swift,196,33,"Label(""",待共用,直接 Button／Label／Menu 文案；需與同功能操作名稱及例外對照。,"Label(""物品名稱不可空白"", systemImage: SailuneSymbol.requirementNotice.systemName)",6fc013c4a9382a0b51bf80c993c8cc9aae553284054115f9c42ba99b96131ca3
V9-0781,symbol,Sailune/ItemInspectorViews.swift,196,64,SailuneSymbol.requirementNotice,已共用,使用或定義語意圖標 key；原字形由集中表提供。,"Label(""物品名稱不可空白"", systemImage: SailuneSymbol.requirementNotice.systemName)",6fc013c4a9382a0b51bf80c993c8cc9aae553284054115f9c42ba99b96131ca3
V9-0782,field,Sailune/ItemInspectorViews.swift,200,29,SailuneFormTextField(,已共用,引用或定義共用欄位；焦點、組字及內距仍需代表畫面驗收。,"SailuneFormTextField(title: ""分類（可自由填寫）"", text: $item.category)",6fc013c4a9382a0b51bf80c993c8cc9aae553284054115f9c42ba99b96131ca3
V9-0783,copy,Sailune/ItemInspectorViews.swift,211,57,"Text(""",合理例外,靜態欄名或領域內容；非可執行操作文案，保留畫面語境。,"if referencedSections.isEmpty { Text(""尚未在正文中出現"").foregroundStyle(.secondary) }",6fc013c4a9382a0b51bf80c993c8cc9aae553284054115f9c42ba99b96131ca3
V9-0784,button,Sailune/ItemInspectorViews.swift,213,29,Button(,待共用,原生 Button；須按動作角色、位置、命中與資料 action 判定共用外殼或具名例外。,"Button(""第 \(sectionNumber(section)) 節｜\(section.title.isEmpty ? ""未命名節"" : section.title)"") { onSelectSection?(section) }.buttonStyle(.link)",6fc013c4a9382a0b51bf80c993c8cc9aae553284054115f9c42ba99b96131ca3
V9-0785,copy,Sailune/ItemInspectorViews.swift,213,29,"Button(""",待共用,直接 Button／Label／Menu 文案；需與同功能操作名稱及例外對照。,"Button(""第 \(sectionNumber(section)) 節｜\(section.title.isEmpty ? ""未命名節"" : section.title)"") { onSelectSection?(section) }.buttonStyle(.link)",6fc013c4a9382a0b51bf80c993c8cc9aae553284054115f9c42ba99b96131ca3
V9-0786,button_style,Sailune/ItemInspectorViews.swift,213,148,.buttonStyle(,待共用,原生樣式；需與同語意按鈕比對，不能只按 style 名稱批量替換。,"Button(""第 \(sectionNumber(section)) 節｜\(section.title.isEmpty ? ""未命名節"" : section.title)"") { onSelectSection?(section) }.buttonStyle(.link)",6fc013c4a9382a0b51bf80c993c8cc9aae553284054115f9c42ba99b96131ca3
V9-0787,button,Sailune/ItemInspectorViews.swift,217,25,Button(,待共用,原生 Button；須按動作角色、位置、命中與資料 action 判定共用外殼或具名例外。,"Button(""新增副本"", systemImage: ""plus.square.on.square"", action: addCopy)",6fc013c4a9382a0b51bf80c993c8cc9aae553284054115f9c42ba99b96131ca3
V9-0788,copy,Sailune/ItemInspectorViews.swift,217,25,"Button(""",待共用,直接 Button／Label／Menu 文案；需與同功能操作名稱及例外對照。,"Button(""新增副本"", systemImage: ""plus.square.on.square"", action: addCopy)",6fc013c4a9382a0b51bf80c993c8cc9aae553284054115f9c42ba99b96131ca3
V9-0789,symbol,Sailune/ItemInspectorViews.swift,217,40,"systemImage: ""plus.square.on.square""",待共用,直接 SF Symbol 字串；須依實際操作或資料語意分類。,"Button(""新增副本"", systemImage: ""plus.square.on.square"", action: addCopy)",6fc013c4a9382a0b51bf80c993c8cc9aae553284054115f9c42ba99b96131ca3
V9-0790,button,Sailune/ItemInspectorViews.swift,219,25,Button(,待共用,原生 Button；須按動作角色、位置、命中與資料 action 判定共用外殼或具名例外。,"Button(""刪除物品"", systemImage: SailuneSymbol.delete.systemName, role: .destructive) { showDeleteConfirmation = true }",6fc013c4a9382a0b51bf80c993c8cc9aae553284054115f9c42ba99b96131ca3
V9-0791,copy,Sailune/ItemInspectorViews.swift,219,25,"Button(""",待共用,直接 Button／Label／Menu 文案；需與同功能操作名稱及例外對照。,"Button(""刪除物品"", systemImage: SailuneSymbol.delete.systemName, role: .destructive) { showDeleteConfirmation = true }",6fc013c4a9382a0b51bf80c993c8cc9aae553284054115f9c42ba99b96131ca3
V9-0792,symbol,Sailune/ItemInspectorViews.swift,219,53,SailuneSymbol.delete,已共用,使用或定義語意圖標 key；原字形由集中表提供。,"Button(""刪除物品"", systemImage: SailuneSymbol.delete.systemName, role: .destructive) { showDeleteConfirmation = true }",6fc013c4a9382a0b51bf80c993c8cc9aae553284054115f9c42ba99b96131ca3
V9-0793,dialog,Sailune/ItemInspectorViews.swift,236,9,.confirmationDialog(,待共用,原生呈現入口；需按確認、錯誤、取消及資料後果分組，僅呈現外殼可共用。,".confirmationDialog(""確定刪除「\(item.name)」？"", isPresented: $showDeleteConfirmation, titleVisibility: .visible) {",6fc013c4a9382a0b51bf80c993c8cc9aae553284054115f9c42ba99b96131ca3
V9-0794,button,Sailune/ItemInspectorViews.swift,237,13,Button(,待共用,原生 Button；須按動作角色、位置、命中與資料 action 判定共用外殼或具名例外。,"Button(""刪除物品"", role: .destructive, action: deleteItem)",6fc013c4a9382a0b51bf80c993c8cc9aae553284054115f9c42ba99b96131ca3
V9-0795,copy,Sailune/ItemInspectorViews.swift,237,13,"Button(""",待共用,直接 Button／Label／Menu 文案；需與同功能操作名稱及例外對照。,"Button(""刪除物品"", role: .destructive, action: deleteItem)",6fc013c4a9382a0b51bf80c993c8cc9aae553284054115f9c42ba99b96131ca3
V9-0796,button,Sailune/ItemInspectorViews.swift,238,13,Button(,待共用,原生 Button；須按動作角色、位置、命中與資料 action 判定共用外殼或具名例外。,"Button(SailuneActionCopy.cancel, role: .cancel) { }",6fc013c4a9382a0b51bf80c993c8cc9aae553284054115f9c42ba99b96131ca3
V9-0797,copy,Sailune/ItemInspectorViews.swift,238,20,SailuneActionCopy.cancel,已共用,使用或定義集中操作文案。,"Button(SailuneActionCopy.cancel, role: .cancel) { }",6fc013c4a9382a0b51bf80c993c8cc9aae553284054115f9c42ba99b96131ca3
V9-0798,copy,Sailune/ItemInspectorViews.swift,240,13,"Text(""",合理例外,靜態欄名或領域內容；非可執行操作文案，保留畫面語境。,"Text(""所有副本、副本持有人、副本當下等級與副本歷史將一併刪除；正文內容本身會保留。"")",6fc013c4a9382a0b51bf80c993c8cc9aae553284054115f9c42ba99b96131ca3
V9-0799,dialog,Sailune/ItemInspectorViews.swift,242,9,.alert(,待共用,原生呈現入口；需按確認、錯誤、取消及資料後果分組，僅呈現外殼可共用。,".alert(""物品刪除未完成"", isPresented: Binding(",6fc013c4a9382a0b51bf80c993c8cc9aae553284054115f9c42ba99b96131ca3
V9-0800,button,Sailune/ItemInspectorViews.swift,245,14,Button(,待共用,原生 Button；須按動作角色、位置、命中與資料 action 判定共用外殼或具名例外。,)) { Button(SailuneActionCopy.acknowledge) { deletionErrorMessage = nil } } message: {,6fc013c4a9382a0b51bf80c993c8cc9aae553284054115f9c42ba99b96131ca3
V9-0801,copy,Sailune/ItemInspectorViews.swift,245,21,SailuneActionCopy.acknowledge,已共用,使用或定義集中操作文案。,)) { Button(SailuneActionCopy.acknowledge) { deletionErrorMessage = nil } } message: {,6fc013c4a9382a0b51bf80c993c8cc9aae553284054115f9c42ba99b96131ca3
V9-0802,copy,Sailune/ItemInspectorViews.swift,254,21,"Text(""",合理例外,靜態欄名或領域內容；非可執行操作文案，保留畫面語境。,"Text(""尚未建立副本"").foregroundStyle(.secondary)",6fc013c4a9382a0b51bf80c993c8cc9aae553284054115f9c42ba99b96131ca3
V9-0803,button,Sailune/ItemInspectorViews.swift,264,17,Button(,待共用,原生 Button；須按動作角色、位置、命中與資料 action 判定共用外殼或具名例外。,"Button(""新增副本"", systemImage: SailuneSymbol.add.systemName, action: addCopy)",6fc013c4a9382a0b51bf80c993c8cc9aae553284054115f9c42ba99b96131ca3
V9-0804,copy,Sailune/ItemInspectorViews.swift,264,17,"Button(""",待共用,直接 Button／Label／Menu 文案；需與同功能操作名稱及例外對照。,"Button(""新增副本"", systemImage: SailuneSymbol.add.systemName, action: addCopy)",6fc013c4a9382a0b51bf80c993c8cc9aae553284054115f9c42ba99b96131ca3
V9-0805,symbol,Sailune/ItemInspectorViews.swift,264,45,SailuneSymbol.add,已共用,使用或定義語意圖標 key；原字形由集中表提供。,"Button(""新增副本"", systemImage: SailuneSymbol.add.systemName, action: addCopy)",6fc013c4a9382a0b51bf80c993c8cc9aae553284054115f9c42ba99b96131ca3
V9-0806,button_style,Sailune/ItemInspectorViews.swift,265,21,.buttonStyle(,待共用,原生樣式；需與同語意按鈕比對，不能只按 style 名稱批量替換。,.buttonStyle(.borderless),6fc013c4a9382a0b51bf80c993c8cc9aae553284054115f9c42ba99b96131ca3
V9-0807,copy,Sailune/ItemInspectorViews.swift,279,21,"Text(""",合理例外,靜態欄名或領域內容；非可執行操作文案，保留畫面語境。,"Text(""\(number)"").font(.subheadline.monospacedDigit()).foregroundStyle(.secondary).frame(width: 28, alignment: .trailing)",6fc013c4a9382a0b51bf80c993c8cc9aae553284054115f9c42ba99b96131ca3
V9-0808,symbol,Sailune/ItemInspectorViews.swift,281,39,SailuneSymbol.disclosure,已共用,使用或定義語意圖標 key；原字形由集中表提供。,Image(systemName: SailuneSymbol.disclosure.systemName).foregroundStyle(.tertiary).font(.caption.weight(.semibold)),6fc013c4a9382a0b51bf80c993c8cc9aae553284054115f9c42ba99b96131ca3
V9-0809,button_style,Sailune/ItemInspectorViews.swift,287,13,.buttonStyle(,待共用,原生樣式；需與同語意按鈕比對，不能只按 style 名稱批量替換。,.buttonStyle(.plain),6fc013c4a9382a0b51bf80c993c8cc9aae553284054115f9c42ba99b96131ca3
V9-0810,symbol,Sailune/ItemInspectorViews.swift,291,23,"systemName: ""arrow.up""",待共用,直接 SF Symbol 字串；須依實際操作或資料語意分類。,"Image(systemName: ""arrow.up"")",6fc013c4a9382a0b51bf80c993c8cc9aae553284054115f9c42ba99b96131ca3
V9-0811,button_style,Sailune/ItemInspectorViews.swift,293,13,.buttonStyle(,待共用,原生樣式；需與同語意按鈕比對，不能只按 style 名稱批量替換。,.buttonStyle(.plain),6fc013c4a9382a0b51bf80c993c8cc9aae553284054115f9c42ba99b96131ca3
V9-0812,accessibility,Sailune/ItemInspectorViews.swift,295,13,.help(,待共用,直接提示或輔助描述；需核對同操作名稱及可點擊對象。,".help(""上移副本"")",6fc013c4a9382a0b51bf80c993c8cc9aae553284054115f9c42ba99b96131ca3
V9-0813,symbol,Sailune/ItemInspectorViews.swift,298,23,"systemName: ""arrow.down""",待共用,直接 SF Symbol 字串；須依實際操作或資料語意分類。,"Image(systemName: ""arrow.down"")",6fc013c4a9382a0b51bf80c993c8cc9aae553284054115f9c42ba99b96131ca3
V9-0814,button_style,Sailune/ItemInspectorViews.swift,300,13,.buttonStyle(,待共用,原生樣式；需與同語意按鈕比對，不能只按 style 名稱批量替換。,.buttonStyle(.plain),6fc013c4a9382a0b51bf80c993c8cc9aae553284054115f9c42ba99b96131ca3
V9-0815,accessibility,Sailune/ItemInspectorViews.swift,302,13,.help(,待共用,直接提示或輔助描述；需核對同操作名稱及可點擊對象。,".help(""下移副本"")",6fc013c4a9382a0b51bf80c993c8cc9aae553284054115f9c42ba99b96131ca3
V9-0816,editor,Sailune/ItemInspectorViews.swift,306,202,InsetTextEditor(,已共用,引用或定義共用多行編輯器；V9.1am 首行安全距仍待 U 核定。,"private func itemEditor(_ label: String, text: Binding<String>, minHeight: CGFloat) -> some View { VStack(alignment: .leading, spacing: 4) { Text(label).font(.caption).foregroundStyle(.secondary); InsetTextEditor(text: text, minHeight: minHeight) } }",6fc013c4a9382a0b51bf80c993c8cc9aae553284054115f9c42ba99b96131ca3
V9-0817,failure_path,Sailune/ItemInspectorViews.swift,323,11,catch,待共用,失敗分支或可選錯誤；需核對主要結果、次要錯誤記錄與恢復契約。,} catch {,6fc013c4a9382a0b51bf80c993c8cc9aae553284054115f9c42ba99b96131ca3
V9-0818,button,Sailune/ItemInspectorViews.swift,371,17,Button(,待共用,原生 Button；須按動作角色、位置、命中與資料 action 判定共用外殼或具名例外。,"Button(action: onBack) { Label(""返回物品"", systemImage: SailuneSymbol.back.systemName) }.buttonStyle(.plain)",6fc013c4a9382a0b51bf80c993c8cc9aae553284054115f9c42ba99b96131ca3
V9-0819,copy,Sailune/ItemInspectorViews.swift,371,42,"Label(""",待共用,直接 Button／Label／Menu 文案；需與同功能操作名稱及例外對照。,"Button(action: onBack) { Label(""返回物品"", systemImage: SailuneSymbol.back.systemName) }.buttonStyle(.plain)",6fc013c4a9382a0b51bf80c993c8cc9aae553284054115f9c42ba99b96131ca3
V9-0820,symbol,Sailune/ItemInspectorViews.swift,371,69,SailuneSymbol.back,已共用,使用或定義語意圖標 key；原字形由集中表提供。,"Button(action: onBack) { Label(""返回物品"", systemImage: SailuneSymbol.back.systemName) }.buttonStyle(.plain)",6fc013c4a9382a0b51bf80c993c8cc9aae553284054115f9c42ba99b96131ca3
V9-0821,button_style,Sailune/ItemInspectorViews.swift,371,101,.buttonStyle(,待共用,原生樣式；需與同語意按鈕比對，不能只按 style 名稱批量替換。,"Button(action: onBack) { Label(""返回物品"", systemImage: SailuneSymbol.back.systemName) }.buttonStyle(.plain)",6fc013c4a9382a0b51bf80c993c8cc9aae553284054115f9c42ba99b96131ca3
V9-0822,surface,Sailune/ItemInspectorViews.swift,375,13,.background(,待共用,直接背景或色值；需判定表面用途與既有 token 是否相同。,.background(Color(nsColor: .controlBackgroundColor)),6fc013c4a9382a0b51bf80c993c8cc9aae553284054115f9c42ba99b96131ca3
V9-0823,copy,Sailune/ItemInspectorViews.swift,379,21,"Label(""",待共用,直接 Button／Label／Menu 文案；需與同功能操作名稱及例外對照。,"Label(""副本 \(copyNumber)"", systemImage: ""square.stack.3d.up"") .font(.headline)",6fc013c4a9382a0b51bf80c993c8cc9aae553284054115f9c42ba99b96131ca3
V9-0824,symbol,Sailune/ItemInspectorViews.swift,379,47,"systemImage: ""square.stack.3d.up""",待共用,直接 SF Symbol 字串；須依實際操作或資料語意分類。,"Label(""副本 \(copyNumber)"", systemImage: ""square.stack.3d.up"") .font(.headline)",6fc013c4a9382a0b51bf80c993c8cc9aae553284054115f9c42ba99b96131ca3
V9-0825,copy,Sailune/ItemInspectorViews.swift,380,21,"Text(""",合理例外,靜態欄名或領域內容；非可執行操作文案，保留畫面語境。,"Text(""固定使用「\(item.name.isEmpty ? ""未命名物品"" : item.name)」的共用設定。"")",6fc013c4a9382a0b51bf80c993c8cc9aae553284054115f9c42ba99b96131ca3
V9-0826,field,Sailune/ItemInspectorViews.swift,383,25,SailuneFormTextField(,已共用,引用或定義共用欄位；焦點、組字及內距仍需代表畫面驗收。,"SailuneFormTextField(title: ""名稱（留空沿用物品名稱）"", text: $copy.name)",6fc013c4a9382a0b51bf80c993c8cc9aae553284054115f9c42ba99b96131ca3
V9-0827,copy,Sailune/ItemInspectorViews.swift,389,33,"Text(""",合理例外,靜態欄名或領域內容；非可執行操作文案，保留畫面語境。,"Text(""無人持有"").tag(Optional<UUID>.none)",6fc013c4a9382a0b51bf80c993c8cc9aae553284054115f9c42ba99b96131ca3
V9-0828,button,Sailune/ItemInspectorViews.swift,395,33,Button(,待共用,原生 Button；須按動作角色、位置、命中與資料 action 判定共用外殼或具名例外。,"Button(holder.realName.isEmpty ? ""未命名角色"" : holder.realName) { onOpenCharacter(holder) }",6fc013c4a9382a0b51bf80c993c8cc9aae553284054115f9c42ba99b96131ca3
V9-0829,button_style,Sailune/ItemInspectorViews.swift,396,37,.buttonStyle(,待共用,原生樣式；需與同語意按鈕比對，不能只按 style 名稱批量替換。,.buttonStyle(.link),6fc013c4a9382a0b51bf80c993c8cc9aae553284054115f9c42ba99b96131ca3
V9-0830,copy,Sailune/ItemInspectorViews.swift,403,33,"Text(""",合理例外,靜態欄名或領域內容；非可執行操作文案，保留畫面語境。,"Text(""未設定"").tag(Optional<UUID>.none)",6fc013c4a9382a0b51bf80c993c8cc9aae553284054115f9c42ba99b96131ca3
V9-0831,copy,Sailune/ItemInspectorViews.swift,406,29,"Text(""",合理例外,靜態欄名或領域內容；非可執行操作文案，保留畫面語境。,"Text(""僅記錄此副本目前使用的等級，不會自動改變物品名稱、能力、代價或時間序。"")",6fc013c4a9382a0b51bf80c993c8cc9aae553284054115f9c42ba99b96131ca3
V9-0832,button,Sailune/ItemInspectorViews.swift,411,21,Button(,待共用,原生 Button；須按動作角色、位置、命中與資料 action 判定共用外殼或具名例外。,"Button(""刪除副本"", systemImage: SailuneSymbol.delete.systemName, role: .destructive) { showDeleteConfirmation = true }",6fc013c4a9382a0b51bf80c993c8cc9aae553284054115f9c42ba99b96131ca3
V9-0833,copy,Sailune/ItemInspectorViews.swift,411,21,"Button(""",待共用,直接 Button／Label／Menu 文案；需與同功能操作名稱及例外對照。,"Button(""刪除副本"", systemImage: SailuneSymbol.delete.systemName, role: .destructive) { showDeleteConfirmation = true }",6fc013c4a9382a0b51bf80c993c8cc9aae553284054115f9c42ba99b96131ca3
V9-0834,symbol,Sailune/ItemInspectorViews.swift,411,49,SailuneSymbol.delete,已共用,使用或定義語意圖標 key；原字形由集中表提供。,"Button(""刪除副本"", systemImage: SailuneSymbol.delete.systemName, role: .destructive) { showDeleteConfirmation = true }",6fc013c4a9382a0b51bf80c993c8cc9aae553284054115f9c42ba99b96131ca3
V9-0835,dialog,Sailune/ItemInspectorViews.swift,416,9,.confirmationDialog(,待共用,原生呈現入口；需按確認、錯誤、取消及資料後果分組，僅呈現外殼可共用。,".confirmationDialog(""確定刪除副本 \(copyNumber)？"", isPresented: $showDeleteConfirmation, titleVisibility: .visible) {",6fc013c4a9382a0b51bf80c993c8cc9aae553284054115f9c42ba99b96131ca3
V9-0836,button,Sailune/ItemInspectorViews.swift,417,13,Button(,待共用,原生 Button；須按動作角色、位置、命中與資料 action 判定共用外殼或具名例外。,"Button(""刪除副本"", role: .destructive) { copyStore.deleteCopy(copy); onBack() }",6fc013c4a9382a0b51bf80c993c8cc9aae553284054115f9c42ba99b96131ca3
V9-0837,copy,Sailune/ItemInspectorViews.swift,417,13,"Button(""",待共用,直接 Button／Label／Menu 文案；需與同功能操作名稱及例外對照。,"Button(""刪除副本"", role: .destructive) { copyStore.deleteCopy(copy); onBack() }",6fc013c4a9382a0b51bf80c993c8cc9aae553284054115f9c42ba99b96131ca3
V9-0838,button,Sailune/ItemInspectorViews.swift,418,13,Button(,待共用,原生 Button；須按動作角色、位置、命中與資料 action 判定共用外殼或具名例外。,"Button(SailuneActionCopy.cancel, role: .cancel) { }",6fc013c4a9382a0b51bf80c993c8cc9aae553284054115f9c42ba99b96131ca3
V9-0839,copy,Sailune/ItemInspectorViews.swift,418,20,SailuneActionCopy.cancel,已共用,使用或定義集中操作文案。,"Button(SailuneActionCopy.cancel, role: .cancel) { }",6fc013c4a9382a0b51bf80c993c8cc9aae553284054115f9c42ba99b96131ca3
V9-0840,copy,Sailune/ItemInspectorViews.swift,426,36,"Text(""",合理例外,靜態欄名或領域內容；非可執行操作文案，保留畫面語境。,"if histories.isEmpty { Text(""尚無歷史"").font(.caption).foregroundStyle(.secondary) }",6fc013c4a9382a0b51bf80c993c8cc9aae553284054115f9c42ba99b96131ca3
V9-0841,field,Sailune/ItemInspectorViews.swift,431,25,SailuneFormTextField(,已共用,引用或定義共用欄位；焦點、組字及內距仍需代表畫面驗收。,"SailuneFormTextField(title: ""發生的事情"", text: $history.content)",6fc013c4a9382a0b51bf80c993c8cc9aae553284054115f9c42ba99b96131ca3
V9-0842,button,Sailune/ItemInspectorViews.swift,432,25,Button(,待共用,原生 Button；須按動作角色、位置、命中與資料 action 判定共用外殼或具名例外。,Button(role: .destructive) { copyStore.deleteHistory(history) } label: { Image(systemName: SailuneSymbol.delete.systemName) }.buttonStyle(.plain),6fc013c4a9382a0b51bf80c993c8cc9aae553284054115f9c42ba99b96131ca3
V9-0843,symbol,Sailune/ItemInspectorViews.swift,432,116,SailuneSymbol.delete,已共用,使用或定義語意圖標 key；原字形由集中表提供。,Button(role: .destructive) { copyStore.deleteHistory(history) } label: { Image(systemName: SailuneSymbol.delete.systemName) }.buttonStyle(.plain),6fc013c4a9382a0b51bf80c993c8cc9aae553284054115f9c42ba99b96131ca3
V9-0844,button_style,Sailune/ItemInspectorViews.swift,432,150,.buttonStyle(,待共用,原生樣式；需與同語意按鈕比對，不能只按 style 名稱批量替換。,Button(role: .destructive) { copyStore.deleteHistory(history) } label: { Image(systemName: SailuneSymbol.delete.systemName) }.buttonStyle(.plain),6fc013c4a9382a0b51bf80c993c8cc9aae553284054115f9c42ba99b96131ca3
V9-0845,copy,Sailune/ItemInspectorViews.swift,435,25,"Text(""",合理例外,靜態欄名或領域內容；非可執行操作文案，保留畫面語境。,"Text(""時間定位"").font(.caption).foregroundStyle(.secondary)",6fc013c4a9382a0b51bf80c993c8cc9aae553284054115f9c42ba99b96131ca3
V9-0846,symbol,Sailune/ItemInspectorViews.swift,442,117,SailuneSymbol.selected,已共用,使用或定義語意圖標 key；原字形由集中表提供。,"? Label(character.realName.isEmpty ? ""未命名角色"" : character.realName, systemImage: SailuneSymbol.selected.systemName)",6fc013c4a9382a0b51bf80c993c8cc9aae553284054115f9c42ba99b96131ca3
V9-0847,symbol,Sailune/ItemInspectorViews.swift,443,104,"systemImage: """"",待共用,直接 SF Symbol 字串；須依實際操作或資料語意分類。,": Label(character.realName.isEmpty ? ""未命名角色"" : character.realName, systemImage: """")",6fc013c4a9382a0b51bf80c993c8cc9aae553284054115f9c42ba99b96131ca3
V9-0848,symbol,Sailune/ItemInspectorViews.swift,446,135,"systemImage: ""person.2""",待共用,直接 SF Symbol 字串；須依實際操作或資料語意分類。,"} label: { Label(relatedNames(for: history).isEmpty ? ""關聯角色"" : relatedNames(for: history).joined(separator: ""、""), systemImage: ""person.2"") }",6fc013c4a9382a0b51bf80c993c8cc9aae553284054115f9c42ba99b96131ca3
V9-0849,surface,Sailune/ItemInspectorViews.swift,448,28,.background(,待共用,直接背景或色值；需判定表面用途與既有 token 是否相同。,".padding(8).background(Color.secondary.opacity(0.05), in: RoundedRectangle(cornerRadius: 7))",6fc013c4a9382a0b51bf80c993c8cc9aae553284054115f9c42ba99b96131ca3
V9-0850,surface,Sailune/ItemInspectorViews.swift,448,40,Color.secondary.opacity(,待共用,直接背景或色值；需判定表面用途與既有 token 是否相同。,".padding(8).background(Color.secondary.opacity(0.05), in: RoundedRectangle(cornerRadius: 7))",6fc013c4a9382a0b51bf80c993c8cc9aae553284054115f9c42ba99b96131ca3
V9-0851,button,Sailune/ItemInspectorViews.swift,451,13,Button(,待共用,原生 Button；須按動作角色、位置、命中與資料 action 判定共用外殼或具名例外。,"Button(""新增歷史"", systemImage: SailuneSymbol.add.systemName) { copyStore.addHistory(copyID: copy.id) }.buttonStyle(.borderless)",6fc013c4a9382a0b51bf80c993c8cc9aae553284054115f9c42ba99b96131ca3
V9-0852,copy,Sailune/ItemInspectorViews.swift,451,13,"Button(""",待共用,直接 Button／Label／Menu 文案；需與同功能操作名稱及例外對照。,"Button(""新增歷史"", systemImage: SailuneSymbol.add.systemName) { copyStore.addHistory(copyID: copy.id) }.buttonStyle(.borderless)",6fc013c4a9382a0b51bf80c993c8cc9aae553284054115f9c42ba99b96131ca3
V9-0853,symbol,Sailune/ItemInspectorViews.swift,451,41,SailuneSymbol.add,已共用,使用或定義語意圖標 key；原字形由集中表提供。,"Button(""新增歷史"", systemImage: SailuneSymbol.add.systemName) { copyStore.addHistory(copyID: copy.id) }.buttonStyle(.borderless)",6fc013c4a9382a0b51bf80c993c8cc9aae553284054115f9c42ba99b96131ca3
V9-0854,button_style,Sailune/ItemInspectorViews.swift,451,112,.buttonStyle(,待共用,原生樣式；需與同語意按鈕比對，不能只按 style 名稱批量替換。,"Button(""新增歷史"", systemImage: SailuneSymbol.add.systemName) { copyStore.addHistory(copyID: copy.id) }.buttonStyle(.borderless)",6fc013c4a9382a0b51bf80c993c8cc9aae553284054115f9c42ba99b96131ca3
V9-0855,copy,Sailune/ItemInspectorViews.swift,471,21,"Text(""",合理例外,靜態欄名或領域內容；非可執行操作文案，保留畫面語境。,"Text(""尚未建立等級；等級僅作為設定資料，不會套用到持有角色。"")",6fc013c4a9382a0b51bf80c993c8cc9aae553284054115f9c42ba99b96131ca3
V9-0856,copy,Sailune/ItemInspectorViews.swift,477,25,"Text(""",合理例外,靜態欄名或領域內容；非可執行操作文案，保留畫面語境。,"Text(""序號"").frame(width: 42, alignment: .leading)",6fc013c4a9382a0b51bf80c993c8cc9aae553284054115f9c42ba99b96131ca3
V9-0857,copy,Sailune/ItemInspectorViews.swift,478,25,"Text(""",合理例外,靜態欄名或領域內容；非可執行操作文案，保留畫面語境。,"Text(""等級"").frame(width: 110, alignment: .leading)",6fc013c4a9382a0b51bf80c993c8cc9aae553284054115f9c42ba99b96131ca3
V9-0858,copy,Sailune/ItemInspectorViews.swift,479,25,"Text(""",合理例外,靜態欄名或領域內容；非可執行操作文案，保留畫面語境。,"Text(""概述"")",6fc013c4a9382a0b51bf80c993c8cc9aae553284054115f9c42ba99b96131ca3
V9-0859,button,Sailune/ItemInspectorViews.swift,498,17,Button(,待共用,原生 Button；須按動作角色、位置、命中與資料 action 判定共用外殼或具名例外。,"Button(""新增等級"", systemImage: SailuneSymbol.add.systemName, action: addLevel)",6fc013c4a9382a0b51bf80c993c8cc9aae553284054115f9c42ba99b96131ca3
V9-0860,copy,Sailune/ItemInspectorViews.swift,498,17,"Button(""",待共用,直接 Button／Label／Menu 文案；需與同功能操作名稱及例外對照。,"Button(""新增等級"", systemImage: SailuneSymbol.add.systemName, action: addLevel)",6fc013c4a9382a0b51bf80c993c8cc9aae553284054115f9c42ba99b96131ca3
V9-0861,symbol,Sailune/ItemInspectorViews.swift,498,45,SailuneSymbol.add,已共用,使用或定義語意圖標 key；原字形由集中表提供。,"Button(""新增等級"", systemImage: SailuneSymbol.add.systemName, action: addLevel)",6fc013c4a9382a0b51bf80c993c8cc9aae553284054115f9c42ba99b96131ca3
V9-0862,symbol,Sailune/ItemInspectorViews.swift,589,35,SailuneSymbol.disclosure,已共用,使用或定義語意圖標 key；原字形由集中表提供。,Image(systemName: SailuneSymbol.disclosure.systemName),6fc013c4a9382a0b51bf80c993c8cc9aae553284054115f9c42ba99b96131ca3
V9-0863,button_style,Sailune/ItemInspectorViews.swift,596,9,.buttonStyle(,待共用,原生樣式；需與同語意按鈕比對，不能只按 style 名稱批量替換。,.buttonStyle(.plain),6fc013c4a9382a0b51bf80c993c8cc9aae553284054115f9c42ba99b96131ca3
V9-0864,surface,Sailune/ItemInspectorViews.swift,597,9,.background(,待共用,直接背景或色值；需判定表面用途與既有 token 是否相同。,".background(SailuneTheme.subtleSurface, in: RoundedRectangle(cornerRadius: 8))",6fc013c4a9382a0b51bf80c993c8cc9aae553284054115f9c42ba99b96131ca3
V9-0865,surface,Sailune/ItemInspectorViews.swift,597,21,SailuneTheme.,已共用,引用或定義語意色彩 token；形狀與疊層仍需檢查。,".background(SailuneTheme.subtleSurface, in: RoundedRectangle(cornerRadius: 8))",6fc013c4a9382a0b51bf80c993c8cc9aae553284054115f9c42ba99b96131ca3
V9-0866,accessibility,Sailune/ItemInspectorViews.swift,598,9,.accessibilityLabel(,待共用,直接提示或輔助描述；需核對同操作名稱及可點擊對象。,".accessibilityLabel(""序號 \(sequenceNumber)，等級 \(displayName)，概述 \(level.compactOverview)"")",6fc013c4a9382a0b51bf80c993c8cc9aae553284054115f9c42ba99b96131ca3
V9-0867,accessibility,Sailune/ItemInspectorViews.swift,599,9,.accessibilityHint(,待共用,直接提示或輔助描述；需核對同操作名稱及可點擊對象。,".accessibilityHint(""點擊進入編輯畫面"")",6fc013c4a9382a0b51bf80c993c8cc9aae553284054115f9c42ba99b96131ca3
V9-0868,copy,Sailune/ItemInspectorViews.swift,605,17,"Text(""",合理例外,靜態欄名或領域內容；非可執行操作文案，保留畫面語境。,"Text(""序號 \(String(format: ""%02d"", sequenceNumber))"")",6fc013c4a9382a0b51bf80c993c8cc9aae553284054115f9c42ba99b96131ca3
V9-0869,button,Sailune/ItemInspectorViews.swift,609,17,Button(,待共用,原生 Button；須按動作角色、位置、命中與資料 action 判定共用外殼或具名例外。,"Button(SailuneActionCopy.done, action: finishEditing)",6fc013c4a9382a0b51bf80c993c8cc9aae553284054115f9c42ba99b96131ca3
V9-0870,copy,Sailune/ItemInspectorViews.swift,609,24,SailuneActionCopy.done,已共用,使用或定義集中操作文案。,"Button(SailuneActionCopy.done, action: finishEditing)",6fc013c4a9382a0b51bf80c993c8cc9aae553284054115f9c42ba99b96131ca3
V9-0871,button_style,Sailune/ItemInspectorViews.swift,610,21,.buttonStyle(,待共用,原生樣式；需與同語意按鈕比對，不能只按 style 名稱批量替換。,.buttonStyle(.borderedProminent),6fc013c4a9382a0b51bf80c993c8cc9aae553284054115f9c42ba99b96131ca3
V9-0872,field,Sailune/ItemInspectorViews.swift,613,17,SailuneFormTextField(,已共用,引用或定義共用欄位；焦點、組字及內距仍需代表畫面驗收。,"SailuneFormTextField(title: ""等級名稱（必填）"", text: $level.name)",6fc013c4a9382a0b51bf80c993c8cc9aae553284054115f9c42ba99b96131ca3
V9-0873,button,Sailune/ItemInspectorViews.swift,614,17,Button(,待共用,原生 Button；須按動作角色、位置、命中與資料 action 判定共用外殼或具名例外。,"Button(action: onMoveUp) { Image(systemName: ""arrow.up"") }.buttonStyle(.plain).disabled(!canMoveUp)",6fc013c4a9382a0b51bf80c993c8cc9aae553284054115f9c42ba99b96131ca3
V9-0874,symbol,Sailune/ItemInspectorViews.swift,614,50,"systemName: ""arrow.up""",待共用,直接 SF Symbol 字串；須依實際操作或資料語意分類。,"Button(action: onMoveUp) { Image(systemName: ""arrow.up"") }.buttonStyle(.plain).disabled(!canMoveUp)",6fc013c4a9382a0b51bf80c993c8cc9aae553284054115f9c42ba99b96131ca3
V9-0875,button_style,Sailune/ItemInspectorViews.swift,614,75,.buttonStyle(,待共用,原生樣式；需與同語意按鈕比對，不能只按 style 名稱批量替換。,"Button(action: onMoveUp) { Image(systemName: ""arrow.up"") }.buttonStyle(.plain).disabled(!canMoveUp)",6fc013c4a9382a0b51bf80c993c8cc9aae553284054115f9c42ba99b96131ca3
V9-0876,button,Sailune/ItemInspectorViews.swift,615,17,Button(,待共用,原生 Button；須按動作角色、位置、命中與資料 action 判定共用外殼或具名例外。,"Button(action: onMoveDown) { Image(systemName: ""arrow.down"") }.buttonStyle(.plain).disabled(!canMoveDown)",6fc013c4a9382a0b51bf80c993c8cc9aae553284054115f9c42ba99b96131ca3
V9-0877,symbol,Sailune/ItemInspectorViews.swift,615,52,"systemName: ""arrow.down""",待共用,直接 SF Symbol 字串；須依實際操作或資料語意分類。,"Button(action: onMoveDown) { Image(systemName: ""arrow.down"") }.buttonStyle(.plain).disabled(!canMoveDown)",6fc013c4a9382a0b51bf80c993c8cc9aae553284054115f9c42ba99b96131ca3
V9-0878,button_style,Sailune/ItemInspectorViews.swift,615,79,.buttonStyle(,待共用,原生樣式；需與同語意按鈕比對，不能只按 style 名稱批量替換。,"Button(action: onMoveDown) { Image(systemName: ""arrow.down"") }.buttonStyle(.plain).disabled(!canMoveDown)",6fc013c4a9382a0b51bf80c993c8cc9aae553284054115f9c42ba99b96131ca3
V9-0879,button,Sailune/ItemInspectorViews.swift,616,17,Button(,待共用,原生 Button；須按動作角色、位置、命中與資料 action 判定共用外殼或具名例外。,"Button(role: .destructive, action: onDelete) { Image(systemName: SailuneSymbol.delete.systemName) }.buttonStyle(.plain)",6fc013c4a9382a0b51bf80c993c8cc9aae553284054115f9c42ba99b96131ca3
V9-0880,symbol,Sailune/ItemInspectorViews.swift,616,82,SailuneSymbol.delete,已共用,使用或定義語意圖標 key；原字形由集中表提供。,"Button(role: .destructive, action: onDelete) { Image(systemName: SailuneSymbol.delete.systemName) }.buttonStyle(.plain)",6fc013c4a9382a0b51bf80c993c8cc9aae553284054115f9c42ba99b96131ca3
V9-0881,button_style,Sailune/ItemInspectorViews.swift,616,116,.buttonStyle(,待共用,原生樣式；需與同語意按鈕比對，不能只按 style 名稱批量替換。,"Button(role: .destructive, action: onDelete) { Image(systemName: SailuneSymbol.delete.systemName) }.buttonStyle(.plain)",6fc013c4a9382a0b51bf80c993c8cc9aae553284054115f9c42ba99b96131ca3
V9-0882,copy,Sailune/ItemInspectorViews.swift,619,17,"Label(""",待共用,直接 Button／Label／Menu 文案；需與同功能操作名稱及例外對照。,"Label(""等級名稱不可空白"", systemImage: SailuneSymbol.requirementNotice.systemName)",6fc013c4a9382a0b51bf80c993c8cc9aae553284054115f9c42ba99b96131ca3
V9-0883,symbol,Sailune/ItemInspectorViews.swift,619,48,SailuneSymbol.requirementNotice,已共用,使用或定義語意圖標 key；原字形由集中表提供。,"Label(""等級名稱不可空白"", systemImage: SailuneSymbol.requirementNotice.systemName)",6fc013c4a9382a0b51bf80c993c8cc9aae553284054115f9c42ba99b96131ca3
V9-0884,field,Sailune/ItemInspectorViews.swift,623,13,SailuneFormTextField(,已共用,引用或定義共用欄位；焦點、組字及內距仍需代表畫面驗收。,"SailuneFormTextField(title: ""物品名稱（選填）"", text: $level.itemName)",6fc013c4a9382a0b51bf80c993c8cc9aae553284054115f9c42ba99b96131ca3
V9-0885,surface,Sailune/ItemInspectorViews.swift,629,9,.background(,待共用,直接背景或色值；需判定表面用途與既有 token 是否相同。,".background(Color.accentColor.opacity(0.08), in: RoundedRectangle(cornerRadius: 8))",6fc013c4a9382a0b51bf80c993c8cc9aae553284054115f9c42ba99b96131ca3
V9-0886,editor,Sailune/ItemInspectorViews.swift,647,13,InsetTextEditor(,已共用,引用或定義共用多行編輯器；V9.1am 首行安全距仍待 U 核定。,"InsetTextEditor(text: text, minHeight: 56)",6fc013c4a9382a0b51bf80c993c8cc9aae553284054115f9c42ba99b96131ca3
V9-0887,button,Sailune/KinshipGraphViews.swift,75,17,Button(,待共用,原生 Button；須按動作角色、位置、命中與資料 action 判定共用外殼或具名例外。,Button(action: onBack) {,63ae8cfb25e41529d153022214466ea9ed4187a8b77f3058c618852f54e50754
V9-0888,symbol,Sailune/KinshipGraphViews.swift,76,39,SailuneSymbol.back,已共用,使用或定義語意圖標 key；原字形由集中表提供。,Image(systemName: SailuneSymbol.back.systemName),63ae8cfb25e41529d153022214466ea9ed4187a8b77f3058c618852f54e50754
V9-0889,copy,Sailune/KinshipGraphViews.swift,77,21,"Text(""",合理例外,靜態欄名或領域內容；非可執行操作文案，保留畫面語境。,"Text(""返回詳情"")",63ae8cfb25e41529d153022214466ea9ed4187a8b77f3058c618852f54e50754
V9-0890,button_style,Sailune/KinshipGraphViews.swift,79,17,.buttonStyle(,待共用,原生樣式；需與同語意按鈕比對，不能只按 style 名稱批量替換。,.buttonStyle(.plain),63ae8cfb25e41529d153022214466ea9ed4187a8b77f3058c618852f54e50754
V9-0891,button,Sailune/KinshipGraphViews.swift,82,21,Button(,待共用,原生 Button；須按動作角色、位置、命中與資料 action 判定共用外殼或具名例外。,"Button(""新增關係"") { showingAddGeneralRelationship = true }",63ae8cfb25e41529d153022214466ea9ed4187a8b77f3058c618852f54e50754
V9-0892,copy,Sailune/KinshipGraphViews.swift,82,21,"Button(""",待共用,直接 Button／Label／Menu 文案；需與同功能操作名稱及例外對照。,"Button(""新增關係"") { showingAddGeneralRelationship = true }",63ae8cfb25e41529d153022214466ea9ed4187a8b77f3058c618852f54e50754
V9-0893,button,Sailune/KinshipGraphViews.swift,83,21,Button(,待共用,原生 Button；須按動作角色、位置、命中與資料 action 判定共用外殼或具名例外。,"Button(""新增血緣關係"") { showingAddSheet = true }",63ae8cfb25e41529d153022214466ea9ed4187a8b77f3058c618852f54e50754
V9-0894,copy,Sailune/KinshipGraphViews.swift,83,21,"Button(""",待共用,直接 Button／Label／Menu 文案；需與同功能操作名稱及例外對照。,"Button(""新增血緣關係"") { showingAddSheet = true }",63ae8cfb25e41529d153022214466ea9ed4187a8b77f3058c618852f54e50754
V9-0895,symbol,Sailune/KinshipGraphViews.swift,85,39,SailuneSymbol.addCircleFilled,已共用,使用或定義語意圖標 key；原字形由集中表提供。,Image(systemName: SailuneSymbol.addCircleFilled.systemName).font(.title3),63ae8cfb25e41529d153022214466ea9ed4187a8b77f3058c618852f54e50754
V9-0896,surface,Sailune/KinshipGraphViews.swift,90,13,.background(,待共用,直接背景或色值；需判定表面用途與既有 token 是否相同。,.background(Color(nsColor: .controlBackgroundColor)),63ae8cfb25e41529d153022214466ea9ed4187a8b77f3058c618852f54e50754
V9-0897,field,Sailune/KinshipGraphViews.swift,100,17,TextField(,待共用,原生欄位；需檢查數值、焦點、提交與多行等專用契約。,"TextField(""搜尋角色"", text: $searchText)",63ae8cfb25e41529d153022214466ea9ed4187a8b77f3058c618852f54e50754
V9-0898,symbol,Sailune/KinshipGraphViews.swift,108,31,"systemName: ""minus.magnifyingglass""",待共用,直接 SF Symbol 字串；須依實際操作或資料語意分類。,"Image(systemName: ""minus.magnifyingglass"")",63ae8cfb25e41529d153022214466ea9ed4187a8b77f3058c618852f54e50754
V9-0899,button_style,Sailune/KinshipGraphViews.swift,110,21,.buttonStyle(,待共用,原生樣式；需與同語意按鈕比對，不能只按 style 名稱批量替換。,.buttonStyle(.plain),63ae8cfb25e41529d153022214466ea9ed4187a8b77f3058c618852f54e50754
V9-0900,symbol,Sailune/KinshipGraphViews.swift,112,31,"systemName: ""plus.magnifyingglass""",待共用,直接 SF Symbol 字串；須依實際操作或資料語意分類。,"Image(systemName: ""plus.magnifyingglass"")",63ae8cfb25e41529d153022214466ea9ed4187a8b77f3058c618852f54e50754
V9-0901,button_style,Sailune/KinshipGraphViews.swift,114,21,.buttonStyle(,待共用,原生樣式；需與同語意按鈕比對，不能只按 style 名稱批量替換。,.buttonStyle(.plain),63ae8cfb25e41529d153022214466ea9ed4187a8b77f3058c618852f54e50754
V9-0902,dialog,Sailune/KinshipGraphViews.swift,138,9,.sheet(,待共用,原生呈現入口；需按確認、錯誤、取消及資料後果分組，僅呈現外殼可共用。,.sheet(isPresented: $showingAddSheet) {,63ae8cfb25e41529d153022214466ea9ed4187a8b77f3058c618852f54e50754
V9-0903,dialog,Sailune/KinshipGraphViews.swift,145,9,.sheet(,待共用,原生呈現入口；需按確認、錯誤、取消及資料後果分組，僅呈現外殼可共用。,.sheet(isPresented: $showingAddGeneralRelationship) {,63ae8cfb25e41529d153022214466ea9ed4187a8b77f3058c618852f54e50754
V9-0904,surface,Sailune/KinshipGraphViews.swift,174,21,Color.secondary.opacity(,待共用,直接背景或色值；需判定表面用途與既有 token 是否相同。,".stroke(Color.secondary.opacity(0.5), lineWidth: 1.5)",63ae8cfb25e41529d153022214466ea9ed4187a8b77f3058c618852f54e50754
V9-0905,copy,Sailune/KinshipGraphViews.swift,185,25,"Text(""",合理例外,靜態欄名或領域內容；非可執行操作文案，保留畫面語境。,"Text(""\(group.source.id == character.id ? ""→"" : ""←"") \(group.currentNames.prefix(2).joined(separator: ""・""))"")",63ae8cfb25e41529d153022214466ea9ed4187a8b77f3058c618852f54e50754
V9-0906,surface,Sailune/KinshipGraphViews.swift,187,29,.background(,待共用,直接背景或色值；需判定表面用途與既有 token 是否相同。,.background(Color.appBackground),63ae8cfb25e41529d153022214466ea9ed4187a8b77f3058c618852f54e50754
V9-0907,button_style,Sailune/KinshipGraphViews.swift,190,21,.buttonStyle(,待共用,原生樣式；需與同語意按鈕比對，不能只按 style 名稱批量替換。,.buttonStyle(.plain),63ae8cfb25e41529d153022214466ea9ed4187a8b77f3058c618852f54e50754
V9-0908,button_style,Sailune/KinshipGraphViews.swift,213,9,.buttonStyle(,待共用,原生樣式；需與同語意按鈕比對，不能只按 style 名稱批量替換。,.buttonStyle(.plain),63ae8cfb25e41529d153022214466ea9ed4187a8b77f3058c618852f54e50754
V9-0909,copy,Sailune/KinshipGraphViews.swift,242,13,"Text(""",合理例外,靜態欄名或領域內容；非可執行操作文案，保留畫面語境。,"Text(""新增血緣關係"").font(.headline)",63ae8cfb25e41529d153022214466ea9ed4187a8b77f3058c618852f54e50754
V9-0910,copy,Sailune/KinshipGraphViews.swift,253,21,"Text(""",合理例外,靜態欄名或領域內容；非可執行操作文案，保留畫面語境。,"Text(""請選擇..."").tag("""")",63ae8cfb25e41529d153022214466ea9ed4187a8b77f3058c618852f54e50754
V9-0911,button,Sailune/KinshipGraphViews.swift,262,17,Button(,待共用,原生 Button；須按動作角色、位置、命中與資料 action 判定共用外殼或具名例外。,Button(SailuneActionCopy.cancel) { dismiss() }.keyboardShortcut(.cancelAction),63ae8cfb25e41529d153022214466ea9ed4187a8b77f3058c618852f54e50754
V9-0912,copy,Sailune/KinshipGraphViews.swift,262,24,SailuneActionCopy.cancel,已共用,使用或定義集中操作文案。,Button(SailuneActionCopy.cancel) { dismiss() }.keyboardShortcut(.cancelAction),63ae8cfb25e41529d153022214466ea9ed4187a8b77f3058c618852f54e50754
V9-0913,button,Sailune/KinshipGraphViews.swift,264,17,Button(,待共用,原生 Button；須按動作角色、位置、命中與資料 action 判定共用外殼或具名例外。,"Button(""建立"") {",63ae8cfb25e41529d153022214466ea9ed4187a8b77f3058c618852f54e50754
V9-0914,copy,Sailune/KinshipGraphViews.swift,264,17,"Button(""",待共用,直接 Button／Label／Menu 文案；需與同功能操作名稱及例外對照。,"Button(""建立"") {",63ae8cfb25e41529d153022214466ea9ed4187a8b77f3058c618852f54e50754
V9-0915,failure_path,Sailune/MapCatalog.swift,254,11,catch,待共用,失敗分支或可選錯誤；需核對主要結果、次要錯誤記錄與恢復契約。,} catch {,4438fe4e7c973a387b2457886bfbd78250ce60f6b76e20ca63364a41107bd6ea
V9-0916,copy,Sailune/MapManagementViews.swift,28,13,"Text(""",合理例外,靜態欄名或領域內容；非可執行操作文案，保留畫面語境。,"Text(""管理地圖"").font(.headline)",7bdf25436b3024700112a84b88eb6ff7ae7be21ed82b2cbfed3873e5f6354242
V9-0917,button,Sailune/MapManagementViews.swift,38,21,Button(,待共用,原生 Button；須按動作角色、位置、命中與資料 action 判定共用外殼或具名例外。,"Button(""重新命名"") { nameText = map.name; nameOperation = .rename(map.id) }",7bdf25436b3024700112a84b88eb6ff7ae7be21ed82b2cbfed3873e5f6354242
V9-0918,copy,Sailune/MapManagementViews.swift,38,21,"Button(""",待共用,直接 Button／Label／Menu 文案；需與同功能操作名稱及例外對照。,"Button(""重新命名"") { nameText = map.name; nameOperation = .rename(map.id) }",7bdf25436b3024700112a84b88eb6ff7ae7be21ed82b2cbfed3873e5f6354242
V9-0919,button,Sailune/MapManagementViews.swift,39,21,Button(,待共用,原生 Button；須按動作角色、位置、命中與資料 action 判定共用外殼或具名例外。,"Button(SailuneActionCopy.delete, role: .destructive) { mapToDelete = map }",7bdf25436b3024700112a84b88eb6ff7ae7be21ed82b2cbfed3873e5f6354242
V9-0920,copy,Sailune/MapManagementViews.swift,39,28,SailuneActionCopy.delete,已共用,使用或定義集中操作文案。,"Button(SailuneActionCopy.delete, role: .destructive) { mapToDelete = map }",7bdf25436b3024700112a84b88eb6ff7ae7be21ed82b2cbfed3873e5f6354242
V9-0921,copy,Sailune/MapManagementViews.swift,48,73,"Label(""",待共用,直接 Button／Label／Menu 文案；需與同功能操作名稱及例外對照。,"Button { nameText = """"; nameOperation = .add } label: { Label(""新增地圖"", systemImage: SailuneSymbol.add.systemName) }",7bdf25436b3024700112a84b88eb6ff7ae7be21ed82b2cbfed3873e5f6354242
V9-0922,symbol,Sailune/MapManagementViews.swift,48,100,SailuneSymbol.add,已共用,使用或定義語意圖標 key；原字形由集中表提供。,"Button { nameText = """"; nameOperation = .add } label: { Label(""新增地圖"", systemImage: SailuneSymbol.add.systemName) }",7bdf25436b3024700112a84b88eb6ff7ae7be21ed82b2cbfed3873e5f6354242
V9-0923,button,Sailune/MapManagementViews.swift,50,17,Button(,待共用,原生 Button；須按動作角色、位置、命中與資料 action 判定共用外殼或具名例外。,Button(SailuneActionCopy.done) { onSelectionChanged(); dismiss() },7bdf25436b3024700112a84b88eb6ff7ae7be21ed82b2cbfed3873e5f6354242
V9-0924,copy,Sailune/MapManagementViews.swift,50,24,SailuneActionCopy.done,已共用,使用或定義集中操作文案。,Button(SailuneActionCopy.done) { onSelectionChanged(); dismiss() },7bdf25436b3024700112a84b88eb6ff7ae7be21ed82b2cbfed3873e5f6354242
V9-0925,dialog,Sailune/MapManagementViews.swift,56,9,.alert(,待共用,原生呈現入口；需按確認、錯誤、取消及資料後果分組，僅呈現外殼可共用。,".alert(nameOperationTitle, isPresented: Binding(get: { nameOperation != nil }, set: { if !$0 { nameOperation = nil } })) {",7bdf25436b3024700112a84b88eb6ff7ae7be21ed82b2cbfed3873e5f6354242
V9-0926,field,Sailune/MapManagementViews.swift,57,13,TextField(,待共用,原生欄位；需檢查數值、焦點、提交與多行等專用契約。,"TextField(""地圖名稱"", text: $nameText)",7bdf25436b3024700112a84b88eb6ff7ae7be21ed82b2cbfed3873e5f6354242
V9-0927,button,Sailune/MapManagementViews.swift,58,13,Button(,待共用,原生 Button；須按動作角色、位置、命中與資料 action 判定共用外殼或具名例外。,"Button(SailuneActionCopy.cancel, role: .cancel) { nameOperation = nil }",7bdf25436b3024700112a84b88eb6ff7ae7be21ed82b2cbfed3873e5f6354242
V9-0928,copy,Sailune/MapManagementViews.swift,58,20,SailuneActionCopy.cancel,已共用,使用或定義集中操作文案。,"Button(SailuneActionCopy.cancel, role: .cancel) { nameOperation = nil }",7bdf25436b3024700112a84b88eb6ff7ae7be21ed82b2cbfed3873e5f6354242
V9-0929,button,Sailune/MapManagementViews.swift,59,13,Button(,待共用,原生 Button；須按動作角色、位置、命中與資料 action 判定共用外殼或具名例外。,Button(SailuneActionCopy.save) { performNameOperation() },7bdf25436b3024700112a84b88eb6ff7ae7be21ed82b2cbfed3873e5f6354242
V9-0930,copy,Sailune/MapManagementViews.swift,59,20,SailuneActionCopy.save,已共用,使用或定義集中操作文案。,Button(SailuneActionCopy.save) { performNameOperation() },7bdf25436b3024700112a84b88eb6ff7ae7be21ed82b2cbfed3873e5f6354242
V9-0931,dialog,Sailune/MapManagementViews.swift,61,9,.alert(,待共用,原生呈現入口；需按確認、錯誤、取消及資料後果分組，僅呈現外殼可共用。,".alert(""刪除地圖？"", isPresented: Binding(get: { mapToDelete != nil }, set: { if !$0 { mapToDelete = nil } })) {",7bdf25436b3024700112a84b88eb6ff7ae7be21ed82b2cbfed3873e5f6354242
V9-0932,button,Sailune/MapManagementViews.swift,62,13,Button(,待共用,原生 Button；須按動作角色、位置、命中與資料 action 判定共用外殼或具名例外。,"Button(SailuneActionCopy.cancel, role: .cancel) { mapToDelete = nil }",7bdf25436b3024700112a84b88eb6ff7ae7be21ed82b2cbfed3873e5f6354242
V9-0933,copy,Sailune/MapManagementViews.swift,62,20,SailuneActionCopy.cancel,已共用,使用或定義集中操作文案。,"Button(SailuneActionCopy.cancel, role: .cancel) { mapToDelete = nil }",7bdf25436b3024700112a84b88eb6ff7ae7be21ed82b2cbfed3873e5f6354242
V9-0934,button,Sailune/MapManagementViews.swift,63,13,Button(,待共用,原生 Button；須按動作角色、位置、命中與資料 action 判定共用外殼或具名例外。,"Button(SailuneActionCopy.delete, role: .destructive) { deleteSelectedMap() }",7bdf25436b3024700112a84b88eb6ff7ae7be21ed82b2cbfed3873e5f6354242
V9-0935,copy,Sailune/MapManagementViews.swift,63,20,SailuneActionCopy.delete,已共用,使用或定義集中操作文案。,"Button(SailuneActionCopy.delete, role: .destructive) { deleteSelectedMap() }",7bdf25436b3024700112a84b88eb6ff7ae7be21ed82b2cbfed3873e5f6354242
V9-0936,copy,Sailune/MapManagementViews.swift,65,13,"Text(""",合理例外,靜態欄名或領域內容；非可執行操作文案，保留畫面語境。,"Text(""會刪除此地圖的所有背景版本與標記位置，但不會刪除設定集中的地點。"")",7bdf25436b3024700112a84b88eb6ff7ae7be21ed82b2cbfed3873e5f6354242
V9-0937,dialog,Sailune/MapManagementViews.swift,67,9,.alert(,待共用,原生呈現入口；需按確認、錯誤、取消及資料後果分組，僅呈現外殼可共用。,".alert(""無法完成操作"", isPresented: Binding(get: { errorMessage != nil }, set: { if !$0 { errorMessage = nil } })) {",7bdf25436b3024700112a84b88eb6ff7ae7be21ed82b2cbfed3873e5f6354242
V9-0938,button,Sailune/MapManagementViews.swift,68,13,Button(,待共用,原生 Button；須按動作角色、位置、命中與資料 action 判定共用外殼或具名例外。,"Button(SailuneActionCopy.acknowledge, role: .cancel) { errorMessage = nil }",7bdf25436b3024700112a84b88eb6ff7ae7be21ed82b2cbfed3873e5f6354242
V9-0939,copy,Sailune/MapManagementViews.swift,68,20,SailuneActionCopy.acknowledge,已共用,使用或定義集中操作文案。,"Button(SailuneActionCopy.acknowledge, role: .cancel) { errorMessage = nil }",7bdf25436b3024700112a84b88eb6ff7ae7be21ed82b2cbfed3873e5f6354242
V9-0940,failure_path,Sailune/MapManagementViews.swift,88,11,catch,待共用,失敗分支或可選錯誤；需核對主要結果、次要錯誤記錄與恢復契約。,} catch { errorMessage = error.localizedDescription },7bdf25436b3024700112a84b88eb6ff7ae7be21ed82b2cbfed3873e5f6354242
V9-0941,failure_path,Sailune/MapManagementViews.swift,98,11,catch,待共用,失敗分支或可選錯誤；需核對主要結果、次要錯誤記錄與恢復契約。,} catch { errorMessage = error.localizedDescription },7bdf25436b3024700112a84b88eb6ff7ae7be21ed82b2cbfed3873e5f6354242
V9-0942,copy,Sailune/MapManagementViews.swift,118,13,"Text(""",合理例外,靜態欄名或領域內容；非可執行操作文案，保留畫面語境。,"Text(""管理「\(map.name)」版本"").font(.headline)",7bdf25436b3024700112a84b88eb6ff7ae7be21ed82b2cbfed3873e5f6354242
V9-0943,button,Sailune/MapManagementViews.swift,124,21,Button(,待共用,原生 Button；須按動作角色、位置、命中與資料 action 判定共用外殼或具名例外。,"Button(""重新命名"") { nameText = version.name; nameOperation = .rename(version.id) }",7bdf25436b3024700112a84b88eb6ff7ae7be21ed82b2cbfed3873e5f6354242
V9-0944,copy,Sailune/MapManagementViews.swift,124,21,"Button(""",待共用,直接 Button／Label／Menu 文案；需與同功能操作名稱及例外對照。,"Button(""重新命名"") { nameText = version.name; nameOperation = .rename(version.id) }",7bdf25436b3024700112a84b88eb6ff7ae7be21ed82b2cbfed3873e5f6354242
V9-0945,button,Sailune/MapManagementViews.swift,125,21,Button(,待共用,原生 Button；須按動作角色、位置、命中與資料 action 判定共用外殼或具名例外。,"Button(SailuneActionCopy.delete, role: .destructive) { versionToDelete = version }",7bdf25436b3024700112a84b88eb6ff7ae7be21ed82b2cbfed3873e5f6354242
V9-0946,copy,Sailune/MapManagementViews.swift,125,28,SailuneActionCopy.delete,已共用,使用或定義集中操作文案。,"Button(SailuneActionCopy.delete, role: .destructive) { versionToDelete = version }",7bdf25436b3024700112a84b88eb6ff7ae7be21ed82b2cbfed3873e5f6354242
V9-0947,copy,Sailune/MapManagementViews.swift,134,73,"Label(""",待共用,直接 Button／Label／Menu 文案；需與同功能操作名稱及例外對照。,"Button { nameText = """"; nameOperation = .add } label: { Label(""新增版本"", systemImage: SailuneSymbol.add.systemName) }",7bdf25436b3024700112a84b88eb6ff7ae7be21ed82b2cbfed3873e5f6354242
V9-0948,symbol,Sailune/MapManagementViews.swift,134,100,SailuneSymbol.add,已共用,使用或定義語意圖標 key；原字形由集中表提供。,"Button { nameText = """"; nameOperation = .add } label: { Label(""新增版本"", systemImage: SailuneSymbol.add.systemName) }",7bdf25436b3024700112a84b88eb6ff7ae7be21ed82b2cbfed3873e5f6354242
V9-0949,button,Sailune/MapManagementViews.swift,136,17,Button(,待共用,原生 Button；須按動作角色、位置、命中與資料 action 判定共用外殼或具名例外。,Button(SailuneActionCopy.done) { onSelectionChanged(); dismiss() },7bdf25436b3024700112a84b88eb6ff7ae7be21ed82b2cbfed3873e5f6354242
V9-0950,copy,Sailune/MapManagementViews.swift,136,24,SailuneActionCopy.done,已共用,使用或定義集中操作文案。,Button(SailuneActionCopy.done) { onSelectionChanged(); dismiss() },7bdf25436b3024700112a84b88eb6ff7ae7be21ed82b2cbfed3873e5f6354242
V9-0951,dialog,Sailune/MapManagementViews.swift,141,9,.alert(,待共用,原生呈現入口；需按確認、錯誤、取消及資料後果分組，僅呈現外殼可共用。,".alert(nameOperationTitle, isPresented: Binding(get: { nameOperation != nil }, set: { if !$0 { nameOperation = nil } })) {",7bdf25436b3024700112a84b88eb6ff7ae7be21ed82b2cbfed3873e5f6354242
V9-0952,field,Sailune/MapManagementViews.swift,142,13,TextField(,待共用,原生欄位；需檢查數值、焦點、提交與多行等專用契約。,"TextField(""版本名稱"", text: $nameText)",7bdf25436b3024700112a84b88eb6ff7ae7be21ed82b2cbfed3873e5f6354242
V9-0953,button,Sailune/MapManagementViews.swift,143,13,Button(,待共用,原生 Button；須按動作角色、位置、命中與資料 action 判定共用外殼或具名例外。,"Button(SailuneActionCopy.cancel, role: .cancel) { nameOperation = nil }",7bdf25436b3024700112a84b88eb6ff7ae7be21ed82b2cbfed3873e5f6354242
V9-0954,copy,Sailune/MapManagementViews.swift,143,20,SailuneActionCopy.cancel,已共用,使用或定義集中操作文案。,"Button(SailuneActionCopy.cancel, role: .cancel) { nameOperation = nil }",7bdf25436b3024700112a84b88eb6ff7ae7be21ed82b2cbfed3873e5f6354242
V9-0955,button,Sailune/MapManagementViews.swift,144,13,Button(,待共用,原生 Button；須按動作角色、位置、命中與資料 action 判定共用外殼或具名例外。,Button(SailuneActionCopy.save) { performNameOperation() },7bdf25436b3024700112a84b88eb6ff7ae7be21ed82b2cbfed3873e5f6354242
V9-0956,copy,Sailune/MapManagementViews.swift,144,20,SailuneActionCopy.save,已共用,使用或定義集中操作文案。,Button(SailuneActionCopy.save) { performNameOperation() },7bdf25436b3024700112a84b88eb6ff7ae7be21ed82b2cbfed3873e5f6354242
V9-0957,dialog,Sailune/MapManagementViews.swift,146,9,.alert(,待共用,原生呈現入口；需按確認、錯誤、取消及資料後果分組，僅呈現外殼可共用。,".alert(""刪除版本？"", isPresented: Binding(get: { versionToDelete != nil }, set: { if !$0 { versionToDelete = nil } })) {",7bdf25436b3024700112a84b88eb6ff7ae7be21ed82b2cbfed3873e5f6354242
V9-0958,button,Sailune/MapManagementViews.swift,147,13,Button(,待共用,原生 Button；須按動作角色、位置、命中與資料 action 判定共用外殼或具名例外。,"Button(SailuneActionCopy.cancel, role: .cancel) { versionToDelete = nil }",7bdf25436b3024700112a84b88eb6ff7ae7be21ed82b2cbfed3873e5f6354242
V9-0959,copy,Sailune/MapManagementViews.swift,147,20,SailuneActionCopy.cancel,已共用,使用或定義集中操作文案。,"Button(SailuneActionCopy.cancel, role: .cancel) { versionToDelete = nil }",7bdf25436b3024700112a84b88eb6ff7ae7be21ed82b2cbfed3873e5f6354242
V9-0960,button,Sailune/MapManagementViews.swift,148,13,Button(,待共用,原生 Button；須按動作角色、位置、命中與資料 action 判定共用外殼或具名例外。,"Button(SailuneActionCopy.delete, role: .destructive) { deleteSelectedVersion() }",7bdf25436b3024700112a84b88eb6ff7ae7be21ed82b2cbfed3873e5f6354242
V9-0961,copy,Sailune/MapManagementViews.swift,148,20,SailuneActionCopy.delete,已共用,使用或定義集中操作文案。,"Button(SailuneActionCopy.delete, role: .destructive) { deleteSelectedVersion() }",7bdf25436b3024700112a84b88eb6ff7ae7be21ed82b2cbfed3873e5f6354242
V9-0962,copy,Sailune/MapManagementViews.swift,149,22,"Text(""",合理例外,靜態欄名或領域內容；非可執行操作文案，保留畫面語境。,"} message: { Text(""只會刪除這個背景版本，不會刪除地點或標記位置。"") }",7bdf25436b3024700112a84b88eb6ff7ae7be21ed82b2cbfed3873e5f6354242
V9-0963,dialog,Sailune/MapManagementViews.swift,150,9,.alert(,待共用,原生呈現入口；需按確認、錯誤、取消及資料後果分組，僅呈現外殼可共用。,".alert(""無法完成操作"", isPresented: Binding(get: { errorMessage != nil }, set: { if !$0 { errorMessage = nil } })) {",7bdf25436b3024700112a84b88eb6ff7ae7be21ed82b2cbfed3873e5f6354242
V9-0964,button,Sailune/MapManagementViews.swift,151,13,Button(,待共用,原生 Button；須按動作角色、位置、命中與資料 action 判定共用外殼或具名例外。,"Button(SailuneActionCopy.acknowledge, role: .cancel) { errorMessage = nil }",7bdf25436b3024700112a84b88eb6ff7ae7be21ed82b2cbfed3873e5f6354242
V9-0965,copy,Sailune/MapManagementViews.swift,151,20,SailuneActionCopy.acknowledge,已共用,使用或定義集中操作文案。,"Button(SailuneActionCopy.acknowledge, role: .cancel) { errorMessage = nil }",7bdf25436b3024700112a84b88eb6ff7ae7be21ed82b2cbfed3873e5f6354242
V9-0966,failure_path,Sailune/MapManagementViews.swift,170,11,catch,待共用,失敗分支或可選錯誤；需核對主要結果、次要錯誤記錄與恢復契約。,} catch { errorMessage = error.localizedDescription },7bdf25436b3024700112a84b88eb6ff7ae7be21ed82b2cbfed3873e5f6354242
V9-0967,failure_path,Sailune/MapManagementViews.swift,180,11,catch,待共用,失敗分支或可選錯誤；需核對主要結果、次要錯誤記錄與恢復契約。,} catch { errorMessage = error.localizedDescription },7bdf25436b3024700112a84b88eb6ff7ae7be21ed82b2cbfed3873e5f6354242
V9-0968,accessibility,Sailune/MapViews.swift,42,9,.accessibilityLabel(,待共用,直接提示或輔助描述；需核對同操作名稱及可點擊對象。,.accessibilityLabel(title),c316e3276f6d98cbfab799c388f8c451696a8b7548f7a6f89a7dd38fc94271a3
V9-0969,symbol,Sailune/MapViews.swift,80,23,"systemName: ""minus""",待共用,直接 SF Symbol 字串；須依實際操作或資料語意分類。,"Image(systemName: ""minus"")",c316e3276f6d98cbfab799c388f8c451696a8b7548f7a6f89a7dd38fc94271a3
V9-0970,accessibility,Sailune/MapViews.swift,82,13,.help(,待共用,直接提示或輔助描述；需核對同操作名稱及可點擊對象。,".help(""縮小 25%"")",c316e3276f6d98cbfab799c388f8c451696a8b7548f7a6f89a7dd38fc94271a3
V9-0971,accessibility,Sailune/MapViews.swift,90,13,.help(,待共用,直接提示或輔助描述；需核對同操作名稱及可點擊對象。,".help(""回到 100%"")",c316e3276f6d98cbfab799c388f8c451696a8b7548f7a6f89a7dd38fc94271a3
V9-0972,symbol,Sailune/MapViews.swift,93,35,SailuneSymbol.zoomIn,已共用,使用或定義語意圖標 key；原字形由集中表提供。,Image(systemName: SailuneSymbol.zoomIn.systemName),c316e3276f6d98cbfab799c388f8c451696a8b7548f7a6f89a7dd38fc94271a3
V9-0973,accessibility,Sailune/MapViews.swift,95,13,.help(,待共用,直接提示或輔助描述；需核對同操作名稱及可點擊對象。,".help(""放大 25%"")",c316e3276f6d98cbfab799c388f8c451696a8b7548f7a6f89a7dd38fc94271a3
V9-0974,copy,Sailune/MapViews.swift,99,17,"Text(""",合理例外,靜態欄名或領域內容；非可執行操作文案，保留畫面語境。,"Text(""="")",c316e3276f6d98cbfab799c388f8c451696a8b7548f7a6f89a7dd38fc94271a3
V9-0975,accessibility,Sailune/MapViews.swift,101,13,.help(,待共用,直接提示或輔助描述；需核對同操作名稱及可點擊對象。,".help(""符合視窗"")",c316e3276f6d98cbfab799c388f8c451696a8b7548f7a6f89a7dd38fc94271a3
V9-0976,accessibility,Sailune/MapViews.swift,102,13,.accessibilityLabel(,待共用,直接提示或輔助描述；需核對同操作名稱及可點擊對象。,".accessibilityLabel(""符合視窗"")",c316e3276f6d98cbfab799c388f8c451696a8b7548f7a6f89a7dd38fc94271a3
V9-0977,button_style,Sailune/MapViews.swift,104,9,.buttonStyle(,待共用,原生樣式；需與同語意按鈕比對，不能只按 style 名稱批量替換。,.buttonStyle(.bordered),c316e3276f6d98cbfab799c388f8c451696a8b7548f7a6f89a7dd38fc94271a3
V9-0978,symbol,Sailune/MapViews.swift,122,27,"systemName: ""square.stack.3d.up""",待共用,直接 SF Symbol 字串；須依實際操作或資料語意分類。,"Image(systemName: ""square.stack.3d.up"")",c316e3276f6d98cbfab799c388f8c451696a8b7548f7a6f89a7dd38fc94271a3
V9-0979,accessibility,Sailune/MapViews.swift,124,17,.help(,待共用,直接提示或輔助描述；需核對同操作名稱及可點擊對象。,".help(""管理圖層"")",c316e3276f6d98cbfab799c388f8c451696a8b7548f7a6f89a7dd38fc94271a3
V9-0980,accessibility,Sailune/MapViews.swift,125,17,.accessibilityLabel(,待共用,直接提示或輔助描述；需核對同操作名稱及可點擊對象。,".accessibilityLabel(""管理圖層"")",c316e3276f6d98cbfab799c388f8c451696a8b7548f7a6f89a7dd38fc94271a3
V9-0981,button_style,Sailune/MapViews.swift,127,13,.buttonStyle(,待共用,原生樣式；需與同語意按鈕比對，不能只按 style 名稱批量替換。,.buttonStyle(.bordered),c316e3276f6d98cbfab799c388f8c451696a8b7548f7a6f89a7dd38fc94271a3
V9-0982,button,Sailune/MapViews.swift,137,25,Button(,待共用,原生 Button；須按動作角色、位置、命中與資料 action 判定共用外殼或具名例外。,Button(style.title) { exportTemplate(style) },c316e3276f6d98cbfab799c388f8c451696a8b7548f7a6f89a7dd38fc94271a3
V9-0983,copy,Sailune/MapViews.swift,140,21,"Label(""",待共用,直接 Button／Label／Menu 文案；需與同功能操作名稱及例外對照。,"Label(""匯出地圖 PDF"", systemImage: SailuneSymbol.export.systemName)",c316e3276f6d98cbfab799c388f8c451696a8b7548f7a6f89a7dd38fc94271a3
V9-0984,symbol,Sailune/MapViews.swift,140,52,SailuneSymbol.export,已共用,使用或定義語意圖標 key；原字形由集中表提供。,"Label(""匯出地圖 PDF"", systemImage: SailuneSymbol.export.systemName)",c316e3276f6d98cbfab799c388f8c451696a8b7548f7a6f89a7dd38fc94271a3
V9-0985,accessibility,Sailune/MapViews.swift,142,17,.help(,待共用,直接提示或輔助描述；需核對同操作名稱及可點擊對象。,".help(""匯出地圖 PDF"")",c316e3276f6d98cbfab799c388f8c451696a8b7548f7a6f89a7dd38fc94271a3
V9-0986,symbol,Sailune/MapViews.swift,145,50,"systemImage: ""square.and.arrow.down""",待共用,直接 SF Symbol 字串；須依實際操作或資料語意分類。,"AdaptiveToolbarLabel(""匯入地圖"", systemImage: ""square.and.arrow.down"")",c316e3276f6d98cbfab799c388f8c451696a8b7548f7a6f89a7dd38fc94271a3
V9-0987,accessibility,Sailune/MapViews.swift,147,17,.help(,待共用,直接提示或輔助描述；需核對同操作名稱及可點擊對象。,".help(""匯入地圖"")",c316e3276f6d98cbfab799c388f8c451696a8b7548f7a6f89a7dd38fc94271a3
V9-0988,copy,Sailune/MapViews.swift,166,50,"Text(""",合理例外,靜態欄名或領域內容；非可執行操作文案，保留畫面語境。,"if visibleMaps.isEmpty { Text(""尚無地圖"").tag(UUID?.none) }",c316e3276f6d98cbfab799c388f8c451696a8b7548f7a6f89a7dd38fc94271a3
V9-0989,symbol,Sailune/MapViews.swift,173,31,"systemName: ""square.stack.3d.up""",待共用,直接 SF Symbol 字串；須依實際操作或資料語意分類。,"Image(systemName: ""square.stack.3d.up"")",c316e3276f6d98cbfab799c388f8c451696a8b7548f7a6f89a7dd38fc94271a3
V9-0990,accessibility,Sailune/MapViews.swift,175,21,.help(,待共用,直接提示或輔助描述；需核對同操作名稱及可點擊對象。,".help(""管理地圖"")",c316e3276f6d98cbfab799c388f8c451696a8b7548f7a6f89a7dd38fc94271a3
V9-0991,accessibility,Sailune/MapViews.swift,176,21,.accessibilityLabel(,待共用,直接提示或輔助描述；需核對同操作名稱及可點擊對象。,".accessibilityLabel(""管理地圖"")",c316e3276f6d98cbfab799c388f8c451696a8b7548f7a6f89a7dd38fc94271a3
V9-0992,symbol,Sailune/MapViews.swift,180,27,"systemName: ""mappin""",待共用,直接 SF Symbol 字串；須依實際操作或資料語意分類。,"Image(systemName: ""mappin"")",c316e3276f6d98cbfab799c388f8c451696a8b7548f7a6f89a7dd38fc94271a3
V9-0993,accessibility,Sailune/MapViews.swift,182,17,.help(,待共用,直接提示或輔助描述；需核對同操作名稱及可點擊對象。,".help(""輸入座標"")",c316e3276f6d98cbfab799c388f8c451696a8b7548f7a6f89a7dd38fc94271a3
V9-0994,accessibility,Sailune/MapViews.swift,183,17,.accessibilityLabel(,待共用,直接提示或輔助描述；需核對同操作名稱及可點擊對象。,".accessibilityLabel(""輸入座標"")",c316e3276f6d98cbfab799c388f8c451696a8b7548f7a6f89a7dd38fc94271a3
V9-0995,surface,Sailune/MapViews.swift,188,13,.background(,待共用,直接背景或色值；需判定表面用途與既有 token 是否相同。,.background(Color(nsColor: .windowBackgroundColor)),c316e3276f6d98cbfab799c388f8c451696a8b7548f7a6f89a7dd38fc94271a3
V9-0996,surface,Sailune/MapViews.swift,244,13,.background(,待共用,直接背景或色值；需判定表面用途與既有 token 是否相同。,.background(Color(nsColor: .windowBackgroundColor)),c316e3276f6d98cbfab799c388f8c451696a8b7548f7a6f89a7dd38fc94271a3
V9-0997,surface,Sailune/MapViews.swift,262,13,.background(,待共用,直接背景或色值；需判定表面用途與既有 token 是否相同。,.background(Color(nsColor: .windowBackgroundColor)),c316e3276f6d98cbfab799c388f8c451696a8b7548f7a6f89a7dd38fc94271a3
V9-0998,dialog,Sailune/MapViews.swift,271,9,.sheet(,待共用,原生呈現入口；需按確認、錯誤、取消及資料後果分組，僅呈現外殼可共用。,.sheet(item: $markerDraft) { draft in,c316e3276f6d98cbfab799c388f8c451696a8b7548f7a6f89a7dd38fc94271a3
V9-0999,dialog,Sailune/MapViews.swift,294,9,.sheet(,待共用,原生呈現入口；需按確認、錯誤、取消及資料後果分組，僅呈現外殼可共用。,.sheet(isPresented: $isManagingMaps) {,c316e3276f6d98cbfab799c388f8c451696a8b7548f7a6f89a7dd38fc94271a3
V9-1000,dialog,Sailune/MapViews.swift,302,9,.sheet(,待共用,原生呈現入口；需按確認、錯誤、取消及資料後果分組，僅呈現外殼可共用。,.sheet(isPresented: $isManagingVersions) {,c316e3276f6d98cbfab799c388f8c451696a8b7548f7a6f89a7dd38fc94271a3
V9-1001,dialog,Sailune/MapViews.swift,311,9,.alert(,待共用,原生呈現入口；需按確認、錯誤、取消及資料後果分組，僅呈現外殼可共用。,".alert(""地圖處理失敗"", isPresented: Binding(",c316e3276f6d98cbfab799c388f8c451696a8b7548f7a6f89a7dd38fc94271a3
V9-1002,button,Sailune/MapViews.swift,315,13,Button(,待共用,原生 Button；須按動作角色、位置、命中與資料 action 判定共用外殼或具名例外。,"Button(SailuneActionCopy.acknowledge, role: .cancel) { errorMessage = nil }",c316e3276f6d98cbfab799c388f8c451696a8b7548f7a6f89a7dd38fc94271a3
V9-1003,copy,Sailune/MapViews.swift,315,20,SailuneActionCopy.acknowledge,已共用,使用或定義集中操作文案。,"Button(SailuneActionCopy.acknowledge, role: .cancel) { errorMessage = nil }",c316e3276f6d98cbfab799c388f8c451696a8b7548f7a6f89a7dd38fc94271a3
V9-1004,failure_path,Sailune/MapViews.swift,413,11,catch,待共用,失敗分支或可選錯誤；需核對主要結果、次要錯誤記錄與恢復契約。,} catch {,c316e3276f6d98cbfab799c388f8c451696a8b7548f7a6f89a7dd38fc94271a3
V9-1005,failure_path,Sailune/MapViews.swift,436,11,catch,待共用,失敗分支或可選錯誤；需核對主要結果、次要錯誤記錄與恢復契約。,} catch {,c316e3276f6d98cbfab799c388f8c451696a8b7548f7a6f89a7dd38fc94271a3
V9-1006,failure_path,Sailune/MapViews.swift,447,11,catch,待共用,失敗分支或可選錯誤；需核對主要結果、次要錯誤記錄與恢復契約。,} catch {,c316e3276f6d98cbfab799c388f8c451696a8b7548f7a6f89a7dd38fc94271a3
V9-1007,failure_path,Sailune/MapViews.swift,472,11,catch,待共用,失敗分支或可選錯誤；需核對主要結果、次要錯誤記錄與恢復契約。,} catch { errorMessage = error.localizedDescription },c316e3276f6d98cbfab799c388f8c451696a8b7548f7a6f89a7dd38fc94271a3
V9-1008,failure_path,Sailune/MapViews.swift,482,11,catch,待共用,失敗分支或可選錯誤；需核對主要結果、次要錯誤記錄與恢復契約。,} catch {,c316e3276f6d98cbfab799c388f8c451696a8b7548f7a6f89a7dd38fc94271a3
V9-1009,failure_path,Sailune/MapViews.swift,490,9,catch,待共用,失敗分支或可選錯誤；需核對主要結果、次要錯誤記錄與恢復契約。,catch { errorMessage = error.localizedDescription },c316e3276f6d98cbfab799c388f8c451696a8b7548f7a6f89a7dd38fc94271a3
V9-1010,failure_path,Sailune/MapViews.swift,514,11,catch,待共用,失敗分支或可選錯誤；需核對主要結果、次要錯誤記錄與恢復契約。,} catch { errorMessage = error.localizedDescription },c316e3276f6d98cbfab799c388f8c451696a8b7548f7a6f89a7dd38fc94271a3
V9-1011,accessibility,Sailune/MapViews.swift,608,21,.help(,待共用,直接提示或輔助描述；需核對同操作名稱及可點擊對象。,".help(markerHelp(for: marker.place, coordinate: coordinate))",c316e3276f6d98cbfab799c388f8c451696a8b7548f7a6f89a7dd38fc94271a3
V9-1012,button_style,Sailune/MapViews.swift,669,9,.buttonStyle(,待共用,原生樣式；需與同語意按鈕比對，不能只按 style 名稱批量替換。,.buttonStyle(.plain),c316e3276f6d98cbfab799c388f8c451696a8b7548f7a6f89a7dd38fc94271a3
V9-1013,copy,Sailune/MapViews.swift,694,17,"Text(""",合理例外,靜態欄名或領域內容；非可執行操作文案，保留畫面語境。,"Text(""X: \(Int(previewCoordinate.x.rounded()))  Y: \(Int(previewCoordinate.y.rounded()))"")",c316e3276f6d98cbfab799c388f8c451696a8b7548f7a6f89a7dd38fc94271a3
V9-1014,surface,Sailune/MapViews.swift,703,9,.background(,待共用,直接背景或色值；需判定表面用途與既有 token 是否相同。,".background(Color.white.opacity(0.9), in: RoundedRectangle(cornerRadius: 4))",c316e3276f6d98cbfab799c388f8c451696a8b7548f7a6f89a7dd38fc94271a3
V9-1015,surface,Sailune/MapViews.swift,785,13,.background(,待共用,直接背景或色值；需判定表面用途與既有 token 是否相同。,".background(Color.white.opacity(0.82), in: RoundedRectangle(cornerRadius: 4))",c316e3276f6d98cbfab799c388f8c451696a8b7548f7a6f89a7dd38fc94271a3
V9-1016,copy,Sailune/MapViews.swift,870,17,"Text(""",合理例外,靜態欄名或領域內容；非可執行操作文案，保留畫面語境。,"Text(""座標"")",c316e3276f6d98cbfab799c388f8c451696a8b7548f7a6f89a7dd38fc94271a3
V9-1017,field,Sailune/MapViews.swift,874,21,TextField(,待共用,原生欄位；需檢查數值、焦點、提交與多行等專用契約。,"TextField(""X（0–4000）"", text: $xCoordinate)",c316e3276f6d98cbfab799c388f8c451696a8b7548f7a6f89a7dd38fc94271a3
V9-1018,field,Sailune/MapViews.swift,875,21,TextField(,待共用,原生欄位；需檢查數值、焦點、提交與多行等專用契約。,"TextField(""Y（0–3000）"", text: $yCoordinate)",c316e3276f6d98cbfab799c388f8c451696a8b7548f7a6f89a7dd38fc94271a3
V9-1019,copy,Sailune/MapViews.swift,881,21,"Text(""",合理例外,靜態欄名或領域內容；非可執行操作文案，保留畫面語境。,"Text(""X 需為 0–4000、Y 需為 0–3000 的整數"")",c316e3276f6d98cbfab799c388f8c451696a8b7548f7a6f89a7dd38fc94271a3
V9-1020,field,Sailune/MapViews.swift,887,13,TextField(,待共用,原生欄位；需檢查數值、焦點、提交與多行等專用契約。,"TextField(""地點名稱"", text: $name)",c316e3276f6d98cbfab799c388f8c451696a8b7548f7a6f89a7dd38fc94271a3
V9-1021,field,Sailune/MapViews.swift,890,13,TextField(,待共用,原生欄位；需檢查數值、焦點、提交與多行等專用契約。,"TextField(""地點類型（例如城市）"", text: $placeType)",c316e3276f6d98cbfab799c388f8c451696a8b7548f7a6f89a7dd38fc94271a3
V9-1022,button,Sailune/MapViews.swift,893,17,Button(,待共用,原生 Button；須按動作角色、位置、命中與資料 action 判定共用外殼或具名例外。,Button(destinationTitle) {,c316e3276f6d98cbfab799c388f8c451696a8b7548f7a6f89a7dd38fc94271a3
V9-1023,failure_path,Sailune/MapViews.swift,897,23,catch,待共用,失敗分支或可選錯誤；需核對主要結果、次要錯誤記錄與恢復契約。,} catch {,c316e3276f6d98cbfab799c388f8c451696a8b7548f7a6f89a7dd38fc94271a3
V9-1024,button,Sailune/MapViews.swift,911,21,Button(,待共用,原生 Button；須按動作角色、位置、命中與資料 action 判定共用外殼或具名例外。,"Button(""刪除地點"", role: .destructive) {",c316e3276f6d98cbfab799c388f8c451696a8b7548f7a6f89a7dd38fc94271a3
V9-1025,copy,Sailune/MapViews.swift,911,21,"Button(""",待共用,直接 Button／Label／Menu 文案；需與同功能操作名稱及例外對照。,"Button(""刪除地點"", role: .destructive) {",c316e3276f6d98cbfab799c388f8c451696a8b7548f7a6f89a7dd38fc94271a3
V9-1026,copy,Sailune/MapViews.swift,920,25,"Label(""",待共用,直接 Button／Label／Menu 文案；需與同功能操作名稱及例外對照。,"Label(""前往地點設定"", systemImage: ""arrow.up.forward.square"")",c316e3276f6d98cbfab799c388f8c451696a8b7548f7a6f89a7dd38fc94271a3
V9-1027,symbol,Sailune/MapViews.swift,920,41,"systemImage: ""arrow.up.forward.square""",待共用,直接 SF Symbol 字串；須依實際操作或資料語意分類。,"Label(""前往地點設定"", systemImage: ""arrow.up.forward.square"")",c316e3276f6d98cbfab799c388f8c451696a8b7548f7a6f89a7dd38fc94271a3
V9-1028,button,Sailune/MapViews.swift,924,17,Button(,待共用,原生 Button；須按動作角色、位置、命中與資料 action 判定共用外殼或具名例外。,"Button(SailuneActionCopy.cancel, role: .cancel) { dismiss() }",c316e3276f6d98cbfab799c388f8c451696a8b7548f7a6f89a7dd38fc94271a3
V9-1029,copy,Sailune/MapViews.swift,924,24,SailuneActionCopy.cancel,已共用,使用或定義集中操作文案。,"Button(SailuneActionCopy.cancel, role: .cancel) { dismiss() }",c316e3276f6d98cbfab799c388f8c451696a8b7548f7a6f89a7dd38fc94271a3
V9-1030,button,Sailune/MapViews.swift,925,17,Button(,待共用,原生 Button；須按動作角色、位置、命中與資料 action 判定共用外殼或具名例外。,"Button(SailuneActionCopy.save, action: save)",c316e3276f6d98cbfab799c388f8c451696a8b7548f7a6f89a7dd38fc94271a3
V9-1031,copy,Sailune/MapViews.swift,925,24,SailuneActionCopy.save,已共用,使用或定義集中操作文案。,"Button(SailuneActionCopy.save, action: save)",c316e3276f6d98cbfab799c388f8c451696a8b7548f7a6f89a7dd38fc94271a3
V9-1032,dialog,Sailune/MapViews.swift,932,9,.alert(,待共用,原生呈現入口；需按確認、錯誤、取消及資料後果分組，僅呈現外殼可共用。,".alert(""刪除地點「\(trimmedName.isEmpty ? ""未命名地點"" : trimmedName)」？"", isPresented: $showingDeleteConfirmation) {",c316e3276f6d98cbfab799c388f8c451696a8b7548f7a6f89a7dd38fc94271a3
V9-1033,button,Sailune/MapViews.swift,933,13,Button(,待共用,原生 Button；須按動作角色、位置、命中與資料 action 判定共用外殼或具名例外。,"Button(SailuneActionCopy.cancel, role: .cancel) {}",c316e3276f6d98cbfab799c388f8c451696a8b7548f7a6f89a7dd38fc94271a3
V9-1034,copy,Sailune/MapViews.swift,933,20,SailuneActionCopy.cancel,已共用,使用或定義集中操作文案。,"Button(SailuneActionCopy.cancel, role: .cancel) {}",c316e3276f6d98cbfab799c388f8c451696a8b7548f7a6f89a7dd38fc94271a3
V9-1035,button,Sailune/MapViews.swift,934,13,Button(,待共用,原生 Button；須按動作角色、位置、命中與資料 action 判定共用外殼或具名例外。,"Button(SailuneActionCopy.delete, role: .destructive) {",c316e3276f6d98cbfab799c388f8c451696a8b7548f7a6f89a7dd38fc94271a3
V9-1036,copy,Sailune/MapViews.swift,934,20,SailuneActionCopy.delete,已共用,使用或定義集中操作文案。,"Button(SailuneActionCopy.delete, role: .destructive) {",c316e3276f6d98cbfab799c388f8c451696a8b7548f7a6f89a7dd38fc94271a3
V9-1037,copy,Sailune/MapViews.swift,939,13,"Text(""",合理例外,靜態欄名或領域內容；非可執行操作文案，保留畫面語境。,"Text(""此地點會從地圖與設定集中永久刪除，且無法復原。"")",c316e3276f6d98cbfab799c388f8c451696a8b7548f7a6f89a7dd38fc94271a3
V9-1038,dialog,Sailune/OutlineViews.swift,34,9,.alert(,待共用,原生呈現入口；需按確認、錯誤、取消及資料後果分組，僅呈現外殼可共用。,".alert(""故事背景無法儲存"", isPresented: errorPresented) {",7dee612429744ad9c1c90e2cb302e0e798fcbdc268ba005248cb258c33a9a816
V9-1039,button,Sailune/OutlineViews.swift,35,13,Button(,待共用,原生 Button；須按動作角色、位置、命中與資料 action 判定共用外殼或具名例外。,Button(SailuneActionCopy.acknowledge) { errorMessage = nil },7dee612429744ad9c1c90e2cb302e0e798fcbdc268ba005248cb258c33a9a816
V9-1040,copy,Sailune/OutlineViews.swift,35,20,SailuneActionCopy.acknowledge,已共用,使用或定義集中操作文案。,Button(SailuneActionCopy.acknowledge) { errorMessage = nil },7dee612429744ad9c1c90e2cb302e0e798fcbdc268ba005248cb258c33a9a816
V9-1041,failure_path,Sailune/OutlineViews.swift,51,11,catch,待共用,失敗分支或可選錯誤；需核對主要結果、次要錯誤記錄與恢復契約。,} catch {,7dee612429744ad9c1c90e2cb302e0e798fcbdc268ba005248cb258c33a9a816
V9-1042,copy,Sailune/OutlineViews.swift,65,13,"Text(""",合理例外,靜態欄名或領域內容；非可執行操作文案，保留畫面語境。,"Text(""故事背景"")",7dee612429744ad9c1c90e2cb302e0e798fcbdc268ba005248cb258c33a9a816
V9-1043,copy,Sailune/OutlineViews.swift,67,13,"Text(""",合理例外,靜態欄名或領域內容；非可執行操作文案，保留畫面語境。,"Text(""記錄整本書共用的世界前提、核心方向與故事目的。這裡不會因大綱狀態而自動改變。"")",7dee612429744ad9c1c90e2cb302e0e798fcbdc268ba005248cb258c33a9a816
V9-1044,copy,Sailune/OutlineViews.swift,75,13,"Text(""",合理例外,靜態欄名或領域內容；非可執行操作文案，保留畫面語境。,"Text(""其他背景"")",7dee612429744ad9c1c90e2cb302e0e798fcbdc268ba005248cb258c33a9a816
V9-1045,editor,Sailune/OutlineViews.swift,77,13,TextEditor(,待共用,原生多行編輯器；需核對 placeholder、內距、背景、組字與 Undo。,TextEditor(text: binding(for: \StoryBackgroundContent.otherBackground)),7dee612429744ad9c1c90e2cb302e0e798fcbdc268ba005248cb258c33a9a816
V9-1046,surface,Sailune/OutlineViews.swift,81,17,.background(,待共用,直接背景或色值；需判定表面用途與既有 token 是否相同。,".background(SailuneTheme.storyBackgroundEditorSurface, in: RoundedRectangle(cornerRadius: 8))",7dee612429744ad9c1c90e2cb302e0e798fcbdc268ba005248cb258c33a9a816
V9-1047,surface,Sailune/OutlineViews.swift,81,29,SailuneTheme.,已共用,引用或定義語意色彩 token；形狀與疊層仍需檢查。,".background(SailuneTheme.storyBackgroundEditorSurface, in: RoundedRectangle(cornerRadius: 8))",7dee612429744ad9c1c90e2cb302e0e798fcbdc268ba005248cb258c33a9a816
V9-1048,button,Sailune/OutlineViews.swift,85,17,Button(,待共用,原生 Button；須按動作角色、位置、命中與資料 action 判定共用外殼或具名例外。,"Button(SailuneActionCopy.save, systemImage: SailuneSymbol.save.systemName, action: save)",7dee612429744ad9c1c90e2cb302e0e798fcbdc268ba005248cb258c33a9a816
V9-1049,copy,Sailune/OutlineViews.swift,85,24,SailuneActionCopy.save,已共用,使用或定義集中操作文案。,"Button(SailuneActionCopy.save, systemImage: SailuneSymbol.save.systemName, action: save)",7dee612429744ad9c1c90e2cb302e0e798fcbdc268ba005248cb258c33a9a816
V9-1050,symbol,Sailune/OutlineViews.swift,85,61,SailuneSymbol.save,已共用,使用或定義語意圖標 key；原字形由集中表提供。,"Button(SailuneActionCopy.save, systemImage: SailuneSymbol.save.systemName, action: save)",7dee612429744ad9c1c90e2cb302e0e798fcbdc268ba005248cb258c33a9a816
V9-1051,button_style,Sailune/OutlineViews.swift,86,21,.buttonStyle(,待共用,原生樣式；需與同語意按鈕比對，不能只按 style 名稱批量替換。,.buttonStyle(.borderedProminent),7dee612429744ad9c1c90e2cb302e0e798fcbdc268ba005248cb258c33a9a816
V9-1052,editor,Sailune/OutlineViews.swift,97,13,TextEditor(,待共用,原生多行編輯器；需核對 placeholder、內距、背景、組字與 Undo。,TextEditor(text: text),7dee612429744ad9c1c90e2cb302e0e798fcbdc268ba005248cb258c33a9a816
V9-1053,surface,Sailune/OutlineViews.swift,100,17,.background(,待共用,直接背景或色值；需判定表面用途與既有 token 是否相同。,".background(SailuneTheme.storyBackgroundEditorSurface, in: RoundedRectangle(cornerRadius: 8))",7dee612429744ad9c1c90e2cb302e0e798fcbdc268ba005248cb258c33a9a816
V9-1054,surface,Sailune/OutlineViews.swift,100,29,SailuneTheme.,已共用,引用或定義語意色彩 token；形狀與疊層仍需檢查。,".background(SailuneTheme.storyBackgroundEditorSurface, in: RoundedRectangle(cornerRadius: 8))",7dee612429744ad9c1c90e2cb302e0e798fcbdc268ba005248cb258c33a9a816
V9-1055,failure_path,Sailune/OutlineViews.swift,119,11,catch,待共用,失敗分支或可選錯誤；需核對主要結果、次要錯誤記錄與恢復契約。,} catch {,7dee612429744ad9c1c90e2cb302e0e798fcbdc268ba005248cb258c33a9a816
V9-1056,copy,Sailune/OutlineViews.swift,155,17,"Text(""",合理例外,靜態欄名或領域內容；非可執行操作文案，保留畫面語境。,"Text(""大綱工作區"")",7dee612429744ad9c1c90e2cb302e0e798fcbdc268ba005248cb258c33a9a816
V9-1057,surface,Sailune/OutlineViews.swift,186,9,.background(,待共用,直接背景或色值；需判定表面用途與既有 token 是否相同。,.background(Color.appBackground),7dee612429744ad9c1c90e2cb302e0e798fcbdc268ba005248cb258c33a9a816
V9-1058,failure_path,Sailune/OutlineViews.swift,195,15,catch,待共用,失敗分支或可選錯誤；需核對主要結果、次要錯誤記錄與恢復契約。,} catch {,7dee612429744ad9c1c90e2cb302e0e798fcbdc268ba005248cb258c33a9a816
V9-1059,copy,Sailune/OutlineViews.swift,229,17,"Label(""",待共用,直接 Button／Label／Menu 文案；需與同功能操作名稱及例外對照。,"Label(""正文順序與敘事節奏"", systemImage: ""rectangle.3.group"")",7dee612429744ad9c1c90e2cb302e0e798fcbdc268ba005248cb258c33a9a816
V9-1060,symbol,Sailune/OutlineViews.swift,229,36,"systemImage: ""rectangle.3.group""",待共用,直接 SF Symbol 字串；須依實際操作或資料語意分類。,"Label(""正文順序與敘事節奏"", systemImage: ""rectangle.3.group"")",7dee612429744ad9c1c90e2cb302e0e798fcbdc268ba005248cb258c33a9a816
V9-1061,copy,Sailune/OutlineViews.swift,232,17,"Text(""",合理例外,靜態欄名或領域內容；非可執行操作文案，保留畫面語境。,"Text(""依卷次、節次與幕標題比較故事線"")",7dee612429744ad9c1c90e2cb302e0e798fcbdc268ba005248cb258c33a9a816
V9-1062,button,Sailune/OutlineViews.swift,235,17,Button(,待共用,原生 Button；須按動作角色、位置、命中與資料 action 判定共用外殼或具名例外。,"Button(""從敘事大綱加入時間軸"", systemImage: ""text.badge.plus"") {",7dee612429744ad9c1c90e2cb302e0e798fcbdc268ba005248cb258c33a9a816
V9-1063,copy,Sailune/OutlineViews.swift,235,17,"Button(""",待共用,直接 Button／Label／Menu 文案；需與同功能操作名稱及例外對照。,"Button(""從敘事大綱加入時間軸"", systemImage: ""text.badge.plus"") {",7dee612429744ad9c1c90e2cb302e0e798fcbdc268ba005248cb258c33a9a816
V9-1064,symbol,Sailune/OutlineViews.swift,235,38,"systemImage: ""text.badge.plus""",待共用,直接 SF Symbol 字串；須依實際操作或資料語意分類。,"Button(""從敘事大綱加入時間軸"", systemImage: ""text.badge.plus"") {",7dee612429744ad9c1c90e2cb302e0e798fcbdc268ba005248cb258c33a9a816
V9-1065,button_style,Sailune/OutlineViews.swift,238,17,.buttonStyle(,已共用,引用或定義既有共用 ButtonStyle。,.buttonStyle(PlanningActionStyle(prominent: true)),7dee612429744ad9c1c90e2cb302e0e798fcbdc268ba005248cb258c33a9a816
V9-1066,accessibility,Sailune/OutlineViews.swift,240,17,.help(,待共用,直接提示或輔助描述；需核對同操作名稱及可點擊對象。,".help(outlineItemsAvailable ? ""先選取大綱項目，再指定世界日期"" : ""尚無可加入時間軸的敘事大綱項目"")",7dee612429744ad9c1c90e2cb302e0e798fcbdc268ba005248cb258c33a9a816
V9-1067,button,Sailune/OutlineViews.swift,241,17,Button(,待共用,原生 Button；須按動作角色、位置、命中與資料 action 判定共用外殼或具名例外。,"Button(""管理故事線與階段"", systemImage: ""slider.horizontal.3"") {",7dee612429744ad9c1c90e2cb302e0e798fcbdc268ba005248cb258c33a9a816
V9-1068,copy,Sailune/OutlineViews.swift,241,17,"Button(""",待共用,直接 Button／Label／Menu 文案；需與同功能操作名稱及例外對照。,"Button(""管理故事線與階段"", systemImage: ""slider.horizontal.3"") {",7dee612429744ad9c1c90e2cb302e0e798fcbdc268ba005248cb258c33a9a816
V9-1069,symbol,Sailune/OutlineViews.swift,241,36,"systemImage: ""slider.horizontal.3""",待共用,直接 SF Symbol 字串；須依實際操作或資料語意分類。,"Button(""管理故事線與階段"", systemImage: ""slider.horizontal.3"") {",7dee612429744ad9c1c90e2cb302e0e798fcbdc268ba005248cb258c33a9a816
V9-1070,button_style,Sailune/OutlineViews.swift,244,17,.buttonStyle(,已共用,引用或定義既有共用 ButtonStyle。,.buttonStyle(PlanningActionStyle()),7dee612429744ad9c1c90e2cb302e0e798fcbdc268ba005248cb258c33a9a816
V9-1071,dialog,Sailune/OutlineViews.swift,257,9,.sheet(,待共用,原生呈現入口；需按確認、錯誤、取消及資料後果分組，僅呈現外殼可共用。,.sheet(isPresented: $showingOutlineManager) {,7dee612429744ad9c1c90e2cb302e0e798fcbdc268ba005248cb258c33a9a816
V9-1072,copy,Sailune/OutlineViews.swift,260,21,"Text(""",合理例外,靜態欄名或領域內容；非可執行操作文案，保留畫面語境。,"Text(""故事線與階段"")",7dee612429744ad9c1c90e2cb302e0e798fcbdc268ba005248cb258c33a9a816
V9-1073,button,Sailune/OutlineViews.swift,263,21,Button(,待共用,原生 Button；須按動作角色、位置、命中與資料 action 判定共用外殼或具名例外。,Button(SailuneActionCopy.done) { showingOutlineManager = false },7dee612429744ad9c1c90e2cb302e0e798fcbdc268ba005248cb258c33a9a816
V9-1074,copy,Sailune/OutlineViews.swift,263,28,SailuneActionCopy.done,已共用,使用或定義集中操作文案。,Button(SailuneActionCopy.done) { showingOutlineManager = false },7dee612429744ad9c1c90e2cb302e0e798fcbdc268ba005248cb258c33a9a816
V9-1075,button_style,Sailune/OutlineViews.swift,264,25,.buttonStyle(,已共用,引用或定義既有共用 ButtonStyle。,.buttonStyle(PlanningActionStyle(prominent: true)),7dee612429744ad9c1c90e2cb302e0e798fcbdc268ba005248cb258c33a9a816
V9-1076,dialog,Sailune/OutlineViews.swift,280,9,.sheet(,待共用,原生呈現入口；需按確認、錯誤、取消及資料後果分組，僅呈現外殼可共用。,.sheet(isPresented: $showingCreateTimelineEvent) {,7dee612429744ad9c1c90e2cb302e0e798fcbdc268ba005248cb258c33a9a816
V9-1077,copy,Sailune/OutlineViews.swift,292,17,"Label(""",待共用,直接 Button／Label／Menu 文案；需與同功能操作名稱及例外對照。,"Label(""已加入時間軸"", systemImage: ""checkmark.circle.fill"")",7dee612429744ad9c1c90e2cb302e0e798fcbdc268ba005248cb258c33a9a816
V9-1078,symbol,Sailune/OutlineViews.swift,292,33,"systemImage: ""checkmark.circle.fill""",待共用,直接 SF Symbol 字串；須依實際操作或資料語意分類。,"Label(""已加入時間軸"", systemImage: ""checkmark.circle.fill"")",7dee612429744ad9c1c90e2cb302e0e798fcbdc268ba005248cb258c33a9a816
V9-1079,surface,Sailune/OutlineViews.swift,295,21,.background(,待共用,直接背景或色值；需判定表面用途與既有 token 是否相同。,".background(.regularMaterial, in: Capsule())",7dee612429744ad9c1c90e2cb302e0e798fcbdc268ba005248cb258c33a9a816
V9-1080,failure_path,Sailune/OutlineViews.swift,298,25,try?,合理例外,短暫提示的可取消延遲；取消不影響資料操作。,try? await Task.sleep(for: .seconds(2)),7dee612429744ad9c1c90e2cb302e0e798fcbdc268ba005248cb258c33a9a816
V9-1081,failure_path,Sailune/OutlineViews.swift,305,13,catch,待共用,失敗分支或可選錯誤；需核對主要結果、次要錯誤記錄與恢復契約。,catch { timelineError = error.localizedDescription },7dee612429744ad9c1c90e2cb302e0e798fcbdc268ba005248cb258c33a9a816
V9-1082,dialog,Sailune/OutlineViews.swift,307,9,.alert(,待共用,原生呈現入口；需按確認、錯誤、取消及資料後果分組，僅呈現外殼可共用。,".alert(""時間軸無法準備"", isPresented: Binding(",7dee612429744ad9c1c90e2cb302e0e798fcbdc268ba005248cb258c33a9a816
V9-1083,button,Sailune/OutlineViews.swift,311,13,Button(,待共用,原生 Button；須按動作角色、位置、命中與資料 action 判定共用外殼或具名例外。,Button(SailuneActionCopy.acknowledge) { timelineError = nil },7dee612429744ad9c1c90e2cb302e0e798fcbdc268ba005248cb258c33a9a816
V9-1084,copy,Sailune/OutlineViews.swift,311,20,SailuneActionCopy.acknowledge,已共用,使用或定義集中操作文案。,Button(SailuneActionCopy.acknowledge) { timelineError = nil },7dee612429744ad9c1c90e2cb302e0e798fcbdc268ba005248cb258c33a9a816
V9-1085,symbol,Sailune/OutlineViews.swift,336,38,SailuneSymbol.storyLine,已共用,使用或定義語意圖標 key；原字形由集中表提供。,"systemImage: SailuneSymbol.storyLine.systemName,",7dee612429744ad9c1c90e2cb302e0e798fcbdc268ba005248cb258c33a9a816
V9-1086,copy,Sailune/OutlineViews.swift,337,38,"Text(""",合理例外,靜態欄名或領域內容；非可執行操作文案，保留畫面語境。,"description: Text(""使用上方「管理故事線與階段」建立第一條故事線。"")",7dee612429744ad9c1c90e2cb302e0e798fcbdc268ba005248cb258c33a9a816
V9-1087,dialog,Sailune/OutlineViews.swift,349,9,.sheet(,待共用,原生呈現入口；需按確認、錯誤、取消及資料後果分組，僅呈現外殼可共用。,.sheet(item: selectedItemBinding) { item in,7dee612429744ad9c1c90e2cb302e0e798fcbdc268ba005248cb258c33a9a816
V9-1088,dialog,Sailune/OutlineViews.swift,353,9,.alert(,待共用,原生呈現入口；需按確認、錯誤、取消及資料後果分組，僅呈現外殼可共用。,".alert(""大綱無法儲存"", isPresented: Binding(",7dee612429744ad9c1c90e2cb302e0e798fcbdc268ba005248cb258c33a9a816
V9-1089,button,Sailune/OutlineViews.swift,357,13,Button(,待共用,原生 Button；須按動作角色、位置、命中與資料 action 判定共用外殼或具名例外。,Button(SailuneActionCopy.acknowledge) { errorMessage = nil },7dee612429744ad9c1c90e2cb302e0e798fcbdc268ba005248cb258c33a9a816
V9-1090,copy,Sailune/OutlineViews.swift,357,20,SailuneActionCopy.acknowledge,已共用,使用或定義集中操作文案。,Button(SailuneActionCopy.acknowledge) { errorMessage = nil },7dee612429744ad9c1c90e2cb302e0e798fcbdc268ba005248cb258c33a9a816
V9-1091,copy,Sailune/OutlineViews.swift,419,25,"Text(""",合理例外,靜態欄名或領域內容；非可執行操作文案，保留畫面語境。,"Text(""尚無項目"")",7dee612429744ad9c1c90e2cb302e0e798fcbdc268ba005248cb258c33a9a816
V9-1092,surface,Sailune/OutlineViews.swift,429,9,.background(,待共用,直接背景或色值；需判定表面用途與既有 token 是否相同。,".background(Color.workspacePanelBackground, in: RoundedRectangle(cornerRadius: 12))",7dee612429744ad9c1c90e2cb302e0e798fcbdc268ba005248cb258c33a9a816
V9-1093,surface,Sailune/OutlineViews.swift,430,60,Color.secondary.opacity(,待共用,直接背景或色值；需判定表面用途與既有 token 是否相同。,.overlay(RoundedRectangle(cornerRadius: 12).stroke(Color.secondary.opacity(0.16))),7dee612429744ad9c1c90e2cb302e0e798fcbdc268ba005248cb258c33a9a816
V9-1094,copy,Sailune/OutlineViews.swift,447,21,"Text(""",合理例外,靜態欄名或領域內容；非可執行操作文案，保留畫面語境。,"Text(""尚無項目"").font(.callout).foregroundStyle(.secondary).padding(.leading, 28)",7dee612429744ad9c1c90e2cb302e0e798fcbdc268ba005248cb258c33a9a816
V9-1095,symbol,Sailune/OutlineViews.swift,465,35,"systemName: ""arrow.right""",待共用,直接 SF Symbol 字串；須依實際操作或資料語意分類。,"Image(systemName: ""arrow.right"")",7dee612429744ad9c1c90e2cb302e0e798fcbdc268ba005248cb258c33a9a816
V9-1096,button_style,Sailune/OutlineViews.swift,473,21,.buttonStyle(,待共用,原生樣式；需與同語意按鈕比對，不能只按 style 名稱批量替換。,.buttonStyle(.plain),7dee612429744ad9c1c90e2cb302e0e798fcbdc268ba005248cb258c33a9a816
V9-1097,surface,Sailune/OutlineViews.swift,474,21,.background(,待共用,直接背景或色值；需判定表面用途與既有 token 是否相同。,".background(SailuneTheme.subtleSurface, in: RoundedRectangle(cornerRadius: 7))",7dee612429744ad9c1c90e2cb302e0e798fcbdc268ba005248cb258c33a9a816
V9-1098,surface,Sailune/OutlineViews.swift,474,33,SailuneTheme.,已共用,引用或定義語意色彩 token；形狀與疊層仍需檢查。,".background(SailuneTheme.subtleSurface, in: RoundedRectangle(cornerRadius: 7))",7dee612429744ad9c1c90e2cb302e0e798fcbdc268ba005248cb258c33a9a816
V9-1099,accessibility,Sailune/OutlineViews.swift,475,21,.help(,待共用,直接提示或輔助描述；需核對同操作名稱及可點擊對象。,".help(item.title.isEmpty ? ""未命名大綱項目"" : item.title)",7dee612429744ad9c1c90e2cb302e0e798fcbdc268ba005248cb258c33a9a816
V9-1100,button,Sailune/OutlineViews.swift,488,9,Button(,待共用,原生 Button；須按動作角色、位置、命中與資料 action 判定共用外殼或具名例外。,Button(action: action) {,7dee612429744ad9c1c90e2cb302e0e798fcbdc268ba005248cb258c33a9a816
V9-1101,copy,Sailune/OutlineViews.swift,494,17,"Text(""",合理例外,靜態欄名或領域內容；非可執行操作文案，保留畫面語境。,"Text(""\(count)"").font(.caption).foregroundStyle(.secondary)",7dee612429744ad9c1c90e2cb302e0e798fcbdc268ba005248cb258c33a9a816
V9-1102,button_style,Sailune/OutlineViews.swift,498,9,.buttonStyle(,待共用,原生樣式；需與同語意按鈕比對，不能只按 style 名稱批量替換。,.buttonStyle(.plain),7dee612429744ad9c1c90e2cb302e0e798fcbdc268ba005248cb258c33a9a816
V9-1103,accessibility,Sailune/OutlineViews.swift,499,9,.accessibilityLabel(,待共用,直接提示或輔助描述；需核對同操作名稱及可點擊對象。,".accessibilityLabel(""\(collapsed ? ""展開"" : ""收合"")\(title)"")",7dee612429744ad9c1c90e2cb302e0e798fcbdc268ba005248cb258c33a9a816
V9-1104,copy,Sailune/OutlineViews.swift,518,17,"Text(""",合理例外,靜態欄名或領域內容；非可執行操作文案，保留畫面語境。,"Text(""項目詳情"").font(.headline)",7dee612429744ad9c1c90e2cb302e0e798fcbdc268ba005248cb258c33a9a816
V9-1105,button,Sailune/OutlineViews.swift,520,17,Button(,待共用,原生 Button；須按動作角色、位置、命中與資料 action 判定共用外殼或具名例外。,"Button(SailuneActionCopy.close, systemImage: SailuneSymbol.close.systemName) { selectedItemID = nil }",7dee612429744ad9c1c90e2cb302e0e798fcbdc268ba005248cb258c33a9a816
V9-1106,copy,Sailune/OutlineViews.swift,520,24,SailuneActionCopy.close,已共用,使用或定義集中操作文案。,"Button(SailuneActionCopy.close, systemImage: SailuneSymbol.close.systemName) { selectedItemID = nil }",7dee612429744ad9c1c90e2cb302e0e798fcbdc268ba005248cb258c33a9a816
V9-1107,symbol,Sailune/OutlineViews.swift,520,62,SailuneSymbol.close,已共用,使用或定義語意圖標 key；原字形由集中表提供。,"Button(SailuneActionCopy.close, systemImage: SailuneSymbol.close.systemName) { selectedItemID = nil }",7dee612429744ad9c1c90e2cb302e0e798fcbdc268ba005248cb258c33a9a816
V9-1108,button_style,Sailune/OutlineViews.swift,522,21,.buttonStyle(,已共用,引用或定義既有共用 ButtonStyle。,.buttonStyle(PlanningActionStyle()),7dee612429744ad9c1c90e2cb302e0e798fcbdc268ba005248cb258c33a9a816
V9-1109,surface,Sailune/OutlineViews.swift,539,9,.background(,待共用,直接背景或色值；需判定表面用途與既有 token 是否相同。,.background(Color.workspacePanelBackground),7dee612429744ad9c1c90e2cb302e0e798fcbdc268ba005248cb258c33a9a816
V9-1110,dialog,Sailune/OutlineViews.swift,627,9,.alert(,待共用,原生呈現入口；需按確認、錯誤、取消及資料後果分組，僅呈現外殼可共用。,".alert(""大綱無法儲存"", isPresented: errorPresented) {",7dee612429744ad9c1c90e2cb302e0e798fcbdc268ba005248cb258c33a9a816
V9-1111,button,Sailune/OutlineViews.swift,628,13,Button(,待共用,原生 Button；須按動作角色、位置、命中與資料 action 判定共用外殼或具名例外。,Button(SailuneActionCopy.acknowledge) { errorMessage = nil },7dee612429744ad9c1c90e2cb302e0e798fcbdc268ba005248cb258c33a9a816
V9-1112,copy,Sailune/OutlineViews.swift,628,20,SailuneActionCopy.acknowledge,已共用,使用或定義集中操作文案。,Button(SailuneActionCopy.acknowledge) { errorMessage = nil },7dee612429744ad9c1c90e2cb302e0e798fcbdc268ba005248cb258c33a9a816
V9-1113,copy,Sailune/OutlineViews.swift,642,21,"Label(""",待共用,直接 Button／Label／Menu 文案；需與同功能操作名稱及例外對照。,"Label(""尚未建立故事線"", systemImage: SailuneSymbol.storyLine.systemName)",7dee612429744ad9c1c90e2cb302e0e798fcbdc268ba005248cb258c33a9a816
V9-1114,symbol,Sailune/OutlineViews.swift,642,51,SailuneSymbol.storyLine,已共用,使用或定義語意圖標 key；原字形由集中表提供。,"Label(""尚未建立故事線"", systemImage: SailuneSymbol.storyLine.systemName)",7dee612429744ad9c1c90e2cb302e0e798fcbdc268ba005248cb258c33a9a816
V9-1115,copy,Sailune/OutlineViews.swift,644,21,"Text(""",合理例外,靜態欄名或領域內容；非可執行操作文案，保留畫面語境。,"Text(""先在右側大綱建立主線、支線或其他故事線。"")",7dee612429744ad9c1c90e2cb302e0e798fcbdc268ba005248cb258c33a9a816
V9-1116,dialog,Sailune/OutlineViews.swift,657,25,.sheet(,待共用,原生呈現入口；需按確認、錯誤、取消及資料後果分組，僅呈現外殼可共用。,.sheet(item: selectedItemBinding) { item in,7dee612429744ad9c1c90e2cb302e0e798fcbdc268ba005248cb258c33a9a816
V9-1117,copy,Sailune/OutlineViews.swift,708,37,"Text(""",合理例外,靜態欄名或領域內容；非可執行操作文案，保留畫面語境。,"Text(""主線階段"").font(.caption.weight(.semibold))",7dee612429744ad9c1c90e2cb302e0e798fcbdc268ba005248cb258c33a9a816
V9-1118,copy,Sailune/OutlineViews.swift,723,29,"Text(""",合理例外,靜態欄名或領域內容；非可執行操作文案，保留畫面語境。,"Text(""待安置"").font(.subheadline.weight(.semibold))",7dee612429744ad9c1c90e2cb302e0e798fcbdc268ba005248cb258c33a9a816
V9-1119,surface,Sailune/OutlineViews.swift,730,21,.background(,待共用,直接背景或色值；需判定表面用途與既有 token 是否相同。,.background(Color.workspacePanelBackground),7dee612429744ad9c1c90e2cb302e0e798fcbdc268ba005248cb258c33a9a816
V9-1120,surface,Sailune/OutlineViews.swift,734,33,.background(,待共用,直接背景或色值；需判定表面用途與既有 token 是否相同。,".background(rowHeightReader(""header""))",7dee612429744ad9c1c90e2cb302e0e798fcbdc268ba005248cb258c33a9a816
V9-1121,surface,Sailune/OutlineViews.swift,737,37,.background(,待共用,直接背景或色值；需判定表面用途與既有 token 是否相同。,.background(rowHeightReader(lane.id.uuidString)),7dee612429744ad9c1c90e2cb302e0e798fcbdc268ba005248cb258c33a9a816
V9-1122,surface,Sailune/OutlineViews.swift,740,33,.background(,待共用,直接背景或色值；需判定表面用途與既有 token 是否相同。,".background(rowHeightReader(""pending""))",7dee612429744ad9c1c90e2cb302e0e798fcbdc268ba005248cb258c33a9a816
V9-1123,copy,Sailune/OutlineViews.swift,786,17,"Text(""",合理例外,靜態欄名或領域內容；非可執行操作文案，保留畫面語境。,"Text(""項目詳情"")",7dee612429744ad9c1c90e2cb302e0e798fcbdc268ba005248cb258c33a9a816
V9-1124,button,Sailune/OutlineViews.swift,789,17,Button(,待共用,原生 Button；須按動作角色、位置、命中與資料 action 判定共用外殼或具名例外。,"Button(SailuneActionCopy.close, systemImage: SailuneSymbol.close.systemName) { selectedItemID = nil }",7dee612429744ad9c1c90e2cb302e0e798fcbdc268ba005248cb258c33a9a816
V9-1125,copy,Sailune/OutlineViews.swift,789,24,SailuneActionCopy.close,已共用,使用或定義集中操作文案。,"Button(SailuneActionCopy.close, systemImage: SailuneSymbol.close.systemName) { selectedItemID = nil }",7dee612429744ad9c1c90e2cb302e0e798fcbdc268ba005248cb258c33a9a816
V9-1126,symbol,Sailune/OutlineViews.swift,789,62,SailuneSymbol.close,已共用,使用或定義語意圖標 key；原字形由集中表提供。,"Button(SailuneActionCopy.close, systemImage: SailuneSymbol.close.systemName) { selectedItemID = nil }",7dee612429744ad9c1c90e2cb302e0e798fcbdc268ba005248cb258c33a9a816
V9-1127,button_style,Sailune/OutlineViews.swift,791,21,.buttonStyle(,已共用,引用或定義既有共用 ButtonStyle。,.buttonStyle(PlanningActionStyle()),7dee612429744ad9c1c90e2cb302e0e798fcbdc268ba005248cb258c33a9a816
V9-1128,accessibility,Sailune/OutlineViews.swift,792,21,.help(,待共用,直接提示或輔助描述；需核對同操作名稱及可點擊對象。,".help(""關閉項目詳情"")",7dee612429744ad9c1c90e2cb302e0e798fcbdc268ba005248cb258c33a9a816
V9-1129,surface,Sailune/OutlineViews.swift,809,9,.background(,待共用,直接背景或色值；需判定表面用途與既有 token 是否相同。,.background(Color.workspacePanelBackground),7dee612429744ad9c1c90e2cb302e0e798fcbdc268ba005248cb258c33a9a816
V9-1130,copy,Sailune/OutlineViews.swift,824,21,"Text(""",合理例外,靜態欄名或領域內容；非可執行操作文案，保留畫面語境。,"Text(""尚未建立卷次與節次"")",7dee612429744ad9c1c90e2cb302e0e798fcbdc268ba005248cb258c33a9a816
V9-1131,surface,Sailune/OutlineViews.swift,845,13,.background(,待共用,直接背景或色值；需判定表面用途與既有 token 是否相同。,.background(Color.workspacePanelBackground),7dee612429744ad9c1c90e2cb302e0e798fcbdc268ba005248cb258c33a9a816
V9-1132,surface,Sailune/OutlineViews.swift,857,21,.background(,待共用,直接背景或色值；需判定表面用途與既有 token 是否相同。,.background(SailuneTheme.subtleSurface),7dee612429744ad9c1c90e2cb302e0e798fcbdc268ba005248cb258c33a9a816
V9-1133,surface,Sailune/OutlineViews.swift,857,33,SailuneTheme.,已共用,引用或定義語意色彩 token；形狀與疊層仍需檢查。,.background(SailuneTheme.subtleSurface),7dee612429744ad9c1c90e2cb302e0e798fcbdc268ba005248cb258c33a9a816
V9-1134,surface,Sailune/OutlineViews.swift,892,17,.background(,待共用,直接背景或色值；需判定表面用途與既有 token 是否相同。,.background(Color.workspacePanelBackground.opacity(0.98)),7dee612429744ad9c1c90e2cb302e0e798fcbdc268ba005248cb258c33a9a816
V9-1135,surface,Sailune/OutlineViews.swift,928,39,Color.secondary.opacity(,待共用,直接背景或色值；需判定表面用途與既有 token 是否相同。,.fill(Color.secondary.opacity(0.18)),7dee612429744ad9c1c90e2cb302e0e798fcbdc268ba005248cb258c33a9a816
V9-1136,surface,Sailune/OutlineViews.swift,934,13,.background(,待共用,直接背景或色值；需判定表面用途與既有 token 是否相同。,.background(Color.workspacePanelBackground.opacity(0.65)),7dee612429744ad9c1c90e2cb302e0e798fcbdc268ba005248cb258c33a9a816
V9-1137,copy,Sailune/OutlineViews.swift,945,13,"Label(""",待共用,直接 Button／Label／Menu 文案；需與同功能操作名稱及例外對照。,"Label(""主線階段"", systemImage: ""rectangle.stack"")",7dee612429744ad9c1c90e2cb302e0e798fcbdc268ba005248cb258c33a9a816
V9-1138,symbol,Sailune/OutlineViews.swift,945,27,"systemImage: ""rectangle.stack""",待共用,直接 SF Symbol 字串；須依實際操作或資料語意分類。,"Label(""主線階段"", systemImage: ""rectangle.stack"")",7dee612429744ad9c1c90e2cb302e0e798fcbdc268ba005248cb258c33a9a816
V9-1139,surface,Sailune/OutlineViews.swift,950,17,.background(,待共用,直接背景或色值；需判定表面用途與既有 token 是否相同。,.background(Color.workspacePanelBackground.opacity(0.98)),7dee612429744ad9c1c90e2cb302e0e798fcbdc268ba005248cb258c33a9a816
V9-1140,surface,Sailune/OutlineViews.swift,967,25,.background(,待共用,直接背景或色值；需判定表面用途與既有 token 是否相同。,".background(Color.accentColor.opacity(0.12), in: RoundedRectangle(cornerRadius: 6))",7dee612429744ad9c1c90e2cb302e0e798fcbdc268ba005248cb258c33a9a816
V9-1141,surface,Sailune/OutlineViews.swift,972,9,.background(,待共用,直接背景或色值；需判定表面用途與既有 token 是否相同。,.background(Color.workspacePanelBackground.opacity(0.82)),7dee612429744ad9c1c90e2cb302e0e798fcbdc268ba005248cb258c33a9a816
V9-1142,copy,Sailune/OutlineViews.swift,985,17,"Label(""",待共用,直接 Button／Label／Menu 文案；需與同功能操作名稱及例外對照。,"Label(""待安置"", systemImage: ""tray"")",7dee612429744ad9c1c90e2cb302e0e798fcbdc268ba005248cb258c33a9a816
V9-1143,symbol,Sailune/OutlineViews.swift,985,30,"systemImage: ""tray""",待共用,直接 SF Symbol 字串；須依實際操作或資料語意分類。,"Label(""待安置"", systemImage: ""tray"")",7dee612429744ad9c1c90e2cb302e0e798fcbdc268ba005248cb258c33a9a816
V9-1144,copy,Sailune/OutlineViews.swift,987,17,"Text(""",合理例外,靜態欄名或領域內容；非可執行操作文案，保留畫面語境。,"Text(""下列項目沒有可用的卷次／節次位置，\(mode == .narrative ? ""敘事大綱"" : ""時間軸"")不會替作者猜測位置。"")",7dee612429744ad9c1c90e2cb302e0e798fcbdc268ba005248cb258c33a9a816
V9-1145,surface,Sailune/OutlineViews.swift,1013,13,.background(,待共用,直接背景或色值；需判定表面用途與既有 token 是否相同。,.background(,7dee612429744ad9c1c90e2cb302e0e798fcbdc268ba005248cb258c33a9a816
V9-1146,surface,Sailune/OutlineViews.swift,1015,35,Color.secondary.opacity(,待共用,直接背景或色值；需判定表面用途與既有 token 是否相同。,".strokeBorder(Color.secondary.opacity(0.45), style: StrokeStyle(lineWidth: 1, dash: [5]))",7dee612429744ad9c1c90e2cb302e0e798fcbdc268ba005248cb258c33a9a816
V9-1147,copy,Sailune/OutlineViews.swift,1026,21,"Label(""",待共用,直接 Button／Label／Menu 文案；需與同功能操作名稱及例外對照。,"Label(""未分類時間序"", systemImage: ""tray.full"")",7dee612429744ad9c1c90e2cb302e0e798fcbdc268ba005248cb258c33a9a816
V9-1148,symbol,Sailune/OutlineViews.swift,1026,37,"systemImage: ""tray.full""",待共用,直接 SF Symbol 字串；須依實際操作或資料語意分類。,"Label(""未分類時間序"", systemImage: ""tray.full"")",7dee612429744ad9c1c90e2cb302e0e798fcbdc268ba005248cb258c33a9a816
V9-1149,copy,Sailune/OutlineViews.swift,1028,21,"Text(""",合理例外,靜態欄名或領域內容；非可執行操作文案，保留畫面語境。,"Text(""這些既有時間序已有節次，但尚未指定故事線。"")",7dee612429744ad9c1c90e2cb302e0e798fcbdc268ba005248cb258c33a9a816
V9-1150,surface,Sailune/OutlineViews.swift,1041,17,.background(,待共用,直接背景或色值；需判定表面用途與既有 token 是否相同。,.background(,7dee612429744ad9c1c90e2cb302e0e798fcbdc268ba005248cb258c33a9a816
V9-1151,surface,Sailune/OutlineViews.swift,1043,39,Color.secondary.opacity(,待共用,直接背景或色值；需判定表面用途與既有 token 是否相同。,".strokeBorder(Color.secondary.opacity(0.45), style: StrokeStyle(lineWidth: 1, dash: [5]))",7dee612429744ad9c1c90e2cb302e0e798fcbdc268ba005248cb258c33a9a816
V9-1152,button,Sailune/OutlineViews.swift,1063,17,Button(,待共用,原生 Button；須按動作角色、位置、命中與資料 action 判定共用外殼或具名例外。,Button(action: onSelect) { cardContent },7dee612429744ad9c1c90e2cb302e0e798fcbdc268ba005248cb258c33a9a816
V9-1153,button_style,Sailune/OutlineViews.swift,1064,21,.buttonStyle(,待共用,原生樣式；需與同語意按鈕比對，不能只按 style 名稱批量替換。,.buttonStyle(.plain),7dee612429744ad9c1c90e2cb302e0e798fcbdc268ba005248cb258c33a9a816
V9-1154,accessibility,Sailune/OutlineViews.swift,1065,21,.help(,待共用,直接提示或輔助描述；需核對同操作名稱及可點擊對象。,".help(""查看項目詳情"")",7dee612429744ad9c1c90e2cb302e0e798fcbdc268ba005248cb258c33a9a816
V9-1155,button_style,Sailune/OutlineViews.swift,1068,21,.buttonStyle(,待共用,原生樣式；需與同語意按鈕比對，不能只按 style 名稱批量替換。,.buttonStyle(.plain),7dee612429744ad9c1c90e2cb302e0e798fcbdc268ba005248cb258c33a9a816
V9-1156,accessibility,Sailune/OutlineViews.swift,1069,21,.help(,待共用,直接提示或輔助描述；需核對同操作名稱及可點擊對象。,".help(""回到正文"")",7dee612429744ad9c1c90e2cb302e0e798fcbdc268ba005248cb258c33a9a816
V9-1157,surface,Sailune/OutlineViews.swift,1076,9,.background(,待共用,直接背景或色值；需判定表面用途與既有 token 是否相同。,".background(statusColor.opacity(0.13), in: RoundedRectangle(cornerRadius: 7))",7dee612429744ad9c1c90e2cb302e0e798fcbdc268ba005248cb258c33a9a816
V9-1158,surface,Sailune/OutlineViews.swift,1181,9,.background(,待共用,直接背景或色值；需判定表面用途與既有 token 是否相同。,.background(Color.workspacePanelBackground),7dee612429744ad9c1c90e2cb302e0e798fcbdc268ba005248cb258c33a9a816
V9-1159,dialog,Sailune/OutlineViews.swift,1184,9,.alert(,待共用,原生呈現入口；需按確認、錯誤、取消及資料後果分組，僅呈現外殼可共用。,".alert(""大綱無法儲存"", isPresented: errorPresented) {",7dee612429744ad9c1c90e2cb302e0e798fcbdc268ba005248cb258c33a9a816
V9-1160,button,Sailune/OutlineViews.swift,1185,13,Button(,待共用,原生 Button；須按動作角色、位置、命中與資料 action 判定共用外殼或具名例外。,Button(SailuneActionCopy.acknowledge) { errorMessage = nil },7dee612429744ad9c1c90e2cb302e0e798fcbdc268ba005248cb258c33a9a816
V9-1161,copy,Sailune/OutlineViews.swift,1185,20,SailuneActionCopy.acknowledge,已共用,使用或定義集中操作文案。,Button(SailuneActionCopy.acknowledge) { errorMessage = nil },7dee612429744ad9c1c90e2cb302e0e798fcbdc268ba005248cb258c33a9a816
V9-1162,dialog,Sailune/OutlineViews.swift,1189,9,.confirmationDialog(,待共用,原生呈現入口；需按確認、錯誤、取消及資料後果分組，僅呈現外殼可共用。,".confirmationDialog(""刪除故事線？"", isPresented: Binding(get: { deleteStoryLineTarget != nil }, set: { if !$0 { deleteStoryLineTarget = nil } }), presenting: deleteStoryLineTarget) { storyLine in",7dee612429744ad9c1c90e2cb302e0e798fcbdc268ba005248cb258c33a9a816
V9-1163,button,Sailune/OutlineViews.swift,1190,13,Button(,待共用,原生 Button；須按動作角色、位置、命中與資料 action 判定共用外殼或具名例外。,"Button(""刪除故事線"", role: .destructive) { deleteStoryLine(storyLine) }",7dee612429744ad9c1c90e2cb302e0e798fcbdc268ba005248cb258c33a9a816
V9-1164,copy,Sailune/OutlineViews.swift,1190,13,"Button(""",待共用,直接 Button／Label／Menu 文案；需與同功能操作名稱及例外對照。,"Button(""刪除故事線"", role: .destructive) { deleteStoryLine(storyLine) }",7dee612429744ad9c1c90e2cb302e0e798fcbdc268ba005248cb258c33a9a816
V9-1165,button,Sailune/OutlineViews.swift,1191,13,Button(,待共用,原生 Button；須按動作角色、位置、命中與資料 action 判定共用外殼或具名例外。,"Button(SailuneActionCopy.cancel, role: .cancel) { deleteStoryLineTarget = nil }",7dee612429744ad9c1c90e2cb302e0e798fcbdc268ba005248cb258c33a9a816
V9-1166,copy,Sailune/OutlineViews.swift,1191,20,SailuneActionCopy.cancel,已共用,使用或定義集中操作文案。,"Button(SailuneActionCopy.cancel, role: .cancel) { deleteStoryLineTarget = nil }",7dee612429744ad9c1c90e2cb302e0e798fcbdc268ba005248cb258c33a9a816
V9-1167,copy,Sailune/OutlineViews.swift,1195,13,"Text(""",合理例外,靜態欄名或領域內容；非可執行操作文案，保留畫面語境。,"Text(""將刪除「\(storyLine.title)」及其 \(stageCount) 個階段、\(itemCount) 個大綱項目與正文來源；正文不會被刪除。"")",7dee612429744ad9c1c90e2cb302e0e798fcbdc268ba005248cb258c33a9a816
V9-1168,copy,Sailune/OutlineViews.swift,1204,25,"Text(""",合理例外,靜態欄名或領域內容；非可執行操作文案，保留畫面語境。,"Text(""尚無故事線"").tag(UUID?.none)",7dee612429744ad9c1c90e2cb302e0e798fcbdc268ba005248cb258c33a9a816
V9-1169,copy,Sailune/OutlineViews.swift,1207,25,"Text(""",合理例外,靜態欄名或領域內容；非可執行操作文案，保留畫面語境。,"Text(""\(storyLine.kind.rawValue)｜\(storyLine.title)"")",7dee612429744ad9c1c90e2cb302e0e798fcbdc268ba005248cb258c33a9a816
V9-1170,copy,Sailune/OutlineViews.swift,1214,17,"Label(""",待共用,直接 Button／Label／Menu 文案；需與同功能操作名稱及例外對照。,"Label(""故事線時間軸"", systemImage: SailuneSymbol.storyLine.systemName)",7dee612429744ad9c1c90e2cb302e0e798fcbdc268ba005248cb258c33a9a816
V9-1171,symbol,Sailune/OutlineViews.swift,1214,46,SailuneSymbol.storyLine,已共用,使用或定義語意圖標 key；原字形由集中表提供。,"Label(""故事線時間軸"", systemImage: SailuneSymbol.storyLine.systemName)",7dee612429744ad9c1c90e2cb302e0e798fcbdc268ba005248cb258c33a9a816
V9-1172,button,Sailune/OutlineViews.swift,1222,25,Button(,待共用,原生 Button；須按動作角色、位置、命中與資料 action 判定共用外殼或具名例外。,Button(kind.rawValue) { createStoryLine(kind) },7dee612429744ad9c1c90e2cb302e0e798fcbdc268ba005248cb258c33a9a816
V9-1173,copy,Sailune/OutlineViews.swift,1226,21,"Label(""",待共用,直接 Button／Label／Menu 文案；需與同功能操作名稱及例外對照。,"Label(""新增故事線"", systemImage: SailuneSymbol.add.systemName)",7dee612429744ad9c1c90e2cb302e0e798fcbdc268ba005248cb258c33a9a816
V9-1174,symbol,Sailune/OutlineViews.swift,1226,49,SailuneSymbol.add,已共用,使用或定義語意圖標 key；原字形由集中表提供。,"Label(""新增故事線"", systemImage: SailuneSymbol.add.systemName)",7dee612429744ad9c1c90e2cb302e0e798fcbdc268ba005248cb258c33a9a816
V9-1175,accessibility,Sailune/OutlineViews.swift,1229,17,.help(,待共用,直接提示或輔助描述；需核對同操作名稱及可點擊對象。,".help(""新增故事線"")",7dee612429744ad9c1c90e2cb302e0e798fcbdc268ba005248cb258c33a9a816
V9-1176,button,Sailune/OutlineViews.swift,1232,21,Button(,待共用,原生 Button；須按動作角色、位置、命中與資料 action 判定共用外殼或具名例外。,Button(role: .destructive) { deleteStoryLineTarget = selectedStoryLine } label: {,7dee612429744ad9c1c90e2cb302e0e798fcbdc268ba005248cb258c33a9a816
V9-1177,copy,Sailune/OutlineViews.swift,1233,25,"Label(""",待共用,直接 Button／Label／Menu 文案；需與同功能操作名稱及例外對照。,"Label(""刪除故事線"", systemImage: SailuneSymbol.delete.systemName)",7dee612429744ad9c1c90e2cb302e0e798fcbdc268ba005248cb258c33a9a816
V9-1178,symbol,Sailune/OutlineViews.swift,1233,53,SailuneSymbol.delete,已共用,使用或定義語意圖標 key；原字形由集中表提供。,"Label(""刪除故事線"", systemImage: SailuneSymbol.delete.systemName)",7dee612429744ad9c1c90e2cb302e0e798fcbdc268ba005248cb258c33a9a816
V9-1179,button_style,Sailune/OutlineViews.swift,1235,21,.buttonStyle(,已共用,引用或定義既有共用 ButtonStyle。,.buttonStyle(PlanningActionStyle()),7dee612429744ad9c1c90e2cb302e0e798fcbdc268ba005248cb258c33a9a816
V9-1180,accessibility,Sailune/OutlineViews.swift,1236,21,.help(,待共用,直接提示或輔助描述；需核對同操作名稱及可點擊對象。,".help(""刪除故事線"")",7dee612429744ad9c1c90e2cb302e0e798fcbdc268ba005248cb258c33a9a816
V9-1181,button_style,Sailune/OutlineViews.swift,1240,9,.buttonStyle(,已共用,引用或定義既有共用 ButtonStyle。,.buttonStyle(PlanningActionStyle()),7dee612429744ad9c1c90e2cb302e0e798fcbdc268ba005248cb258c33a9a816
V9-1182,copy,Sailune/OutlineViews.swift,1247,13,"Label(""",待共用,直接 Button／Label／Menu 文案；需與同功能操作名稱及例外對照。,"Label(""尚未建立故事線"", systemImage: SailuneSymbol.storyLine.systemName)",7dee612429744ad9c1c90e2cb302e0e798fcbdc268ba005248cb258c33a9a816
V9-1183,symbol,Sailune/OutlineViews.swift,1247,43,SailuneSymbol.storyLine,已共用,使用或定義語意圖標 key；原字形由集中表提供。,"Label(""尚未建立故事線"", systemImage: SailuneSymbol.storyLine.systemName)",7dee612429744ad9c1c90e2cb302e0e798fcbdc268ba005248cb258c33a9a816
V9-1184,copy,Sailune/OutlineViews.swift,1249,13,"Text(""",合理例外,靜態欄名或領域內容；非可執行操作文案，保留畫面語境。,"Text(""先建立前傳、主線、支線或後記，再加入大綱項目。"")",7dee612429744ad9c1c90e2cb302e0e798fcbdc268ba005248cb258c33a9a816
V9-1185,copy,Sailune/OutlineViews.swift,1251,13,"Menu(""",待共用,直接 Button／Label／Menu 文案；需與同功能操作名稱及例外對照。,"Menu(""建立故事線"", systemImage: SailuneSymbol.add.systemName) {",7dee612429744ad9c1c90e2cb302e0e798fcbdc268ba005248cb258c33a9a816
V9-1186,symbol,Sailune/OutlineViews.swift,1251,40,SailuneSymbol.add,已共用,使用或定義語意圖標 key；原字形由集中表提供。,"Menu(""建立故事線"", systemImage: SailuneSymbol.add.systemName) {",7dee612429744ad9c1c90e2cb302e0e798fcbdc268ba005248cb258c33a9a816
V9-1187,button,Sailune/OutlineViews.swift,1253,21,Button(,待共用,原生 Button；須按動作角色、位置、命中與資料 action 判定共用外殼或具名例外。,Button(kind.rawValue) { createStoryLine(kind) },7dee612429744ad9c1c90e2cb302e0e798fcbdc268ba005248cb258c33a9a816
V9-1188,failure_path,Sailune/OutlineViews.swift,1294,11,catch,待共用,失敗分支或可選錯誤；需核對主要結果、次要錯誤記錄與恢復契約。,} catch {,7dee612429744ad9c1c90e2cb302e0e798fcbdc268ba005248cb258c33a9a816
V9-1189,failure_path,Sailune/OutlineViews.swift,1305,11,catch,待共用,失敗分支或可選錯誤；需核對主要結果、次要錯誤記錄與恢復契約。,} catch {,7dee612429744ad9c1c90e2cb302e0e798fcbdc268ba005248cb258c33a9a816
V9-1190,dialog,Sailune/OutlineViews.swift,1347,9,.sheet(,待共用,原生呈現入口；需按確認、錯誤、取消及資料後果分組，僅呈現外殼可共用。,.sheet(isPresented: $showingStageStartSheet) {,7dee612429744ad9c1c90e2cb302e0e798fcbdc268ba005248cb258c33a9a816
V9-1191,field,Sailune/OutlineViews.swift,1357,13,SailuneFormTextField(,已共用,引用或定義共用欄位；焦點、組字及內距仍需代表畫面驗收。,"SailuneFormTextField(title: ""故事線名稱"", text: storyLineTitleBinding)",7dee612429744ad9c1c90e2cb302e0e798fcbdc268ba005248cb258c33a9a816
V9-1192,button,Sailune/OutlineViews.swift,1361,17,Button(,待共用,原生 Button；須按動作角色、位置、命中與資料 action 判定共用外殼或具名例外。,"Button(""新增主線階段"", systemImage: ""rectangle.stack.badge.plus"") {",7dee612429744ad9c1c90e2cb302e0e798fcbdc268ba005248cb258c33a9a816
V9-1193,copy,Sailune/OutlineViews.swift,1361,17,"Button(""",待共用,直接 Button／Label／Menu 文案；需與同功能操作名稱及例外對照。,"Button(""新增主線階段"", systemImage: ""rectangle.stack.badge.plus"") {",7dee612429744ad9c1c90e2cb302e0e798fcbdc268ba005248cb258c33a9a816
V9-1194,symbol,Sailune/OutlineViews.swift,1361,34,"systemImage: ""rectangle.stack.badge.plus""",待共用,直接 SF Symbol 字串；須依實際操作或資料語意分類。,"Button(""新增主線階段"", systemImage: ""rectangle.stack.badge.plus"") {",7dee612429744ad9c1c90e2cb302e0e798fcbdc268ba005248cb258c33a9a816
V9-1195,button_style,Sailune/OutlineViews.swift,1364,17,.buttonStyle(,已共用,引用或定義既有共用 ButtonStyle。,.buttonStyle(PlanningActionStyle()),7dee612429744ad9c1c90e2cb302e0e798fcbdc268ba005248cb258c33a9a816
V9-1196,button,Sailune/OutlineViews.swift,1381,13,Button(,待共用,原生 Button；須按動作角色、位置、命中與資料 action 判定共用外殼或具名例外。,"Button(""建立第一個階段"", action: createStage)",7dee612429744ad9c1c90e2cb302e0e798fcbdc268ba005248cb258c33a9a816
V9-1197,copy,Sailune/OutlineViews.swift,1381,13,"Button(""",待共用,直接 Button／Label／Menu 文案；需與同功能操作名稱及例外對照。,"Button(""建立第一個階段"", action: createStage)",7dee612429744ad9c1c90e2cb302e0e798fcbdc268ba005248cb258c33a9a816
V9-1198,button_style,Sailune/OutlineViews.swift,1382,17,.buttonStyle(,已共用,引用或定義既有共用 ButtonStyle。,.buttonStyle(PlanningActionStyle(prominent: true)),7dee612429744ad9c1c90e2cb302e0e798fcbdc268ba005248cb258c33a9a816
V9-1199,button,Sailune/OutlineViews.swift,1420,9,Button(,待共用,原生 Button；須按動作角色、位置、命中與資料 action 判定共用外殼或具名例外。,"Button(""新增大綱項目"", systemImage: SailuneSymbol.add.systemName) {",7dee612429744ad9c1c90e2cb302e0e798fcbdc268ba005248cb258c33a9a816
V9-1200,copy,Sailune/OutlineViews.swift,1420,9,"Button(""",待共用,直接 Button／Label／Menu 文案；需與同功能操作名稱及例外對照。,"Button(""新增大綱項目"", systemImage: SailuneSymbol.add.systemName) {",7dee612429744ad9c1c90e2cb302e0e798fcbdc268ba005248cb258c33a9a816
V9-1201,symbol,Sailune/OutlineViews.swift,1420,39,SailuneSymbol.add,已共用,使用或定義語意圖標 key；原字形由集中表提供。,"Button(""新增大綱項目"", systemImage: SailuneSymbol.add.systemName) {",7dee612429744ad9c1c90e2cb302e0e798fcbdc268ba005248cb258c33a9a816
V9-1202,button_style,Sailune/OutlineViews.swift,1423,9,.buttonStyle(,已共用,引用或定義既有共用 ButtonStyle。,.buttonStyle(PlanningActionStyle(prominent: true)),7dee612429744ad9c1c90e2cb302e0e798fcbdc268ba005248cb258c33a9a816
V9-1203,failure_path,Sailune/OutlineViews.swift,1444,11,catch,待共用,失敗分支或可選錯誤；需核對主要結果、次要錯誤記錄與恢復契約。,} catch {,7dee612429744ad9c1c90e2cb302e0e798fcbdc268ba005248cb258c33a9a816
V9-1204,failure_path,Sailune/OutlineViews.swift,1452,11,catch,待共用,失敗分支或可選錯誤；需核對主要結果、次要錯誤記錄與恢復契約。,} catch {,7dee612429744ad9c1c90e2cb302e0e798fcbdc268ba005248cb258c33a9a816
V9-1205,surface,Sailune/OutlineViews.swift,1483,21,.background(,待共用,直接背景或色值；需判定表面用途與既有 token 是否相同。,.background(,7dee612429744ad9c1c90e2cb302e0e798fcbdc268ba005248cb258c33a9a816
V9-1206,surface,Sailune/OutlineViews.swift,1484,25,Color.secondary.opacity(,待共用,直接背景或色值；需判定表面用途與既有 token 是否相同。,"Color.secondary.opacity(0.04),",7dee612429744ad9c1c90e2cb302e0e798fcbdc268ba005248cb258c33a9a816
V9-1207,field,Sailune/OutlineViews.swift,1533,31,TextField(,待共用,原生欄位；需檢查數值、焦點、提交與多行等專用契約。,"if stage == nil { TextField(""階段名稱"", text: $title) }",7dee612429744ad9c1c90e2cb302e0e798fcbdc268ba005248cb258c33a9a816
V9-1208,copy,Sailune/OutlineViews.swift,1535,17,"Text(""",合理例外,靜態欄名或領域內容；非可執行操作文案，保留畫面語境。,"Text(""選擇卷次"").tag(Optional<UUID>.none)",7dee612429744ad9c1c90e2cb302e0e798fcbdc268ba005248cb258c33a9a816
V9-1209,copy,Sailune/OutlineViews.swift,1539,17,"Text(""",合理例外,靜態欄名或領域內容；非可執行操作文案，保留畫面語境。,"Text(""停在卷次"").tag(Optional<UUID>.none)",7dee612429744ad9c1c90e2cb302e0e798fcbdc268ba005248cb258c33a9a816
V9-1210,copy,Sailune/OutlineViews.swift,1544,17,"Text(""",合理例外,靜態欄名或領域內容；非可執行操作文案，保留畫面語境。,"Text(""停在節次"").tag(Optional<Int>.none)",7dee612429744ad9c1c90e2cb302e0e798fcbdc268ba005248cb258c33a9a816
V9-1211,copy,Sailune/OutlineViews.swift,1549,17,"Text(""",合理例外,靜態欄名或領域內容；非可執行操作文案，保留畫面語境。,"Text(""請先建立卷次，才能為主線設定開始位置。"")",7dee612429744ad9c1c90e2cb302e0e798fcbdc268ba005248cb258c33a9a816
V9-1212,button,Sailune/OutlineViews.swift,1554,17,Button(,待共用,原生 Button；須按動作角色、位置、命中與資料 action 判定共用外殼或具名例外。,Button(SailuneActionCopy.cancel) { dismiss() }.buttonStyle(PlanningActionStyle()),7dee612429744ad9c1c90e2cb302e0e798fcbdc268ba005248cb258c33a9a816
V9-1213,copy,Sailune/OutlineViews.swift,1554,24,SailuneActionCopy.cancel,已共用,使用或定義集中操作文案。,Button(SailuneActionCopy.cancel) { dismiss() }.buttonStyle(PlanningActionStyle()),7dee612429744ad9c1c90e2cb302e0e798fcbdc268ba005248cb258c33a9a816
V9-1214,button_style,Sailune/OutlineViews.swift,1554,63,.buttonStyle(,已共用,引用或定義既有共用 ButtonStyle。,Button(SailuneActionCopy.cancel) { dismiss() }.buttonStyle(PlanningActionStyle()),7dee612429744ad9c1c90e2cb302e0e798fcbdc268ba005248cb258c33a9a816
V9-1215,button,Sailune/OutlineViews.swift,1555,17,Button(,待共用,原生 Button；須按動作角色、位置、命中與資料 action 判定共用外殼或具名例外。,"Button(stage == nil ? ""建立"" : ""儲存定位"", action: create)",7dee612429744ad9c1c90e2cb302e0e798fcbdc268ba005248cb258c33a9a816
V9-1216,button_style,Sailune/OutlineViews.swift,1556,21,.buttonStyle(,已共用,引用或定義既有共用 ButtonStyle。,.buttonStyle(PlanningActionStyle(prominent: true)),7dee612429744ad9c1c90e2cb302e0e798fcbdc268ba005248cb258c33a9a816
V9-1217,failure_path,Sailune/OutlineViews.swift,1584,11,catch,待共用,失敗分支或可選錯誤；需核對主要結果、次要錯誤記錄與恢復契約。,} catch { errorMessage = error.localizedDescription },7dee612429744ad9c1c90e2cb302e0e798fcbdc268ba005248cb258c33a9a816
V9-1218,button_style,Sailune/OutlineViews.swift,1633,17,.buttonStyle(,待共用,原生樣式；需與同語意按鈕比對，不能只按 style 名稱批量替換。,.buttonStyle(.plain),7dee612429744ad9c1c90e2cb302e0e798fcbdc268ba005248cb258c33a9a816
V9-1219,accessibility,Sailune/OutlineViews.swift,1634,17,.help(,待共用,直接提示或輔助描述；需核對同操作名稱及可點擊對象。,".help(isExpanded ? ""收合階段"" : ""展開階段"")",7dee612429744ad9c1c90e2cb302e0e798fcbdc268ba005248cb258c33a9a816
V9-1220,symbol,Sailune/OutlineViews.swift,1635,23,"systemName: ""rectangle.stack""",待共用,直接 SF Symbol 字串；須依實際操作或資料語意分類。,"Image(systemName: ""rectangle.stack"")",7dee612429744ad9c1c90e2cb302e0e798fcbdc268ba005248cb258c33a9a816
V9-1221,field,Sailune/OutlineViews.swift,1637,17,TextField(,待共用,原生欄位；需檢查數值、焦點、提交與多行等專用契約。,"TextField(""階段名稱"", text: stageTitleBinding)",7dee612429744ad9c1c90e2cb302e0e798fcbdc268ba005248cb258c33a9a816
V9-1222,button,Sailune/OutlineViews.swift,1642,17,Button(,待共用,原生 Button；須按動作角色、位置、命中與資料 action 判定共用外殼或具名例外。,Button(role: .destructive) { showingDeleteConfirmation = true } label: {,7dee612429744ad9c1c90e2cb302e0e798fcbdc268ba005248cb258c33a9a816
V9-1223,copy,Sailune/OutlineViews.swift,1643,21,"Label(""",待共用,直接 Button／Label／Menu 文案；需與同功能操作名稱及例外對照。,"Label(""刪除階段"", systemImage: SailuneSymbol.delete.systemName)",7dee612429744ad9c1c90e2cb302e0e798fcbdc268ba005248cb258c33a9a816
V9-1224,symbol,Sailune/OutlineViews.swift,1643,48,SailuneSymbol.delete,已共用,使用或定義語意圖標 key；原字形由集中表提供。,"Label(""刪除階段"", systemImage: SailuneSymbol.delete.systemName)",7dee612429744ad9c1c90e2cb302e0e798fcbdc268ba005248cb258c33a9a816
V9-1225,button_style,Sailune/OutlineViews.swift,1645,17,.buttonStyle(,已共用,引用或定義既有共用 ButtonStyle。,.buttonStyle(PlanningActionStyle()),7dee612429744ad9c1c90e2cb302e0e798fcbdc268ba005248cb258c33a9a816
V9-1226,accessibility,Sailune/OutlineViews.swift,1646,17,.help(,待共用,直接提示或輔助描述；需核對同操作名稱及可點擊對象。,".help(""刪除階段"")",7dee612429744ad9c1c90e2cb302e0e798fcbdc268ba005248cb258c33a9a816
V9-1227,button,Sailune/OutlineViews.swift,1651,13,Button(,待共用,原生 Button；須按動作角色、位置、命中與資料 action 判定共用外殼或具名例外。,"Button(stageStartIsMissing ? ""設定開始位置"" : ""重新定位"", systemImage: ""mappin.and.ellipse"") {",7dee612429744ad9c1c90e2cb302e0e798fcbdc268ba005248cb258c33a9a816
V9-1228,symbol,Sailune/OutlineViews.swift,1651,61,"systemImage: ""mappin.and.ellipse""",待共用,直接 SF Symbol 字串；須依實際操作或資料語意分類。,"Button(stageStartIsMissing ? ""設定開始位置"" : ""重新定位"", systemImage: ""mappin.and.ellipse"") {",7dee612429744ad9c1c90e2cb302e0e798fcbdc268ba005248cb258c33a9a816
V9-1229,button_style,Sailune/OutlineViews.swift,1654,13,.buttonStyle(,已共用,引用或定義既有共用 ButtonStyle。,.buttonStyle(PlanningActionStyle()),7dee612429744ad9c1c90e2cb302e0e798fcbdc268ba005248cb258c33a9a816
V9-1230,button,Sailune/OutlineViews.swift,1666,17,Button(,待共用,原生 Button；須按動作角色、位置、命中與資料 action 判定共用外殼或具名例外。,"Button(""新增大綱項目"", systemImage: SailuneSymbol.add.systemName, action: createItem)",7dee612429744ad9c1c90e2cb302e0e798fcbdc268ba005248cb258c33a9a816
V9-1231,copy,Sailune/OutlineViews.swift,1666,17,"Button(""",待共用,直接 Button／Label／Menu 文案；需與同功能操作名稱及例外對照。,"Button(""新增大綱項目"", systemImage: SailuneSymbol.add.systemName, action: createItem)",7dee612429744ad9c1c90e2cb302e0e798fcbdc268ba005248cb258c33a9a816
V9-1232,symbol,Sailune/OutlineViews.swift,1666,47,SailuneSymbol.add,已共用,使用或定義語意圖標 key；原字形由集中表提供。,"Button(""新增大綱項目"", systemImage: SailuneSymbol.add.systemName, action: createItem)",7dee612429744ad9c1c90e2cb302e0e798fcbdc268ba005248cb258c33a9a816
V9-1233,button_style,Sailune/OutlineViews.swift,1667,21,.buttonStyle(,已共用,引用或定義既有共用 ButtonStyle。,.buttonStyle(PlanningActionStyle(prominent: true)),7dee612429744ad9c1c90e2cb302e0e798fcbdc268ba005248cb258c33a9a816
V9-1234,surface,Sailune/OutlineViews.swift,1671,9,.background(,待共用,直接背景或色值；需判定表面用途與既有 token 是否相同。,".background(SailuneTheme.subtleSurface, in: RoundedRectangle(cornerRadius: 10))",7dee612429744ad9c1c90e2cb302e0e798fcbdc268ba005248cb258c33a9a816
V9-1235,surface,Sailune/OutlineViews.swift,1671,21,SailuneTheme.,已共用,引用或定義語意色彩 token；形狀與疊層仍需檢查。,".background(SailuneTheme.subtleSurface, in: RoundedRectangle(cornerRadius: 10))",7dee612429744ad9c1c90e2cb302e0e798fcbdc268ba005248cb258c33a9a816
V9-1236,dialog,Sailune/OutlineViews.swift,1672,9,.sheet(,待共用,原生呈現入口；需按確認、錯誤、取消及資料後果分組，僅呈現外殼可共用。,.sheet(isPresented: $showingStartEditor) {,7dee612429744ad9c1c90e2cb302e0e798fcbdc268ba005248cb258c33a9a816
V9-1237,dialog,Sailune/OutlineViews.swift,1675,9,.confirmationDialog(,待共用,原生呈現入口；需按確認、錯誤、取消及資料後果分組，僅呈現外殼可共用。,".confirmationDialog(""刪除階段？"", isPresented: $showingDeleteConfirmation) {",7dee612429744ad9c1c90e2cb302e0e798fcbdc268ba005248cb258c33a9a816
V9-1238,button,Sailune/OutlineViews.swift,1676,13,Button(,待共用,原生 Button；須按動作角色、位置、命中與資料 action 判定共用外殼或具名例外。,"Button(""刪除階段"", role: .destructive, action: deleteStage)",7dee612429744ad9c1c90e2cb302e0e798fcbdc268ba005248cb258c33a9a816
V9-1239,copy,Sailune/OutlineViews.swift,1676,13,"Button(""",待共用,直接 Button／Label／Menu 文案；需與同功能操作名稱及例外對照。,"Button(""刪除階段"", role: .destructive, action: deleteStage)",7dee612429744ad9c1c90e2cb302e0e798fcbdc268ba005248cb258c33a9a816
V9-1240,button,Sailune/OutlineViews.swift,1677,13,Button(,待共用,原生 Button；須按動作角色、位置、命中與資料 action 判定共用外殼或具名例外。,"Button(SailuneActionCopy.cancel, role: .cancel) { }",7dee612429744ad9c1c90e2cb302e0e798fcbdc268ba005248cb258c33a9a816
V9-1241,copy,Sailune/OutlineViews.swift,1677,20,SailuneActionCopy.cancel,已共用,使用或定義集中操作文案。,"Button(SailuneActionCopy.cancel, role: .cancel) { }",7dee612429744ad9c1c90e2cb302e0e798fcbdc268ba005248cb258c33a9a816
V9-1242,copy,Sailune/OutlineViews.swift,1679,13,"Text(""",合理例外,靜態欄名或領域內容；非可執行操作文案，保留畫面語境。,"Text(""將刪除「\(stage.title)」及其中 \(items.count) 個大綱項目與正文標記；正文內容不會被刪除。"")",7dee612429744ad9c1c90e2cb302e0e798fcbdc268ba005248cb258c33a9a816
V9-1243,failure_path,Sailune/OutlineViews.swift,1720,11,catch,待共用,失敗分支或可選錯誤；需核對主要結果、次要錯誤記錄與恢復契約。,} catch {,7dee612429744ad9c1c90e2cb302e0e798fcbdc268ba005248cb258c33a9a816
V9-1244,failure_path,Sailune/OutlineViews.swift,1728,11,catch,待共用,失敗分支或可選錯誤；需核對主要結果、次要錯誤記錄與恢復契約。,} catch {,7dee612429744ad9c1c90e2cb302e0e798fcbdc268ba005248cb258c33a9a816
V9-1245,failure_path,Sailune/OutlineViews.swift,1736,11,catch,待共用,失敗分支或可選錯誤；需核對主要結果、次要錯誤記錄與恢復契約。,} catch {,7dee612429744ad9c1c90e2cb302e0e798fcbdc268ba005248cb258c33a9a816
V9-1246,copy,Sailune/OutlineViews.swift,1756,17,"Label(""",待共用,直接 Button／Label／Menu 文案；需與同功能操作名稱及例外對照。,"Label(""未分階段"", systemImage: isExpanded ? ""chevron.down"" : ""chevron.right"")",7dee612429744ad9c1c90e2cb302e0e798fcbdc268ba005248cb258c33a9a816
V9-1247,button_style,Sailune/OutlineViews.swift,1759,13,.buttonStyle(,待共用,原生樣式；需與同語意按鈕比對，不能只按 style 名稱批量替換。,.buttonStyle(.plain),7dee612429744ad9c1c90e2cb302e0e798fcbdc268ba005248cb258c33a9a816
V9-1248,button,Sailune/OutlineViews.swift,1764,17,Button(,待共用,原生 Button；須按動作角色、位置、命中與資料 action 判定共用外殼或具名例外。,"Button(""新增大綱項目"", systemImage: SailuneSymbol.add.systemName, action: createItem)",7dee612429744ad9c1c90e2cb302e0e798fcbdc268ba005248cb258c33a9a816
V9-1249,copy,Sailune/OutlineViews.swift,1764,17,"Button(""",待共用,直接 Button／Label／Menu 文案；需與同功能操作名稱及例外對照。,"Button(""新增大綱項目"", systemImage: SailuneSymbol.add.systemName, action: createItem)",7dee612429744ad9c1c90e2cb302e0e798fcbdc268ba005248cb258c33a9a816
V9-1250,symbol,Sailune/OutlineViews.swift,1764,47,SailuneSymbol.add,已共用,使用或定義語意圖標 key；原字形由集中表提供。,"Button(""新增大綱項目"", systemImage: SailuneSymbol.add.systemName, action: createItem)",7dee612429744ad9c1c90e2cb302e0e798fcbdc268ba005248cb258c33a9a816
V9-1251,button_style,Sailune/OutlineViews.swift,1765,21,.buttonStyle(,已共用,引用或定義既有共用 ButtonStyle。,.buttonStyle(PlanningActionStyle(prominent: true)),7dee612429744ad9c1c90e2cb302e0e798fcbdc268ba005248cb258c33a9a816
V9-1252,surface,Sailune/OutlineViews.swift,1769,9,.background(,待共用,直接背景或色值；需判定表面用途與既有 token 是否相同。,".background(SailuneTheme.subtleSurface, in: RoundedRectangle(cornerRadius: 10))",7dee612429744ad9c1c90e2cb302e0e798fcbdc268ba005248cb258c33a9a816
V9-1253,surface,Sailune/OutlineViews.swift,1769,21,SailuneTheme.,已共用,引用或定義語意色彩 token；形狀與疊層仍需檢查。,".background(SailuneTheme.subtleSurface, in: RoundedRectangle(cornerRadius: 10))",7dee612429744ad9c1c90e2cb302e0e798fcbdc268ba005248cb258c33a9a816
V9-1254,failure_path,Sailune/OutlineViews.swift,1775,11,catch,待共用,失敗分支或可選錯誤；需核對主要結果、次要錯誤記錄與恢復契約。,} catch {,7dee612429744ad9c1c90e2cb302e0e798fcbdc268ba005248cb258c33a9a816
V9-1255,field,Sailune/OutlineViews.swift,1827,17,TextField(,待共用,原生欄位；需檢查數值、焦點、提交與多行等專用契約。,"TextField(""大綱標題"", text: titleBinding)",7dee612429744ad9c1c90e2cb302e0e798fcbdc268ba005248cb258c33a9a816
V9-1256,field,Sailune/OutlineViews.swift,1831,17,TextField(,待共用,原生欄位；需檢查數值、焦點、提交與多行等專用契約。,"TextField(""內容（選填）"", text: detailBinding, axis: .vertical)",7dee612429744ad9c1c90e2cb302e0e798fcbdc268ba005248cb258c33a9a816
V9-1257,button,Sailune/OutlineViews.swift,1836,21,Button(,待共用,原生 Button；須按動作角色、位置、命中與資料 action 判定共用外殼或具名例外。,"Button(""來源：回到正文"", systemImage: ""text.book.closed"") {",7dee612429744ad9c1c90e2cb302e0e798fcbdc268ba005248cb258c33a9a816
V9-1258,copy,Sailune/OutlineViews.swift,1836,21,"Button(""",待共用,直接 Button／Label／Menu 文案；需與同功能操作名稱及例外對照。,"Button(""來源：回到正文"", systemImage: ""text.book.closed"") {",7dee612429744ad9c1c90e2cb302e0e798fcbdc268ba005248cb258c33a9a816
V9-1259,symbol,Sailune/OutlineViews.swift,1836,39,"systemImage: ""text.book.closed""",待共用,直接 SF Symbol 字串；須依實際操作或資料語意分類。,"Button(""來源：回到正文"", systemImage: ""text.book.closed"") {",7dee612429744ad9c1c90e2cb302e0e798fcbdc268ba005248cb258c33a9a816
V9-1260,button_style,Sailune/OutlineViews.swift,1839,21,.buttonStyle(,已共用,引用或定義既有共用 ButtonStyle。,.buttonStyle(PlanningActionStyle()),7dee612429744ad9c1c90e2cb302e0e798fcbdc268ba005248cb258c33a9a816
V9-1261,copy,Sailune/OutlineViews.swift,1841,21,"Label(""",待共用,直接 Button／Label／Menu 文案；需與同功能操作名稱及例外對照。,"Label(""來源已刪除"", systemImage: SailuneSymbol.warning.systemName)",7dee612429744ad9c1c90e2cb302e0e798fcbdc268ba005248cb258c33a9a816
V9-1262,symbol,Sailune/OutlineViews.swift,1841,49,SailuneSymbol.warning,已共用,使用或定義語意圖標 key；原字形由集中表提供。,"Label(""來源已刪除"", systemImage: SailuneSymbol.warning.systemName)",7dee612429744ad9c1c90e2cb302e0e798fcbdc268ba005248cb258c33a9a816
V9-1263,copy,Sailune/OutlineViews.swift,1848,25,"Label(""",待共用,直接 Button／Label／Menu 文案；需與同功能操作名稱及例外對照。,"Label(""狀態：\(item.status.displayTitle)"", systemImage: item.status == .occurred ? ""checkmark.circle.fill"" : ""doc.text"")",7dee612429744ad9c1c90e2cb302e0e798fcbdc268ba005248cb258c33a9a816
V9-1264,button,Sailune/OutlineViews.swift,1853,29,Button(,待共用,原生 Button；須按動作角色、位置、命中與資料 action 判定共用外殼或具名例外。,"Button(""改為草稿"") { setLegacyManualStatus(.draft) }",7dee612429744ad9c1c90e2cb302e0e798fcbdc268ba005248cb258c33a9a816
V9-1265,copy,Sailune/OutlineViews.swift,1853,29,"Button(""",待共用,直接 Button／Label／Menu 文案；需與同功能操作名稱及例外對照。,"Button(""改為草稿"") { setLegacyManualStatus(.draft) }",7dee612429744ad9c1c90e2cb302e0e798fcbdc268ba005248cb258c33a9a816
V9-1266,button,Sailune/OutlineViews.swift,1854,29,Button(,待共用,原生 Button；須按動作角色、位置、命中與資料 action 判定共用外殼或具名例外。,"Button(""改為預定"") { setLegacyManualStatus(.planned) }",7dee612429744ad9c1c90e2cb302e0e798fcbdc268ba005248cb258c33a9a816
V9-1267,copy,Sailune/OutlineViews.swift,1854,29,"Button(""",待共用,直接 Button／Label／Menu 文案；需與同功能操作名稱及例外對照。,"Button(""改為預定"") { setLegacyManualStatus(.planned) }",7dee612429744ad9c1c90e2cb302e0e798fcbdc268ba005248cb258c33a9a816
V9-1268,button,Sailune/OutlineViews.swift,1855,29,Button(,待共用,原生 Button；須按動作角色、位置、命中與資料 action 判定共用外殼或具名例外。,"Button(""改為背景"") { setLegacyManualStatus(.background) }",7dee612429744ad9c1c90e2cb302e0e798fcbdc268ba005248cb258c33a9a816
V9-1269,copy,Sailune/OutlineViews.swift,1855,29,"Button(""",待共用,直接 Button／Label／Menu 文案；需與同功能操作名稱及例外對照。,"Button(""改為背景"") { setLegacyManualStatus(.background) }",7dee612429744ad9c1c90e2cb302e0e798fcbdc268ba005248cb258c33a9a816
V9-1270,copy,Sailune/OutlineViews.swift,1857,29,"Label(""",待共用,直接 Button／Label／Menu 文案；需與同功能操作名稱及例外對照。,"Label(""需要調整狀態"", systemImage: SailuneSymbol.warning.systemName)",7dee612429744ad9c1c90e2cb302e0e798fcbdc268ba005248cb258c33a9a816
V9-1271,symbol,Sailune/OutlineViews.swift,1857,58,SailuneSymbol.warning,已共用,使用或定義語意圖標 key；原字形由集中表提供。,"Label(""需要調整狀態"", systemImage: SailuneSymbol.warning.systemName)",7dee612429744ad9c1c90e2cb302e0e798fcbdc268ba005248cb258c33a9a816
V9-1272,copy,Sailune/OutlineViews.swift,1871,25,"Label(""",待共用,直接 Button／Label／Menu 文案；需與同功能操作名稱及例外對照。,"Label(""卷：\(source.volume)"", systemImage: ""books.vertical"")",7dee612429744ad9c1c90e2cb302e0e798fcbdc268ba005248cb258c33a9a816
V9-1273,symbol,Sailune/OutlineViews.swift,1871,53,"systemImage: ""books.vertical""",待共用,直接 SF Symbol 字串；須依實際操作或資料語意分類。,"Label(""卷：\(source.volume)"", systemImage: ""books.vertical"")",7dee612429744ad9c1c90e2cb302e0e798fcbdc268ba005248cb258c33a9a816
V9-1274,copy,Sailune/OutlineViews.swift,1872,25,"Label(""",待共用,直接 Button／Label／Menu 文案；需與同功能操作名稱及例外對照。,"Label(""節：\(source.section)"", systemImage: ""text.book.closed"")",7dee612429744ad9c1c90e2cb302e0e798fcbdc268ba005248cb258c33a9a816
V9-1275,symbol,Sailune/OutlineViews.swift,1872,54,"systemImage: ""text.book.closed""",待共用,直接 SF Symbol 字串；須依實際操作或資料語意分類。,"Label(""節：\(source.section)"", systemImage: ""text.book.closed"")",7dee612429744ad9c1c90e2cb302e0e798fcbdc268ba005248cb258c33a9a816
V9-1276,button,Sailune/OutlineViews.swift,1879,29,Button(,待共用,原生 Button；須按動作角色、位置、命中與資料 action 判定共用外殼或具名例外。,"Button(""未分階段"") { move(to: nil) }",7dee612429744ad9c1c90e2cb302e0e798fcbdc268ba005248cb258c33a9a816
V9-1277,copy,Sailune/OutlineViews.swift,1879,29,"Button(""",待共用,直接 Button／Label／Menu 文案；需與同功能操作名稱及例外對照。,"Button(""未分階段"") { move(to: nil) }",7dee612429744ad9c1c90e2cb302e0e798fcbdc268ba005248cb258c33a9a816
V9-1278,button,Sailune/OutlineViews.swift,1881,33,Button(,待共用,原生 Button；須按動作角色、位置、命中與資料 action 判定共用外殼或具名例外。,Button(stage.title) { move(to: stage) },7dee612429744ad9c1c90e2cb302e0e798fcbdc268ba005248cb258c33a9a816
V9-1279,copy,Sailune/OutlineViews.swift,1884,29,"Label(""",待共用,直接 Button／Label／Menu 文案；需與同功能操作名稱及例外對照。,"Label(""階段：\(currentStageTitle)"", systemImage: ""arrow.left.arrow.right"")",7dee612429744ad9c1c90e2cb302e0e798fcbdc268ba005248cb258c33a9a816
V9-1280,symbol,Sailune/OutlineViews.swift,1884,62,"systemImage: ""arrow.left.arrow.right""",待共用,直接 SF Symbol 字串；須依實際操作或資料語意分類。,"Label(""階段：\(currentStageTitle)"", systemImage: ""arrow.left.arrow.right"")",7dee612429744ad9c1c90e2cb302e0e798fcbdc268ba005248cb258c33a9a816
V9-1281,button,Sailune/OutlineViews.swift,1893,25,Button(,待共用,原生 Button；須按動作角色、位置、命中與資料 action 判定共用外殼或具名例外。,"Button(""待安置"") { place(.pending) }",7dee612429744ad9c1c90e2cb302e0e798fcbdc268ba005248cb258c33a9a816
V9-1282,copy,Sailune/OutlineViews.swift,1893,25,"Button(""",待共用,直接 Button／Label／Menu 文案；需與同功能操作名稱及例外對照。,"Button(""待安置"") { place(.pending) }",7dee612429744ad9c1c90e2cb302e0e798fcbdc268ba005248cb258c33a9a816
V9-1283,button,Sailune/OutlineViews.swift,1894,25,Button(,待共用,原生 Button；須按動作角色、位置、命中與資料 action 判定共用外殼或具名例外。,"Button(""放在本幕開頭"") { place(.stageStart) }",7dee612429744ad9c1c90e2cb302e0e798fcbdc268ba005248cb258c33a9a816
V9-1284,copy,Sailune/OutlineViews.swift,1894,25,"Button(""",待共用,直接 Button／Label／Menu 文案；需與同功能操作名稱及例外對照。,"Button(""放在本幕開頭"") { place(.stageStart) }",7dee612429744ad9c1c90e2cb302e0e798fcbdc268ba005248cb258c33a9a816
V9-1285,button,Sailune/OutlineViews.swift,1895,25,Button(,待共用,原生 Button；須按動作角色、位置、命中與資料 action 判定共用外殼或具名例外。,"Button(""放在本幕結尾"") { place(.stageEnd) }",7dee612429744ad9c1c90e2cb302e0e798fcbdc268ba005248cb258c33a9a816
V9-1286,copy,Sailune/OutlineViews.swift,1895,25,"Button(""",待共用,直接 Button／Label／Menu 文案；需與同功能操作名稱及例外對照。,"Button(""放在本幕結尾"") { place(.stageEnd) }",7dee612429744ad9c1c90e2cb302e0e798fcbdc268ba005248cb258c33a9a816
V9-1287,button,Sailune/OutlineViews.swift,1898,29,Button(,待共用,原生 Button；須按動作角色、位置、命中與資料 action 判定共用外殼或具名例外。,"Button(""同位置向上移"") { reorder(earlier: true) }",7dee612429744ad9c1c90e2cb302e0e798fcbdc268ba005248cb258c33a9a816
V9-1288,copy,Sailune/OutlineViews.swift,1898,29,"Button(""",待共用,直接 Button／Label／Menu 文案；需與同功能操作名稱及例外對照。,"Button(""同位置向上移"") { reorder(earlier: true) }",7dee612429744ad9c1c90e2cb302e0e798fcbdc268ba005248cb258c33a9a816
V9-1289,button,Sailune/OutlineViews.swift,1899,29,Button(,待共用,原生 Button；須按動作角色、位置、命中與資料 action 判定共用外殼或具名例外。,"Button(""同位置向下移"") { reorder(earlier: false) }",7dee612429744ad9c1c90e2cb302e0e798fcbdc268ba005248cb258c33a9a816
V9-1290,copy,Sailune/OutlineViews.swift,1899,29,"Button(""",待共用,直接 Button／Label／Menu 文案；需與同功能操作名稱及例外對照。,"Button(""同位置向下移"") { reorder(earlier: false) }",7dee612429744ad9c1c90e2cb302e0e798fcbdc268ba005248cb258c33a9a816
V9-1291,button,Sailune/OutlineViews.swift,1903,29,Button(,待共用,原生 Button；須按動作角色、位置、命中與資料 action 判定共用外殼或具名例外。,"Button(""接在「\(target.title)」後"") { place(.afterItem, after: target) }",7dee612429744ad9c1c90e2cb302e0e798fcbdc268ba005248cb258c33a9a816
V9-1292,copy,Sailune/OutlineViews.swift,1903,29,"Button(""",待共用,直接 Button／Label／Menu 文案；需與同功能操作名稱及例外對照。,"Button(""接在「\(target.title)」後"") { place(.afterItem, after: target) }",7dee612429744ad9c1c90e2cb302e0e798fcbdc268ba005248cb258c33a9a816
V9-1293,copy,Sailune/OutlineViews.swift,1906,25,"Label(""",待共用,直接 Button／Label／Menu 文案；需與同功能操作名稱及例外對照。,"Label(""位置：\(placementTitle)"", systemImage: ""arrowshape.turn.up.right"")",7dee612429744ad9c1c90e2cb302e0e798fcbdc268ba005248cb258c33a9a816
V9-1294,symbol,Sailune/OutlineViews.swift,1906,55,"systemImage: ""arrowshape.turn.up.right""",待共用,直接 SF Symbol 字串；須依實際操作或資料語意分類。,"Label(""位置：\(placementTitle)"", systemImage: ""arrowshape.turn.up.right"")",7dee612429744ad9c1c90e2cb302e0e798fcbdc268ba005248cb258c33a9a816
V9-1295,button,Sailune/OutlineViews.swift,1914,21,Button(,待共用,原生 Button；須按動作角色、位置、命中與資料 action 判定共用外殼或具名例外。,"Button(SailuneActionCopy.save, systemImage: SailuneSymbol.save.systemName, action: save)",7dee612429744ad9c1c90e2cb302e0e798fcbdc268ba005248cb258c33a9a816
V9-1296,copy,Sailune/OutlineViews.swift,1914,28,SailuneActionCopy.save,已共用,使用或定義集中操作文案。,"Button(SailuneActionCopy.save, systemImage: SailuneSymbol.save.systemName, action: save)",7dee612429744ad9c1c90e2cb302e0e798fcbdc268ba005248cb258c33a9a816
V9-1297,symbol,Sailune/OutlineViews.swift,1914,65,SailuneSymbol.save,已共用,使用或定義語意圖標 key；原字形由集中表提供。,"Button(SailuneActionCopy.save, systemImage: SailuneSymbol.save.systemName, action: save)",7dee612429744ad9c1c90e2cb302e0e798fcbdc268ba005248cb258c33a9a816
V9-1298,button_style,Sailune/OutlineViews.swift,1915,21,.buttonStyle(,已共用,引用或定義既有共用 ButtonStyle。,.buttonStyle(PlanningActionStyle(prominent: true)),7dee612429744ad9c1c90e2cb302e0e798fcbdc268ba005248cb258c33a9a816
V9-1299,button,Sailune/OutlineViews.swift,1916,21,Button(,待共用,原生 Button；須按動作角色、位置、命中與資料 action 判定共用外殼或具名例外。,Button(role: .destructive) { showingDeleteConfirmation = true } label: {,7dee612429744ad9c1c90e2cb302e0e798fcbdc268ba005248cb258c33a9a816
V9-1300,copy,Sailune/OutlineViews.swift,1917,25,"Label(""",待共用,直接 Button／Label／Menu 文案；需與同功能操作名稱及例外對照。,"Label(""刪除項目"", systemImage: SailuneSymbol.delete.systemName)",7dee612429744ad9c1c90e2cb302e0e798fcbdc268ba005248cb258c33a9a816
V9-1301,symbol,Sailune/OutlineViews.swift,1917,52,SailuneSymbol.delete,已共用,使用或定義語意圖標 key；原字形由集中表提供。,"Label(""刪除項目"", systemImage: SailuneSymbol.delete.systemName)",7dee612429744ad9c1c90e2cb302e0e798fcbdc268ba005248cb258c33a9a816
V9-1302,button_style,Sailune/OutlineViews.swift,1919,21,.buttonStyle(,已共用,引用或定義既有共用 ButtonStyle。,.buttonStyle(PlanningActionStyle()),7dee612429744ad9c1c90e2cb302e0e798fcbdc268ba005248cb258c33a9a816
V9-1303,accessibility,Sailune/OutlineViews.swift,1920,21,.help(,待共用,直接提示或輔助描述；需核對同操作名稱及可點擊對象。,".help(""刪除大綱項目"")",7dee612429744ad9c1c90e2cb302e0e798fcbdc268ba005248cb258c33a9a816
V9-1304,surface,Sailune/OutlineViews.swift,1937,13,.background(,待共用,直接背景或色值；需判定表面用途與既有 token 是否相同。,".background(SailuneTheme.navigationCardSurface, in: RoundedRectangle(cornerRadius: 10))",7dee612429744ad9c1c90e2cb302e0e798fcbdc268ba005248cb258c33a9a816
V9-1305,surface,Sailune/OutlineViews.swift,1937,25,SailuneTheme.,已共用,引用或定義語意色彩 token；形狀與疊層仍需檢查。,".background(SailuneTheme.navigationCardSurface, in: RoundedRectangle(cornerRadius: 10))",7dee612429744ad9c1c90e2cb302e0e798fcbdc268ba005248cb258c33a9a816
V9-1306,dialog,Sailune/OutlineViews.swift,1939,9,.confirmationDialog(,待共用,原生呈現入口；需按確認、錯誤、取消及資料後果分組，僅呈現外殼可共用。,".confirmationDialog(""刪除大綱項目？"", isPresented: $showingDeleteConfirmation) {",7dee612429744ad9c1c90e2cb302e0e798fcbdc268ba005248cb258c33a9a816
V9-1307,button,Sailune/OutlineViews.swift,1940,13,Button(,待共用,原生 Button；須按動作角色、位置、命中與資料 action 判定共用外殼或具名例外。,"Button(SailuneActionCopy.delete, role: .destructive, action: deleteItem)",7dee612429744ad9c1c90e2cb302e0e798fcbdc268ba005248cb258c33a9a816
V9-1308,copy,Sailune/OutlineViews.swift,1940,20,SailuneActionCopy.delete,已共用,使用或定義集中操作文案。,"Button(SailuneActionCopy.delete, role: .destructive, action: deleteItem)",7dee612429744ad9c1c90e2cb302e0e798fcbdc268ba005248cb258c33a9a816
V9-1309,button,Sailune/OutlineViews.swift,1941,13,Button(,待共用,原生 Button；須按動作角色、位置、命中與資料 action 判定共用外殼或具名例外。,"Button(SailuneActionCopy.cancel, role: .cancel) { }",7dee612429744ad9c1c90e2cb302e0e798fcbdc268ba005248cb258c33a9a816
V9-1310,copy,Sailune/OutlineViews.swift,1941,20,SailuneActionCopy.cancel,已共用,使用或定義集中操作文案。,"Button(SailuneActionCopy.cancel, role: .cancel) { }",7dee612429744ad9c1c90e2cb302e0e798fcbdc268ba005248cb258c33a9a816
V9-1311,copy,Sailune/OutlineViews.swift,1943,13,"Text(""",合理例外,靜態欄名或領域內容；非可執行操作文案，保留畫面語境。,"Text(""大綱項目與其正文來源會移除；正文不會被刪除。"")",7dee612429744ad9c1c90e2cb302e0e798fcbdc268ba005248cb258c33a9a816
V9-1312,failure_path,Sailune/OutlineViews.swift,1958,13,catch,待共用,失敗分支或可選錯誤；需核對主要結果、次要錯誤記錄與恢復契約。,catch { errorMessage = error.localizedDescription },7dee612429744ad9c1c90e2cb302e0e798fcbdc268ba005248cb258c33a9a816
V9-1313,failure_path,Sailune/OutlineViews.swift,2035,11,catch,待共用,失敗分支或可選錯誤；需核對主要結果、次要錯誤記錄與恢復契約。,} catch {,7dee612429744ad9c1c90e2cb302e0e798fcbdc268ba005248cb258c33a9a816
V9-1314,failure_path,Sailune/OutlineViews.swift,2043,11,catch,待共用,失敗分支或可選錯誤；需核對主要結果、次要錯誤記錄與恢復契約。,} catch {,7dee612429744ad9c1c90e2cb302e0e798fcbdc268ba005248cb258c33a9a816
V9-1315,failure_path,Sailune/OutlineViews.swift,2051,11,catch,待共用,失敗分支或可選錯誤；需核對主要結果、次要錯誤記錄與恢復契約。,} catch {,7dee612429744ad9c1c90e2cb302e0e798fcbdc268ba005248cb258c33a9a816
V9-1316,failure_path,Sailune/OutlineViews.swift,2058,9,catch,待共用,失敗分支或可選錯誤；需核對主要結果、次要錯誤記錄與恢復契約。,catch { errorMessage = error.localizedDescription },7dee612429744ad9c1c90e2cb302e0e798fcbdc268ba005248cb258c33a9a816
V9-1317,failure_path,Sailune/OutlineViews.swift,2063,9,catch,待共用,失敗分支或可選錯誤；需核對主要結果、次要錯誤記錄與恢復契約。,catch { errorMessage = error.localizedDescription },7dee612429744ad9c1c90e2cb302e0e798fcbdc268ba005248cb258c33a9a816
V9-1318,failure_path,Sailune/OutlineViews.swift,2068,9,catch,待共用,失敗分支或可選錯誤；需核對主要結果、次要錯誤記錄與恢復契約。,catch { errorMessage = error.localizedDescription },7dee612429744ad9c1c90e2cb302e0e798fcbdc268ba005248cb258c33a9a816
V9-1319,button,Sailune/PeoplePresets.swift,511,33,Button(,待共用,原生 Button；須按動作角色、位置、命中與資料 action 判定共用外殼或具名例外。,"Button(""不選擇"") {",db97455b03a8debb1bb7c53b765ccb071f35bb19128ed4c15db144de7b45c245
V9-1320,copy,Sailune/PeoplePresets.swift,511,33,"Button(""",待共用,直接 Button／Label／Menu 文案；需與同功能操作名稱及例外對照。,"Button(""不選擇"") {",db97455b03a8debb1bb7c53b765ccb071f35bb19128ed4c15db144de7b45c245
V9-1321,button,Sailune/PeoplePresets.swift,516,33,Button(,待共用,原生 Button；須按動作角色、位置、命中與資料 action 判定共用外殼或具名例外。,"Button(""選擇\(displayedPreset.title)"") {",db97455b03a8debb1bb7c53b765ccb071f35bb19128ed4c15db144de7b45c245
V9-1322,copy,Sailune/PeoplePresets.swift,516,33,"Button(""",待共用,直接 Button／Label／Menu 文案；需與同功能操作名稱及例外對照。,"Button(""選擇\(displayedPreset.title)"") {",db97455b03a8debb1bb7c53b765ccb071f35bb19128ed4c15db144de7b45c245
V9-1323,button_style,Sailune/PeoplePresets.swift,520,33,.buttonStyle(,待共用,原生樣式；需與同語意按鈕比對，不能只按 style 名稱批量替換。,.buttonStyle(.borderedProminent),db97455b03a8debb1bb7c53b765ccb071f35bb19128ed4c15db144de7b45c245
V9-1324,surface,Sailune/PeoplePresets.swift,523,29,.background(,待共用,直接背景或色值；需判定表面用途與既有 token 是否相同。,.background(.bar),db97455b03a8debb1bb7c53b765ccb071f35bb19128ed4c15db144de7b45c245
V9-1325,symbol,Sailune/PeoplePresets.swift,527,52,"systemImage: ""person.3""",待共用,直接 SF Symbol 字串；須依實際操作或資料語意分類。,"ContentUnavailableView(""請選擇族群／種族"", systemImage: ""person.3"")",db97455b03a8debb1bb7c53b765ccb071f35bb19128ed4c15db144de7b45c245
V9-1326,button,Sailune/PeoplePresets.swift,532,13,Button(,待共用,原生 Button；須按動作角色、位置、命中與資料 action 判定共用外殼或具名例外。,Button(SailuneActionCopy.close) { dismiss() },db97455b03a8debb1bb7c53b765ccb071f35bb19128ed4c15db144de7b45c245
V9-1327,copy,Sailune/PeoplePresets.swift,532,20,SailuneActionCopy.close,已共用,使用或定義集中操作文案。,Button(SailuneActionCopy.close) { dismiss() },db97455b03a8debb1bb7c53b765ccb071f35bb19128ed4c15db144de7b45c245
V9-1328,copy,Sailune/PeoplePresets.swift,548,21,"Text(""",合理例外,靜態欄名或領域內容；非可執行操作文案，保留畫面語境。,"Text(""參考脈絡：\(preset.referenceCase)"")",db97455b03a8debb1bb7c53b765ccb071f35bb19128ed4c15db144de7b45c245
V9-1329,copy,Sailune/PeoplePresets.swift,550,21,"Text(""",合理例外,靜態欄名或領域內容；非可執行操作文案，保留畫面語境。,"Text(""參考範圍：\(preset.referencePeriod)"")",db97455b03a8debb1bb7c53b765ccb071f35bb19128ed4c15db144de7b45c245
V9-1330,failure_path,Sailune/PersistentStoreRepair.swift,786,11,catch,待共用,失敗分支或可選錯誤；需核對主要結果、次要錯誤記錄與恢復契約。,} catch {,f59881ee1abd4b3abd7a2b8343c3984bc8b58526b7c4e9d230d697cecac4d579
V9-1331,failure_path,Sailune/PersistentStoreRepair.swift,830,11,catch,待共用,失敗分支或可選錯誤；需核對主要結果、次要錯誤記錄與恢復契約。,} catch {,f59881ee1abd4b3abd7a2b8343c3984bc8b58526b7c4e9d230d697cecac4d579
V9-1332,failure_path,Sailune/PersistentStoreRepair.swift,843,11,catch,待共用,失敗分支或可選錯誤；需核對主要結果、次要錯誤記錄與恢復契約。,} catch {,f59881ee1abd4b3abd7a2b8343c3984bc8b58526b7c4e9d230d697cecac4d579
V9-1333,field,Sailune/PlaceWorldTermViews.swift,31,13,SailuneSearchField(,已共用,引用或定義共用欄位；焦點、組字及內距仍需代表畫面驗收。,"SailuneSearchField(placeholder: ""搜尋地點"", text: $searchText)",0a25cf4b459a12e8f18652c71587311873632d52c60684b2d214339a114af272
V9-1334,button_style,Sailune/PlaceWorldTermViews.swift,46,25,.buttonStyle(,待共用,原生樣式；需與同語意按鈕比對，不能只按 style 名稱批量替換。,.buttonStyle(.plain),0a25cf4b459a12e8f18652c71587311873632d52c60684b2d214339a114af272
V9-1335,button,Sailune/PlaceWorldTermViews.swift,52,25,Button(,待共用,原生 Button；須按動作角色、位置、命中與資料 action 判定共用外殼或具名例外。,"Button(SailuneActionCopy.delete, role: .destructive) { deleteTarget = place }",0a25cf4b459a12e8f18652c71587311873632d52c60684b2d214339a114af272
V9-1336,copy,Sailune/PlaceWorldTermViews.swift,52,32,SailuneActionCopy.delete,已共用,使用或定義集中操作文案。,"Button(SailuneActionCopy.delete, role: .destructive) { deleteTarget = place }",0a25cf4b459a12e8f18652c71587311873632d52c60684b2d214339a114af272
V9-1337,button_style,Sailune/PlaceWorldTermViews.swift,53,29,.buttonStyle(,待共用,原生樣式；需與同語意按鈕比對，不能只按 style 名稱批量替換。,.buttonStyle(.plain),0a25cf4b459a12e8f18652c71587311873632d52c60684b2d214339a114af272
V9-1338,surface,Sailune/PlaceWorldTermViews.swift,59,13,.background(,待共用,直接背景或色值；需判定表面用途與既有 token 是否相同。,.background(Color.workspacePanelBackground),0a25cf4b459a12e8f18652c71587311873632d52c60684b2d214339a114af272
V9-1339,button,Sailune/PlaceWorldTermViews.swift,60,13,Button(,待共用,原生 Button；須按動作角色、位置、命中與資料 action 判定共用外殼或具名例外。,"Button(""新增地點"", systemImage: SailuneSymbol.add.systemName) {",0a25cf4b459a12e8f18652c71587311873632d52c60684b2d214339a114af272
V9-1340,copy,Sailune/PlaceWorldTermViews.swift,60,13,"Button(""",待共用,直接 Button／Label／Menu 文案；需與同功能操作名稱及例外對照。,"Button(""新增地點"", systemImage: SailuneSymbol.add.systemName) {",0a25cf4b459a12e8f18652c71587311873632d52c60684b2d214339a114af272
V9-1341,symbol,Sailune/PlaceWorldTermViews.swift,60,41,SailuneSymbol.add,已共用,使用或定義語意圖標 key；原字形由集中表提供。,"Button(""新增地點"", systemImage: SailuneSymbol.add.systemName) {",0a25cf4b459a12e8f18652c71587311873632d52c60684b2d214339a114af272
V9-1342,dialog,Sailune/PlaceWorldTermViews.swift,65,9,.sheet(,待共用,原生呈現入口；需按確認、錯誤、取消及資料後果分組，僅呈現外殼可共用。,.sheet(item: $editingPlace) { place in,0a25cf4b459a12e8f18652c71587311873632d52c60684b2d214339a114af272
V9-1343,dialog,Sailune/PlaceWorldTermViews.swift,68,9,.confirmationDialog(,待共用,原生呈現入口；需按確認、錯誤、取消及資料後果分組，僅呈現外殼可共用。,".confirmationDialog(""刪除地點？"", isPresented: Binding(",0a25cf4b459a12e8f18652c71587311873632d52c60684b2d214339a114af272
V9-1344,button,Sailune/PlaceWorldTermViews.swift,72,13,Button(,待共用,原生 Button；須按動作角色、位置、命中與資料 action 判定共用外殼或具名例外。,"Button(SailuneActionCopy.delete, role: .destructive) {",0a25cf4b459a12e8f18652c71587311873632d52c60684b2d214339a114af272
V9-1345,copy,Sailune/PlaceWorldTermViews.swift,72,20,SailuneActionCopy.delete,已共用,使用或定義集中操作文案。,"Button(SailuneActionCopy.delete, role: .destructive) {",0a25cf4b459a12e8f18652c71587311873632d52c60684b2d214339a114af272
V9-1346,button,Sailune/PlaceWorldTermViews.swift,76,13,Button(,待共用,原生 Button；須按動作角色、位置、命中與資料 action 判定共用外殼或具名例外。,"Button(SailuneActionCopy.cancel, role: .cancel) { deleteTarget = nil }",0a25cf4b459a12e8f18652c71587311873632d52c60684b2d214339a114af272
V9-1347,copy,Sailune/PlaceWorldTermViews.swift,76,20,SailuneActionCopy.cancel,已共用,使用或定義集中操作文案。,"Button(SailuneActionCopy.cancel, role: .cancel) { deleteTarget = nil }",0a25cf4b459a12e8f18652c71587311873632d52c60684b2d214339a114af272
V9-1348,field,Sailune/PlaceWorldTermViews.swift,114,13,SailuneSearchField(,已共用,引用或定義共用欄位；焦點、組字及內距仍需代表畫面驗收。,"SailuneSearchField(placeholder: ""搜尋世界條目"", text: $searchText)",0a25cf4b459a12e8f18652c71587311873632d52c60684b2d214339a114af272
V9-1349,copy,Sailune/PlaceWorldTermViews.swift,124,21,"Text(""",合理例外,靜態欄名或領域內容；非可執行操作文案，保留畫面語境。,"Text(""全部分類"").tag(String?.none)",0a25cf4b459a12e8f18652c71587311873632d52c60684b2d214339a114af272
V9-1350,button_style,Sailune/PlaceWorldTermViews.swift,144,25,.buttonStyle(,待共用,原生樣式；需與同語意按鈕比對，不能只按 style 名稱批量替換。,.buttonStyle(.plain),0a25cf4b459a12e8f18652c71587311873632d52c60684b2d214339a114af272
V9-1351,button,Sailune/PlaceWorldTermViews.swift,150,25,Button(,待共用,原生 Button；須按動作角色、位置、命中與資料 action 判定共用外殼或具名例外。,"Button(SailuneActionCopy.delete, role: .destructive) { deleteTarget = term }",0a25cf4b459a12e8f18652c71587311873632d52c60684b2d214339a114af272
V9-1352,copy,Sailune/PlaceWorldTermViews.swift,150,32,SailuneActionCopy.delete,已共用,使用或定義集中操作文案。,"Button(SailuneActionCopy.delete, role: .destructive) { deleteTarget = term }",0a25cf4b459a12e8f18652c71587311873632d52c60684b2d214339a114af272
V9-1353,button_style,Sailune/PlaceWorldTermViews.swift,151,29,.buttonStyle(,待共用,原生樣式；需與同語意按鈕比對，不能只按 style 名稱批量替換。,.buttonStyle(.plain),0a25cf4b459a12e8f18652c71587311873632d52c60684b2d214339a114af272
V9-1354,surface,Sailune/PlaceWorldTermViews.swift,157,13,.background(,待共用,直接背景或色值；需判定表面用途與既有 token 是否相同。,.background(Color.workspacePanelBackground),0a25cf4b459a12e8f18652c71587311873632d52c60684b2d214339a114af272
V9-1355,copy,Sailune/PlaceWorldTermViews.swift,162,24,"Label(""",待共用,直接 Button／Label／Menu 文案；需與同功能操作名稱及例外對照。,"} label: { Label(""新增條目"", systemImage: SailuneSymbol.add.systemName) }",0a25cf4b459a12e8f18652c71587311873632d52c60684b2d214339a114af272
V9-1356,symbol,Sailune/PlaceWorldTermViews.swift,162,51,SailuneSymbol.add,已共用,使用或定義語意圖標 key；原字形由集中表提供。,"} label: { Label(""新增條目"", systemImage: SailuneSymbol.add.systemName) }",0a25cf4b459a12e8f18652c71587311873632d52c60684b2d214339a114af272
V9-1357,dialog,Sailune/PlaceWorldTermViews.swift,165,9,.sheet(,待共用,原生呈現入口；需按確認、錯誤、取消及資料後果分組，僅呈現外殼可共用。,".sheet(item: $editingTerm, onDismiss: { newlyCreatedTermID = nil }) { term in",0a25cf4b459a12e8f18652c71587311873632d52c60684b2d214339a114af272
V9-1358,dialog,Sailune/PlaceWorldTermViews.swift,172,9,.confirmationDialog(,待共用,原生呈現入口；需按確認、錯誤、取消及資料後果分組，僅呈現外殼可共用。,".confirmationDialog(""刪除世界條目？"", isPresented: Binding(",0a25cf4b459a12e8f18652c71587311873632d52c60684b2d214339a114af272
V9-1359,button,Sailune/PlaceWorldTermViews.swift,176,13,Button(,待共用,原生 Button；須按動作角色、位置、命中與資料 action 判定共用外殼或具名例外。,"Button(SailuneActionCopy.delete, role: .destructive) {",0a25cf4b459a12e8f18652c71587311873632d52c60684b2d214339a114af272
V9-1360,copy,Sailune/PlaceWorldTermViews.swift,176,20,SailuneActionCopy.delete,已共用,使用或定義集中操作文案。,"Button(SailuneActionCopy.delete, role: .destructive) {",0a25cf4b459a12e8f18652c71587311873632d52c60684b2d214339a114af272
V9-1361,button,Sailune/PlaceWorldTermViews.swift,180,13,Button(,待共用,原生 Button；須按動作角色、位置、命中與資料 action 判定共用外殼或具名例外。,"Button(SailuneActionCopy.cancel, role: .cancel) { deleteTarget = nil }",0a25cf4b459a12e8f18652c71587311873632d52c60684b2d214339a114af272
V9-1362,copy,Sailune/PlaceWorldTermViews.swift,180,20,SailuneActionCopy.cancel,已共用,使用或定義集中操作文案。,"Button(SailuneActionCopy.cancel, role: .cancel) { deleteTarget = nil }",0a25cf4b459a12e8f18652c71587311873632d52c60684b2d214339a114af272
V9-1363,button,Sailune/PlaceWorldTermViews.swift,197,21,Button(,待共用,原生 Button；須按動作角色、位置、命中與資料 action 判定共用外殼或具名例外。,"Button(action: onBack) { Label(""返回地點"", systemImage: SailuneSymbol.back.systemName) }",0a25cf4b459a12e8f18652c71587311873632d52c60684b2d214339a114af272
V9-1364,copy,Sailune/PlaceWorldTermViews.swift,197,46,"Label(""",待共用,直接 Button／Label／Menu 文案；需與同功能操作名稱及例外對照。,"Button(action: onBack) { Label(""返回地點"", systemImage: SailuneSymbol.back.systemName) }",0a25cf4b459a12e8f18652c71587311873632d52c60684b2d214339a114af272
V9-1365,symbol,Sailune/PlaceWorldTermViews.swift,197,73,SailuneSymbol.back,已共用,使用或定義語意圖標 key；原字形由集中表提供。,"Button(action: onBack) { Label(""返回地點"", systemImage: SailuneSymbol.back.systemName) }",0a25cf4b459a12e8f18652c71587311873632d52c60684b2d214339a114af272
V9-1366,button_style,Sailune/PlaceWorldTermViews.swift,198,25,.buttonStyle(,待共用,原生樣式；需與同語意按鈕比對，不能只按 style 名稱批量替換。,.buttonStyle(.plain),0a25cf4b459a12e8f18652c71587311873632d52c60684b2d214339a114af272
V9-1367,copy,Sailune/PlaceWorldTermViews.swift,200,21,"Text(""",合理例外,靜態欄名或領域內容；非可執行操作文案，保留畫面語境。,"Text(""編輯地點"").font(.headline)",0a25cf4b459a12e8f18652c71587311873632d52c60684b2d214339a114af272
V9-1368,button,Sailune/PlaceWorldTermViews.swift,203,17,Button(,待共用,原生 Button；須按動作角色、位置、命中與資料 action 判定共用外殼或具名例外。,"Button(SailuneActionCopy.delete, role: .destructive) { showingDeleteConfirmation = true }",0a25cf4b459a12e8f18652c71587311873632d52c60684b2d214339a114af272
V9-1369,copy,Sailune/PlaceWorldTermViews.swift,203,24,SailuneActionCopy.delete,已共用,使用或定義集中操作文案。,"Button(SailuneActionCopy.delete, role: .destructive) { showingDeleteConfirmation = true }",0a25cf4b459a12e8f18652c71587311873632d52c60684b2d214339a114af272
V9-1370,button,Sailune/PlaceWorldTermViews.swift,204,17,Button(,待共用,原生 Button；須按動作角色、位置、命中與資料 action 判定共用外殼或具名例外。,"Button(SailuneActionCopy.done, action: finish)",0a25cf4b459a12e8f18652c71587311873632d52c60684b2d214339a114af272
V9-1371,copy,Sailune/PlaceWorldTermViews.swift,204,24,SailuneActionCopy.done,已共用,使用或定義集中操作文案。,"Button(SailuneActionCopy.done, action: finish)",0a25cf4b459a12e8f18652c71587311873632d52c60684b2d214339a114af272
V9-1372,field,Sailune/PlaceWorldTermViews.swift,209,21,SailuneFormTextField(,已共用,引用或定義共用欄位；焦點、組字及內距仍需代表畫面驗收。,"SailuneFormTextField(title: ""地點名稱"", text: $place.name)",0a25cf4b459a12e8f18652c71587311873632d52c60684b2d214339a114af272
V9-1373,field,Sailune/PlaceWorldTermViews.swift,210,21,SailuneFormTextField(,已共用,引用或定義共用欄位；焦點、組字及內距仍需代表畫面驗收。,"SailuneFormTextField(title: ""其他名稱（舊名、俗稱或不同語言名稱）"", text: textBinding(\.alternateNames))",0a25cf4b459a12e8f18652c71587311873632d52c60684b2d214339a114af272
V9-1374,field,Sailune/PlaceWorldTermViews.swift,211,21,SailuneFormTextField(,已共用,引用或定義共用欄位；焦點、組字及內距仍需代表畫面驗收。,"SailuneFormTextField(title: ""地點類型（例如城市、建築、自然地景）"", text: textBinding(\.placeType))",0a25cf4b459a12e8f18652c71587311873632d52c60684b2d214339a114af272
V9-1375,dialog,Sailune/PlaceWorldTermViews.swift,221,9,.confirmationDialog(,待共用,原生呈現入口；需按確認、錯誤、取消及資料後果分組，僅呈現外殼可共用。,".confirmationDialog(""確定要刪除這個地點嗎？"", isPresented: $showingDeleteConfirmation, titleVisibility: .visible) {",0a25cf4b459a12e8f18652c71587311873632d52c60684b2d214339a114af272
V9-1376,button,Sailune/PlaceWorldTermViews.swift,222,13,Button(,待共用,原生 Button；須按動作角色、位置、命中與資料 action 判定共用外殼或具名例外。,"Button(""刪除地點"", role: .destructive) {",0a25cf4b459a12e8f18652c71587311873632d52c60684b2d214339a114af272
V9-1377,copy,Sailune/PlaceWorldTermViews.swift,222,13,"Button(""",待共用,直接 Button／Label／Menu 文案；需與同功能操作名稱及例外對照。,"Button(""刪除地點"", role: .destructive) {",0a25cf4b459a12e8f18652c71587311873632d52c60684b2d214339a114af272
V9-1378,button,Sailune/PlaceWorldTermViews.swift,226,13,Button(,待共用,原生 Button；須按動作角色、位置、命中與資料 action 判定共用外殼或具名例外。,"Button(SailuneActionCopy.cancel, role: .cancel) {}",0a25cf4b459a12e8f18652c71587311873632d52c60684b2d214339a114af272
V9-1379,copy,Sailune/PlaceWorldTermViews.swift,226,20,SailuneActionCopy.cancel,已共用,使用或定義集中操作文案。,"Button(SailuneActionCopy.cancel, role: .cancel) {}",0a25cf4b459a12e8f18652c71587311873632d52c60684b2d214339a114af272
V9-1380,editor,Sailune/PlaceWorldTermViews.swift,235,13,SailuneBorderedTextEditor(,已共用,引用或定義共用多行編輯器；V9.1am 首行安全距仍待 U 核定。,"SailuneBorderedTextEditor(text: text, minHeight: minHeight)",0a25cf4b459a12e8f18652c71587311873632d52c60684b2d214339a114af272
V9-1381,button,Sailune/PlaceWorldTermViews.swift,278,21,Button(,待共用,原生 Button；須按動作角色、位置、命中與資料 action 判定共用外殼或具名例外。,"Button(action: onBack) { Label(""返回條目"", systemImage: SailuneSymbol.back.systemName) }",0a25cf4b459a12e8f18652c71587311873632d52c60684b2d214339a114af272
V9-1382,copy,Sailune/PlaceWorldTermViews.swift,278,46,"Label(""",待共用,直接 Button／Label／Menu 文案；需與同功能操作名稱及例外對照。,"Button(action: onBack) { Label(""返回條目"", systemImage: SailuneSymbol.back.systemName) }",0a25cf4b459a12e8f18652c71587311873632d52c60684b2d214339a114af272
V9-1383,symbol,Sailune/PlaceWorldTermViews.swift,278,73,SailuneSymbol.back,已共用,使用或定義語意圖標 key；原字形由集中表提供。,"Button(action: onBack) { Label(""返回條目"", systemImage: SailuneSymbol.back.systemName) }",0a25cf4b459a12e8f18652c71587311873632d52c60684b2d214339a114af272
V9-1384,button_style,Sailune/PlaceWorldTermViews.swift,279,25,.buttonStyle(,待共用,原生樣式；需與同語意按鈕比對，不能只按 style 名稱批量替換。,.buttonStyle(.plain),0a25cf4b459a12e8f18652c71587311873632d52c60684b2d214339a114af272
V9-1385,copy,Sailune/PlaceWorldTermViews.swift,281,21,"Text(""",合理例外,靜態欄名或領域內容；非可執行操作文案，保留畫面語境。,"Text(""編輯世界條目"").font(.headline)",0a25cf4b459a12e8f18652c71587311873632d52c60684b2d214339a114af272
V9-1386,button,Sailune/PlaceWorldTermViews.swift,284,17,Button(,待共用,原生 Button；須按動作角色、位置、命中與資料 action 判定共用外殼或具名例外。,"Button(SailuneActionCopy.delete, role: .destructive) { showingDeleteConfirmation = true }",0a25cf4b459a12e8f18652c71587311873632d52c60684b2d214339a114af272
V9-1387,copy,Sailune/PlaceWorldTermViews.swift,284,24,SailuneActionCopy.delete,已共用,使用或定義集中操作文案。,"Button(SailuneActionCopy.delete, role: .destructive) { showingDeleteConfirmation = true }",0a25cf4b459a12e8f18652c71587311873632d52c60684b2d214339a114af272
V9-1388,button,Sailune/PlaceWorldTermViews.swift,285,17,Button(,待共用,原生 Button；須按動作角色、位置、命中與資料 action 判定共用外殼或具名例外。,Button(SailuneActionCopy.done) {,0a25cf4b459a12e8f18652c71587311873632d52c60684b2d214339a114af272
V9-1389,copy,Sailune/PlaceWorldTermViews.swift,285,24,SailuneActionCopy.done,已共用,使用或定義集中操作文案。,Button(SailuneActionCopy.done) {,0a25cf4b459a12e8f18652c71587311873632d52c60684b2d214339a114af272
V9-1390,field,Sailune/PlaceWorldTermViews.swift,307,21,TextField(,待共用,原生欄位；需檢查數值、焦點、提交與多行等專用契約。,"TextField(""條目名稱"", text: $term.name)",0a25cf4b459a12e8f18652c71587311873632d52c60684b2d214339a114af272
V9-1391,field,Sailune/PlaceWorldTermViews.swift,310,21,SailuneFormTextField(,已共用,引用或定義共用欄位；焦點、組字及內距仍需代表畫面驗收。,"SailuneFormTextField(title: ""其他名稱（別稱、舊稱、縮寫或翻譯）"", text: textBinding(\.alternateNames))",0a25cf4b459a12e8f18652c71587311873632d52c60684b2d214339a114af272
V9-1392,copy,Sailune/PlaceWorldTermViews.swift,312,25,"Text(""",合理例外,靜態欄名或領域內容；非可執行操作文案，保留畫面語境。,"Text(""未分類"").tag(String?.none)",0a25cf4b459a12e8f18652c71587311873632d52c60684b2d214339a114af272
V9-1393,copy,Sailune/PlaceWorldTermViews.swift,319,29,"Text(""",合理例外,靜態欄名或領域內容；非可執行操作文案，保留畫面語境。,"Text(""既有分類：\(legacyCategory)"")",0a25cf4b459a12e8f18652c71587311873632d52c60684b2d214339a114af272
V9-1394,button,Sailune/PlaceWorldTermViews.swift,324,25,Button(,待共用,原生 Button；須按動作角色、位置、命中與資料 action 判定共用外殼或具名例外。,"Button(""選擇並套用政體"", systemImage: ""building.columns"") {",0a25cf4b459a12e8f18652c71587311873632d52c60684b2d214339a114af272
V9-1395,copy,Sailune/PlaceWorldTermViews.swift,324,25,"Button(""",待共用,直接 Button／Label／Menu 文案；需與同功能操作名稱及例外對照。,"Button(""選擇並套用政體"", systemImage: ""building.columns"") {",0a25cf4b459a12e8f18652c71587311873632d52c60684b2d214339a114af272
V9-1396,symbol,Sailune/PlaceWorldTermViews.swift,324,43,"systemImage: ""building.columns""",待共用,直接 SF Symbol 字串；須依實際操作或資料語意分類。,"Button(""選擇並套用政體"", systemImage: ""building.columns"") {",0a25cf4b459a12e8f18652c71587311873632d52c60684b2d214339a114af272
V9-1397,button_style,Sailune/PlaceWorldTermViews.swift,327,25,.buttonStyle(,待共用,原生樣式；需與同語意按鈕比對，不能只按 style 名稱批量替換。,.buttonStyle(.borderedProminent),0a25cf4b459a12e8f18652c71587311873632d52c60684b2d214339a114af272
V9-1398,button,Sailune/PlaceWorldTermViews.swift,330,25,Button(,待共用,原生 Button；須按動作角色、位置、命中與資料 action 判定共用外殼或具名例外。,"Button(""選擇並套用信仰"", systemImage: ""hands.sparkles"") {",0a25cf4b459a12e8f18652c71587311873632d52c60684b2d214339a114af272
V9-1399,copy,Sailune/PlaceWorldTermViews.swift,330,25,"Button(""",待共用,直接 Button／Label／Menu 文案；需與同功能操作名稱及例外對照。,"Button(""選擇並套用信仰"", systemImage: ""hands.sparkles"") {",0a25cf4b459a12e8f18652c71587311873632d52c60684b2d214339a114af272
V9-1400,symbol,Sailune/PlaceWorldTermViews.swift,330,43,"systemImage: ""hands.sparkles""",待共用,直接 SF Symbol 字串；須依實際操作或資料語意分類。,"Button(""選擇並套用信仰"", systemImage: ""hands.sparkles"") {",0a25cf4b459a12e8f18652c71587311873632d52c60684b2d214339a114af272
V9-1401,button_style,Sailune/PlaceWorldTermViews.swift,333,25,.buttonStyle(,待共用,原生樣式；需與同語意按鈕比對，不能只按 style 名稱批量替換。,.buttonStyle(.borderedProminent),0a25cf4b459a12e8f18652c71587311873632d52c60684b2d214339a114af272
V9-1402,button,Sailune/PlaceWorldTermViews.swift,336,25,Button(,待共用,原生 Button；須按動作角色、位置、命中與資料 action 判定共用外殼或具名例外。,"Button(""選擇並套用技術階段"", systemImage: ""gearshape.2"") {",0a25cf4b459a12e8f18652c71587311873632d52c60684b2d214339a114af272
V9-1403,copy,Sailune/PlaceWorldTermViews.swift,336,25,"Button(""",待共用,直接 Button／Label／Menu 文案；需與同功能操作名稱及例外對照。,"Button(""選擇並套用技術階段"", systemImage: ""gearshape.2"") {",0a25cf4b459a12e8f18652c71587311873632d52c60684b2d214339a114af272
V9-1404,symbol,Sailune/PlaceWorldTermViews.swift,336,45,"systemImage: ""gearshape.2""",待共用,直接 SF Symbol 字串；須依實際操作或資料語意分類。,"Button(""選擇並套用技術階段"", systemImage: ""gearshape.2"") {",0a25cf4b459a12e8f18652c71587311873632d52c60684b2d214339a114af272
V9-1405,button_style,Sailune/PlaceWorldTermViews.swift,339,25,.buttonStyle(,待共用,原生樣式；需與同語意按鈕比對，不能只按 style 名稱批量替換。,.buttonStyle(.borderedProminent),0a25cf4b459a12e8f18652c71587311873632d52c60684b2d214339a114af272
V9-1406,button,Sailune/PlaceWorldTermViews.swift,342,25,Button(,待共用,原生 Button；須按動作角色、位置、命中與資料 action 判定共用外殼或具名例外。,"Button(""選擇並套用資源"", systemImage: SailuneSymbol.resource.systemName) {",0a25cf4b459a12e8f18652c71587311873632d52c60684b2d214339a114af272
V9-1407,copy,Sailune/PlaceWorldTermViews.swift,342,25,"Button(""",待共用,直接 Button／Label／Menu 文案；需與同功能操作名稱及例外對照。,"Button(""選擇並套用資源"", systemImage: SailuneSymbol.resource.systemName) {",0a25cf4b459a12e8f18652c71587311873632d52c60684b2d214339a114af272
V9-1408,symbol,Sailune/PlaceWorldTermViews.swift,342,56,SailuneSymbol.resource,已共用,使用或定義語意圖標 key；原字形由集中表提供。,"Button(""選擇並套用資源"", systemImage: SailuneSymbol.resource.systemName) {",0a25cf4b459a12e8f18652c71587311873632d52c60684b2d214339a114af272
V9-1409,button_style,Sailune/PlaceWorldTermViews.swift,345,25,.buttonStyle(,待共用,原生樣式；需與同語意按鈕比對，不能只按 style 名稱批量替換。,.buttonStyle(.borderedProminent),0a25cf4b459a12e8f18652c71587311873632d52c60684b2d214339a114af272
V9-1410,button,Sailune/PlaceWorldTermViews.swift,348,25,Button(,待共用,原生 Button；須按動作角色、位置、命中與資料 action 判定共用外殼或具名例外。,"Button(""選擇並套用族群／種族"", systemImage: ""person.3"") {",0a25cf4b459a12e8f18652c71587311873632d52c60684b2d214339a114af272
V9-1411,copy,Sailune/PlaceWorldTermViews.swift,348,25,"Button(""",待共用,直接 Button／Label／Menu 文案；需與同功能操作名稱及例外對照。,"Button(""選擇並套用族群／種族"", systemImage: ""person.3"") {",0a25cf4b459a12e8f18652c71587311873632d52c60684b2d214339a114af272
V9-1412,symbol,Sailune/PlaceWorldTermViews.swift,348,46,"systemImage: ""person.3""",待共用,直接 SF Symbol 字串；須依實際操作或資料語意分類。,"Button(""選擇並套用族群／種族"", systemImage: ""person.3"") {",0a25cf4b459a12e8f18652c71587311873632d52c60684b2d214339a114af272
V9-1413,button_style,Sailune/PlaceWorldTermViews.swift,351,25,.buttonStyle(,待共用,原生樣式；需與同語意按鈕比對，不能只按 style 名稱批量替換。,.buttonStyle(.borderedProminent),0a25cf4b459a12e8f18652c71587311873632d52c60684b2d214339a114af272
V9-1414,copy,Sailune/PlaceWorldTermViews.swift,356,25,"Text(""",合理例外,靜態欄名或領域內容；非可執行操作文案，保留畫面語境。,"Text(""這是舊版自由文字分類；選擇上方分類後即可改用有限分類。"")",0a25cf4b459a12e8f18652c71587311873632d52c60684b2d214339a114af272
V9-1415,dialog,Sailune/PlaceWorldTermViews.swift,379,9,.alert(,待共用,原生呈現入口；需按確認、錯誤、取消及資料後果分組，僅呈現外殼可共用。,.alert(,0a25cf4b459a12e8f18652c71587311873632d52c60684b2d214339a114af272
V9-1416,button,Sailune/PlaceWorldTermViews.swift,386,13,Button(,待共用,原生 Button；須按動作角色、位置、命中與資料 action 判定共用外殼或具名例外。,Button(SailuneActionCopy.acknowledge) { saveErrorMessage = nil },0a25cf4b459a12e8f18652c71587311873632d52c60684b2d214339a114af272
V9-1417,copy,Sailune/PlaceWorldTermViews.swift,386,20,SailuneActionCopy.acknowledge,已共用,使用或定義集中操作文案。,Button(SailuneActionCopy.acknowledge) { saveErrorMessage = nil },0a25cf4b459a12e8f18652c71587311873632d52c60684b2d214339a114af272
V9-1418,dialog,Sailune/PlaceWorldTermViews.swift,435,9,.confirmationDialog(,待共用,原生呈現入口；需按確認、錯誤、取消及資料後果分組，僅呈現外殼可共用。,".confirmationDialog(""確定要刪除這個世界條目嗎？"", isPresented: $showingDeleteConfirmation, titleVisibility: .visible) {",0a25cf4b459a12e8f18652c71587311873632d52c60684b2d214339a114af272
V9-1419,button,Sailune/PlaceWorldTermViews.swift,436,13,Button(,待共用,原生 Button；須按動作角色、位置、命中與資料 action 判定共用外殼或具名例外。,"Button(""刪除世界條目"", role: .destructive) {",0a25cf4b459a12e8f18652c71587311873632d52c60684b2d214339a114af272
V9-1420,copy,Sailune/PlaceWorldTermViews.swift,436,13,"Button(""",待共用,直接 Button／Label／Menu 文案；需與同功能操作名稱及例外對照。,"Button(""刪除世界條目"", role: .destructive) {",0a25cf4b459a12e8f18652c71587311873632d52c60684b2d214339a114af272
V9-1421,button,Sailune/PlaceWorldTermViews.swift,440,13,Button(,待共用,原生 Button；須按動作角色、位置、命中與資料 action 判定共用外殼或具名例外。,"Button(SailuneActionCopy.cancel, role: .cancel) {}",0a25cf4b459a12e8f18652c71587311873632d52c60684b2d214339a114af272
V9-1422,copy,Sailune/PlaceWorldTermViews.swift,440,20,SailuneActionCopy.cancel,已共用,使用或定義集中操作文案。,"Button(SailuneActionCopy.cancel, role: .cancel) {}",0a25cf4b459a12e8f18652c71587311873632d52c60684b2d214339a114af272
V9-1423,editor,Sailune/PlaceWorldTermViews.swift,449,13,SailuneBorderedTextEditor(,已共用,引用或定義共用多行編輯器；V9.1am 首行安全距仍待 U 核定。,"SailuneBorderedTextEditor(text: text, minHeight: minHeight)",0a25cf4b459a12e8f18652c71587311873632d52c60684b2d214339a114af272
V9-1424,failure_path,Sailune/PlanningRecordProjection.swift,193,11,catch,待共用,失敗分支或可選錯誤；需核對主要結果、次要錯誤記錄與恢復契約。,} catch {,3fcd4ab8903768e44ab3babff15f6a6e90d95f3362aa314afa3b5c938974e9c8
V9-1425,failure_path,Sailune/PowerHierarchyStore.swift,84,11,catch,待共用,失敗分支或可選錯誤；需核對主要結果、次要錯誤記錄與恢復契約。,} catch {,7185ceb5da831c4d1294419f5fc459dc69298910550635699fa1df2ed85bef9f
V9-1426,failure_path,Sailune/PowerHierarchyStore.swift,131,11,catch,待共用,失敗分支或可選錯誤；需核對主要結果、次要錯誤記錄與恢復契約。,} catch {,7185ceb5da831c4d1294419f5fc459dc69298910550635699fa1df2ed85bef9f
V9-1427,failure_path,Sailune/PowerHierarchyStore.swift,162,11,catch,待共用,失敗分支或可選錯誤；需核對主要結果、次要錯誤記錄與恢復契約。,} catch {,7185ceb5da831c4d1294419f5fc459dc69298910550635699fa1df2ed85bef9f
V9-1428,field,Sailune/PowerSettingViews.swift,35,13,SailuneSearchField(,已共用,引用或定義共用欄位；焦點、組字及內距仍需代表畫面驗收。,"SailuneSearchField(placeholder: ""搜尋勢力"", text: $searchText)",2ed25ab6ef5b7d1eace8025cae8f8abf6743d16b6ba63a4db4fd90abdb40d592
V9-1429,copy,Sailune/PowerSettingViews.swift,44,58,"Label(""",待共用,直接 Button／Label／Menu 文案；需與同功能操作名稱及例外對照。,"Button { showingLevels = true } label: { Label(""管理層級"", systemImage: SailuneSymbol.powerLevel.systemName) }",2ed25ab6ef5b7d1eace8025cae8f8abf6743d16b6ba63a4db4fd90abdb40d592
V9-1430,symbol,Sailune/PowerSettingViews.swift,44,85,SailuneSymbol.powerLevel,已共用,使用或定義語意圖標 key；原字形由集中表提供。,"Button { showingLevels = true } label: { Label(""管理層級"", systemImage: SailuneSymbol.powerLevel.systemName) }",2ed25ab6ef5b7d1eace8025cae8f8abf6743d16b6ba63a4db4fd90abdb40d592
V9-1431,button_style,Sailune/PowerSettingViews.swift,45,21,.buttonStyle(,待共用,原生樣式；需與同語意按鈕比對，不能只按 style 名稱批量替換。,.buttonStyle(.borderless),2ed25ab6ef5b7d1eace8025cae8f8abf6743d16b6ba63a4db4fd90abdb40d592
V9-1432,button_style,Sailune/PowerSettingViews.swift,64,25,.buttonStyle(,待共用,原生樣式；需與同語意按鈕比對，不能只按 style 名稱批量替換。,.buttonStyle(.plain),2ed25ab6ef5b7d1eace8025cae8f8abf6743d16b6ba63a4db4fd90abdb40d592
V9-1433,button,Sailune/PowerSettingViews.swift,65,25,Button(,待共用,原生 Button；須按動作角色、位置、命中與資料 action 判定共用外殼或具名例外。,"Button(SailuneActionCopy.delete, role: .destructive) { deleteTarget = power }",2ed25ab6ef5b7d1eace8025cae8f8abf6743d16b6ba63a4db4fd90abdb40d592
V9-1434,copy,Sailune/PowerSettingViews.swift,65,32,SailuneActionCopy.delete,已共用,使用或定義集中操作文案。,"Button(SailuneActionCopy.delete, role: .destructive) { deleteTarget = power }",2ed25ab6ef5b7d1eace8025cae8f8abf6743d16b6ba63a4db4fd90abdb40d592
V9-1435,button_style,Sailune/PowerSettingViews.swift,66,29,.buttonStyle(,待共用,原生樣式；需與同語意按鈕比對，不能只按 style 名稱批量替換。,.buttonStyle(.plain),2ed25ab6ef5b7d1eace8025cae8f8abf6743d16b6ba63a4db4fd90abdb40d592
V9-1436,surface,Sailune/PowerSettingViews.swift,72,13,.background(,待共用,直接背景或色值；需判定表面用途與既有 token 是否相同。,.background(Color.workspacePanelBackground),2ed25ab6ef5b7d1eace8025cae8f8abf6743d16b6ba63a4db4fd90abdb40d592
V9-1437,copy,Sailune/PowerSettingViews.swift,73,50,SailuneActionCopy.add,已共用,使用或定義集中操作文案。,"Button { addPower() } label: { Label(SailuneActionCopy.add, systemImage: SailuneSymbol.add.systemName) }",2ed25ab6ef5b7d1eace8025cae8f8abf6743d16b6ba63a4db4fd90abdb40d592
V9-1438,symbol,Sailune/PowerSettingViews.swift,73,86,SailuneSymbol.add,已共用,使用或定義語意圖標 key；原字形由集中表提供。,"Button { addPower() } label: { Label(SailuneActionCopy.add, systemImage: SailuneSymbol.add.systemName) }",2ed25ab6ef5b7d1eace8025cae8f8abf6743d16b6ba63a4db4fd90abdb40d592
V9-1439,button_style,Sailune/PowerSettingViews.swift,74,17,.buttonStyle(,待共用,原生樣式；需與同語意按鈕比對，不能只按 style 名稱批量替換。,.buttonStyle(.borderless),2ed25ab6ef5b7d1eace8025cae8f8abf6743d16b6ba63a4db4fd90abdb40d592
V9-1440,dialog,Sailune/PowerSettingViews.swift,77,9,.confirmationDialog(,待共用,原生呈現入口；需按確認、錯誤、取消及資料後果分組，僅呈現外殼可共用。,".confirmationDialog(""刪除勢力？"", isPresented: Binding(",2ed25ab6ef5b7d1eace8025cae8f8abf6743d16b6ba63a4db4fd90abdb40d592
V9-1441,button,Sailune/PowerSettingViews.swift,81,13,Button(,待共用,原生 Button；須按動作角色、位置、命中與資料 action 判定共用外殼或具名例外。,"Button(SailuneActionCopy.delete, role: .destructive) {",2ed25ab6ef5b7d1eace8025cae8f8abf6743d16b6ba63a4db4fd90abdb40d592
V9-1442,copy,Sailune/PowerSettingViews.swift,81,20,SailuneActionCopy.delete,已共用,使用或定義集中操作文案。,"Button(SailuneActionCopy.delete, role: .destructive) {",2ed25ab6ef5b7d1eace8025cae8f8abf6743d16b6ba63a4db4fd90abdb40d592
V9-1443,button,Sailune/PowerSettingViews.swift,85,13,Button(,待共用,原生 Button；須按動作角色、位置、命中與資料 action 判定共用外殼或具名例外。,"Button(SailuneActionCopy.cancel, role: .cancel) { deleteTarget = nil }",2ed25ab6ef5b7d1eace8025cae8f8abf6743d16b6ba63a4db4fd90abdb40d592
V9-1444,copy,Sailune/PowerSettingViews.swift,85,20,SailuneActionCopy.cancel,已共用,使用或定義集中操作文案。,"Button(SailuneActionCopy.cancel, role: .cancel) { deleteTarget = nil }",2ed25ab6ef5b7d1eace8025cae8f8abf6743d16b6ba63a4db4fd90abdb40d592
V9-1445,dialog,Sailune/PowerSettingViews.swift,87,9,.sheet(,待共用,原生呈現入口；需按確認、錯誤、取消及資料後果分組，僅呈現外殼可共用。,.sheet(isPresented: $showingLevels) {,2ed25ab6ef5b7d1eace8025cae8f8abf6743d16b6ba63a4db4fd90abdb40d592
V9-1446,copy,Sailune/PowerSettingViews.swift,113,21,"Text(""",合理例外,靜態欄名或領域內容；非可執行操作文案，保留畫面語境。,"Text(""管理勢力層級"").font(.headline)",2ed25ab6ef5b7d1eace8025cae8f8abf6743d16b6ba63a4db4fd90abdb40d592
V9-1447,copy,Sailune/PowerSettingViews.swift,114,21,"Text(""",合理例外,靜態欄名或領域內容；非可執行操作文案，保留畫面語境。,"Text(""由高至低排列；勢力可跨級直屬。"")",2ed25ab6ef5b7d1eace8025cae8f8abf6743d16b6ba63a4db4fd90abdb40d592
V9-1448,button,Sailune/PowerSettingViews.swift,119,17,Button(,待共用,原生 Button；須按動作角色、位置、命中與資料 action 判定共用外殼或具名例外。,"Button(""新增層級"", systemImage: SailuneSymbol.add.systemName, action: addLevel)",2ed25ab6ef5b7d1eace8025cae8f8abf6743d16b6ba63a4db4fd90abdb40d592
V9-1449,copy,Sailune/PowerSettingViews.swift,119,17,"Button(""",待共用,直接 Button／Label／Menu 文案；需與同功能操作名稱及例外對照。,"Button(""新增層級"", systemImage: SailuneSymbol.add.systemName, action: addLevel)",2ed25ab6ef5b7d1eace8025cae8f8abf6743d16b6ba63a4db4fd90abdb40d592
V9-1450,symbol,Sailune/PowerSettingViews.swift,119,45,SailuneSymbol.add,已共用,使用或定義語意圖標 key；原字形由集中表提供。,"Button(""新增層級"", systemImage: SailuneSymbol.add.systemName, action: addLevel)",2ed25ab6ef5b7d1eace8025cae8f8abf6743d16b6ba63a4db4fd90abdb40d592
V9-1451,button,Sailune/PowerSettingViews.swift,120,17,Button(,待共用,原生 Button；須按動作角色、位置、命中與資料 action 判定共用外殼或具名例外。,Button(SailuneActionCopy.done) { dismiss() },2ed25ab6ef5b7d1eace8025cae8f8abf6743d16b6ba63a4db4fd90abdb40d592
V9-1452,copy,Sailune/PowerSettingViews.swift,120,24,SailuneActionCopy.done,已共用,使用或定義集中操作文案。,Button(SailuneActionCopy.done) { dismiss() },2ed25ab6ef5b7d1eace8025cae8f8abf6743d16b6ba63a4db4fd90abdb40d592
V9-1453,symbol,Sailune/PowerSettingViews.swift,126,34,SailuneSymbol.powerLevel,已共用,使用或定義語意圖標 key；原字形由集中表提供。,"systemImage: SailuneSymbol.powerLevel.systemName,",2ed25ab6ef5b7d1eace8025cae8f8abf6743d16b6ba63a4db4fd90abdb40d592
V9-1454,copy,Sailune/PowerSettingViews.swift,127,34,"Text(""",合理例外,靜態欄名或領域內容；非可執行操作文案，保留畫面語境。,"description: Text(""先新增一個具名層級，再為勢力指定層級。"")",2ed25ab6ef5b7d1eace8025cae8f8abf6743d16b6ba63a4db4fd90abdb40d592
V9-1455,copy,Sailune/PowerSettingViews.swift,133,29,"Text(""",合理例外,靜態欄名或領域內容；非可執行操作文案，保留畫面語境。,"Text(""\(index + 1)"")",2ed25ab6ef5b7d1eace8025cae8f8abf6743d16b6ba63a4db4fd90abdb40d592
V9-1456,field,Sailune/PowerSettingViews.swift,137,29,TextField(,待共用,原生欄位；需檢查數值、焦點、提交與多行等專用契約。,"TextField(""層級名稱"", text: nameBinding(for: level))",2ed25ab6ef5b7d1eace8025cae8f8abf6743d16b6ba63a4db4fd90abdb40d592
V9-1457,button,Sailune/PowerSettingViews.swift,139,29,Button(,待共用,原生 Button；須按動作角色、位置、命中與資料 action 判定共用外殼或具名例外。,Button(SailuneActionCopy.save) { rename(level) },2ed25ab6ef5b7d1eace8025cae8f8abf6743d16b6ba63a4db4fd90abdb40d592
V9-1458,copy,Sailune/PowerSettingViews.swift,139,36,SailuneActionCopy.save,已共用,使用或定義集中操作文案。,Button(SailuneActionCopy.save) { rename(level) },2ed25ab6ef5b7d1eace8025cae8f8abf6743d16b6ba63a4db4fd90abdb40d592
V9-1459,symbol,Sailune/PowerSettingViews.swift,141,79,"systemName: ""chevron.up""",待共用,直接 SF Symbol 字串；須依實際操作或資料語意分類。,"Button { move(level, offset: -1) } label: { Image(systemName: ""chevron.up"") }",2ed25ab6ef5b7d1eace8025cae8f8abf6743d16b6ba63a4db4fd90abdb40d592
V9-1460,button_style,Sailune/PowerSettingViews.swift,142,33,.buttonStyle(,待共用,原生樣式；需與同語意按鈕比對，不能只按 style 名稱批量替換。,.buttonStyle(.borderless),2ed25ab6ef5b7d1eace8025cae8f8abf6743d16b6ba63a4db4fd90abdb40d592
V9-1461,symbol,Sailune/PowerSettingViews.swift,144,78,"systemName: ""chevron.down""",待共用,直接 SF Symbol 字串；須依實際操作或資料語意分類。,"Button { move(level, offset: 1) } label: { Image(systemName: ""chevron.down"") }",2ed25ab6ef5b7d1eace8025cae8f8abf6743d16b6ba63a4db4fd90abdb40d592
V9-1462,button_style,Sailune/PowerSettingViews.swift,145,33,.buttonStyle(,待共用,原生樣式；需與同語意按鈕比對，不能只按 style 名稱批量替換。,.buttonStyle(.borderless),2ed25ab6ef5b7d1eace8025cae8f8abf6743d16b6ba63a4db4fd90abdb40d592
V9-1463,button,Sailune/PowerSettingViews.swift,147,29,Button(,待共用,原生 Button；須按動作角色、位置、命中與資料 action 判定共用外殼或具名例外。,Button(role: .destructive) { delete(level) } label: { Image(systemName: SailuneSymbol.delete.systemName) },2ed25ab6ef5b7d1eace8025cae8f8abf6743d16b6ba63a4db4fd90abdb40d592
V9-1464,symbol,Sailune/PowerSettingViews.swift,147,101,SailuneSymbol.delete,已共用,使用或定義語意圖標 key；原字形由集中表提供。,Button(role: .destructive) { delete(level) } label: { Image(systemName: SailuneSymbol.delete.systemName) },2ed25ab6ef5b7d1eace8025cae8f8abf6743d16b6ba63a4db4fd90abdb40d592
V9-1465,button_style,Sailune/PowerSettingViews.swift,148,33,.buttonStyle(,待共用,原生樣式；需與同語意按鈕比對，不能只按 style 名稱批量替換。,.buttonStyle(.borderless),2ed25ab6ef5b7d1eace8025cae8f8abf6743d16b6ba63a4db4fd90abdb40d592
V9-1466,dialog,Sailune/PowerSettingViews.swift,159,9,.alert(,待共用,原生呈現入口；需按確認、錯誤、取消及資料後果分組，僅呈現外殼可共用。,".alert(""無法變更層級"", isPresented: errorBinding) {",2ed25ab6ef5b7d1eace8025cae8f8abf6743d16b6ba63a4db4fd90abdb40d592
V9-1467,button,Sailune/PowerSettingViews.swift,160,13,Button(,待共用,原生 Button；須按動作角色、位置、命中與資料 action 判定共用外殼或具名例外。,"Button(SailuneActionCopy.acknowledge, role: .cancel) {}",2ed25ab6ef5b7d1eace8025cae8f8abf6743d16b6ba63a4db4fd90abdb40d592
V9-1468,copy,Sailune/PowerSettingViews.swift,160,20,SailuneActionCopy.acknowledge,已共用,使用或定義集中操作文案。,"Button(SailuneActionCopy.acknowledge, role: .cancel) {}",2ed25ab6ef5b7d1eace8025cae8f8abf6743d16b6ba63a4db4fd90abdb40d592
V9-1469,failure_path,Sailune/PowerSettingViews.swift,191,11,catch,待共用,失敗分支或可選錯誤；需核對主要結果、次要錯誤記錄與恢復契約。,} catch {,2ed25ab6ef5b7d1eace8025cae8f8abf6743d16b6ba63a4db4fd90abdb40d592
V9-1470,failure_path,Sailune/PowerSettingViews.swift,200,11,catch,待共用,失敗分支或可選錯誤；需核對主要結果、次要錯誤記錄與恢復契約。,} catch {,2ed25ab6ef5b7d1eace8025cae8f8abf6743d16b6ba63a4db4fd90abdb40d592
V9-1471,failure_path,Sailune/PowerSettingViews.swift,224,11,catch,待共用,失敗分支或可選錯誤；需核對主要結果、次要錯誤記錄與恢復契約。,} catch {,2ed25ab6ef5b7d1eace8025cae8f8abf6743d16b6ba63a4db4fd90abdb40d592
V9-1472,failure_path,Sailune/PowerSettingViews.swift,233,11,catch,待共用,失敗分支或可選錯誤；需核對主要結果、次要錯誤記錄與恢復契約。,} catch {,2ed25ab6ef5b7d1eace8025cae8f8abf6743d16b6ba63a4db4fd90abdb40d592
V9-1473,button,Sailune/PowerSettingViews.swift,285,21,Button(,待共用,原生 Button；須按動作角色、位置、命中與資料 action 判定共用外殼或具名例外。,"Button(action: onBack) { Label(""返回勢力"", systemImage: SailuneSymbol.back.systemName) }.buttonStyle(.plain)",2ed25ab6ef5b7d1eace8025cae8f8abf6743d16b6ba63a4db4fd90abdb40d592
V9-1474,copy,Sailune/PowerSettingViews.swift,285,46,"Label(""",待共用,直接 Button／Label／Menu 文案；需與同功能操作名稱及例外對照。,"Button(action: onBack) { Label(""返回勢力"", systemImage: SailuneSymbol.back.systemName) }.buttonStyle(.plain)",2ed25ab6ef5b7d1eace8025cae8f8abf6743d16b6ba63a4db4fd90abdb40d592
V9-1475,symbol,Sailune/PowerSettingViews.swift,285,73,SailuneSymbol.back,已共用,使用或定義語意圖標 key；原字形由集中表提供。,"Button(action: onBack) { Label(""返回勢力"", systemImage: SailuneSymbol.back.systemName) }.buttonStyle(.plain)",2ed25ab6ef5b7d1eace8025cae8f8abf6743d16b6ba63a4db4fd90abdb40d592
V9-1476,button_style,Sailune/PowerSettingViews.swift,285,105,.buttonStyle(,待共用,原生樣式；需與同語意按鈕比對，不能只按 style 名稱批量替換。,"Button(action: onBack) { Label(""返回勢力"", systemImage: SailuneSymbol.back.systemName) }.buttonStyle(.plain)",2ed25ab6ef5b7d1eace8025cae8f8abf6743d16b6ba63a4db4fd90abdb40d592
V9-1477,button,Sailune/PowerSettingViews.swift,287,21,Button(,待共用,原生 Button；須按動作角色、位置、命中與資料 action 判定共用外殼或具名例外。,"Button(""管理層級"", systemImage: SailuneSymbol.powerLevel.systemName) { showingLevels = true }",2ed25ab6ef5b7d1eace8025cae8f8abf6743d16b6ba63a4db4fd90abdb40d592
V9-1478,copy,Sailune/PowerSettingViews.swift,287,21,"Button(""",待共用,直接 Button／Label／Menu 文案；需與同功能操作名稱及例外對照。,"Button(""管理層級"", systemImage: SailuneSymbol.powerLevel.systemName) { showingLevels = true }",2ed25ab6ef5b7d1eace8025cae8f8abf6743d16b6ba63a4db4fd90abdb40d592
V9-1479,symbol,Sailune/PowerSettingViews.swift,287,49,SailuneSymbol.powerLevel,已共用,使用或定義語意圖標 key；原字形由集中表提供。,"Button(""管理層級"", systemImage: SailuneSymbol.powerLevel.systemName) { showingLevels = true }",2ed25ab6ef5b7d1eace8025cae8f8abf6743d16b6ba63a4db4fd90abdb40d592
V9-1480,button_style,Sailune/PowerSettingViews.swift,288,25,.buttonStyle(,待共用,原生樣式；需與同語意按鈕比對，不能只按 style 名稱批量替換。,.buttonStyle(.borderless),2ed25ab6ef5b7d1eace8025cae8f8abf6743d16b6ba63a4db4fd90abdb40d592
V9-1481,button,Sailune/PowerSettingViews.swift,289,21,Button(,待共用,原生 Button；須按動作角色、位置、命中與資料 action 判定共用外殼或具名例外。,"Button(role: .destructive, action: deletePower) { Label(SailuneActionCopy.delete, systemImage: SailuneSymbol.delete.systemName) }.buttonStyle(.borderless)",2ed25ab6ef5b7d1eace8025cae8f8abf6743d16b6ba63a4db4fd90abdb40d592
V9-1482,copy,Sailune/PowerSettingViews.swift,289,77,SailuneActionCopy.delete,已共用,使用或定義集中操作文案。,"Button(role: .destructive, action: deletePower) { Label(SailuneActionCopy.delete, systemImage: SailuneSymbol.delete.systemName) }.buttonStyle(.borderless)",2ed25ab6ef5b7d1eace8025cae8f8abf6743d16b6ba63a4db4fd90abdb40d592
V9-1483,symbol,Sailune/PowerSettingViews.swift,289,116,SailuneSymbol.delete,已共用,使用或定義語意圖標 key；原字形由集中表提供。,"Button(role: .destructive, action: deletePower) { Label(SailuneActionCopy.delete, systemImage: SailuneSymbol.delete.systemName) }.buttonStyle(.borderless)",2ed25ab6ef5b7d1eace8025cae8f8abf6743d16b6ba63a4db4fd90abdb40d592
V9-1484,button_style,Sailune/PowerSettingViews.swift,289,150,.buttonStyle(,待共用,原生樣式；需與同語意按鈕比對，不能只按 style 名稱批量替換。,"Button(role: .destructive, action: deletePower) { Label(SailuneActionCopy.delete, systemImage: SailuneSymbol.delete.systemName) }.buttonStyle(.borderless)",2ed25ab6ef5b7d1eace8025cae8f8abf6743d16b6ba63a4db4fd90abdb40d592
V9-1485,field,Sailune/PowerSettingViews.swift,291,17,SailuneFormTextField(,已共用,引用或定義共用欄位；焦點、組字及內距仍需代表畫面驗收。,"SailuneFormTextField(title: ""勢力名稱"", text: $power.name)",2ed25ab6ef5b7d1eace8025cae8f8abf6743d16b6ba63a4db4fd90abdb40d592
V9-1486,copy,Sailune/PowerSettingViews.swift,292,17,"Text(""",合理例外,靜態欄名或領域內容；非可執行操作文案，保留畫面語境。,"Text(""簡介"").font(.caption).foregroundStyle(.secondary)",2ed25ab6ef5b7d1eace8025cae8f8abf6743d16b6ba63a4db4fd90abdb40d592
V9-1487,editor,Sailune/PowerSettingViews.swift,293,17,SailuneBorderedTextEditor(,已共用,引用或定義共用多行編輯器；V9.1am 首行安全距仍待 U 核定。,"SailuneBorderedTextEditor(text: $power.powerDescription, minHeight: 90)",2ed25ab6ef5b7d1eace8025cae8f8abf6743d16b6ba63a4db4fd90abdb40d592
V9-1488,copy,Sailune/PowerSettingViews.swift,299,21,"Text(""",合理例外,靜態欄名或領域內容；非可執行操作文案，保留畫面語境。,"Text(""勢力設定"").font(.subheadline.weight(.semibold))",2ed25ab6ef5b7d1eace8025cae8f8abf6743d16b6ba63a4db4fd90abdb40d592
V9-1489,copy,Sailune/PowerSettingViews.swift,305,21,"Text(""",合理例外,靜態欄名或領域內容；非可執行操作文案，保留畫面語境。,"Text(""目的"").font(.caption).foregroundStyle(.secondary)",2ed25ab6ef5b7d1eace8025cae8f8abf6743d16b6ba63a4db4fd90abdb40d592
V9-1490,editor,Sailune/PowerSettingViews.swift,306,21,SailuneBorderedTextEditor(,已共用,引用或定義共用多行編輯器；V9.1am 首行安全距仍待 U 核定。,"SailuneBorderedTextEditor(text: $power.purpose, minHeight: 72)",2ed25ab6ef5b7d1eace8025cae8f8abf6743d16b6ba63a4db4fd90abdb40d592
V9-1491,surface,Sailune/PowerSettingViews.swift,309,17,.background(,待共用,直接背景或色值；需判定表面用途與既有 token 是否相同。,".background(SailuneTheme.subtleSurface, in: RoundedRectangle(cornerRadius: 8))",2ed25ab6ef5b7d1eace8025cae8f8abf6743d16b6ba63a4db4fd90abdb40d592
V9-1492,surface,Sailune/PowerSettingViews.swift,309,29,SailuneTheme.,已共用,引用或定義語意色彩 token；形狀與疊層仍需檢查。,".background(SailuneTheme.subtleSurface, in: RoundedRectangle(cornerRadius: 8))",2ed25ab6ef5b7d1eace8025cae8f8abf6743d16b6ba63a4db4fd90abdb40d592
V9-1493,copy,Sailune/PowerSettingViews.swift,330,21,"Text(""",合理例外,靜態欄名或領域內容；非可執行操作文案，保留畫面語境。,"Text(""層級"").font(.subheadline.weight(.semibold))",2ed25ab6ef5b7d1eace8025cae8f8abf6743d16b6ba63a4db4fd90abdb40d592
V9-1494,copy,Sailune/PowerSettingViews.swift,332,25,"Text(""",合理例外,靜態欄名或領域內容；非可執行操作文案，保留畫面語境。,"Text(""尚未建立層級。請先使用「管理層級」新增。"")",2ed25ab6ef5b7d1eace8025cae8f8abf6743d16b6ba63a4db4fd90abdb40d592
V9-1495,button,Sailune/PowerSettingViews.swift,338,33,Button(,待共用,原生 Button；須按動作角色、位置、命中與資料 action 判定共用外殼或具名例外。,Button(level.name) { changeLevel(to: level) },2ed25ab6ef5b7d1eace8025cae8f8abf6743d16b6ba63a4db4fd90abdb40d592
V9-1496,symbol,Sailune/PowerSettingViews.swift,341,78,SailuneSymbol.powerLevel,已共用,使用或定義語意圖標 key；原字形由集中表提供。,"Label(currentLevel?.name ?? ""選擇層級"", systemImage: SailuneSymbol.powerLevel.systemName)",2ed25ab6ef5b7d1eace8025cae8f8abf6743d16b6ba63a4db4fd90abdb40d592
V9-1497,button_style,Sailune/PowerSettingViews.swift,343,25,.buttonStyle(,待共用,原生樣式；需與同語意按鈕比對，不能只按 style 名稱批量替換。,.buttonStyle(.borderless),2ed25ab6ef5b7d1eace8025cae8f8abf6743d16b6ba63a4db4fd90abdb40d592
V9-1498,surface,Sailune/PowerSettingViews.swift,347,17,.background(,待共用,直接背景或色值；需判定表面用途與既有 token 是否相同。,".background(SailuneTheme.subtleSurface, in: RoundedRectangle(cornerRadius: 8))",2ed25ab6ef5b7d1eace8025cae8f8abf6743d16b6ba63a4db4fd90abdb40d592
V9-1499,surface,Sailune/PowerSettingViews.swift,347,29,SailuneTheme.,已共用,引用或定義語意色彩 token；形狀與疊層仍需檢查。,".background(SailuneTheme.subtleSurface, in: RoundedRectangle(cornerRadius: 8))",2ed25ab6ef5b7d1eace8025cae8f8abf6743d16b6ba63a4db4fd90abdb40d592
V9-1500,symbol,Sailune/PowerSettingViews.swift,352,25,"systemImage: ""arrow.up.arrow.down""",待共用,直接 SF Symbol 字串；須依實際操作或資料語意分類。,"systemImage: ""arrow.up.arrow.down"",",2ed25ab6ef5b7d1eace8025cae8f8abf6743d16b6ba63a4db4fd90abdb40d592
V9-1501,copy,Sailune/PowerSettingViews.swift,353,38,"Text(""",合理例外,靜態欄名或領域內容；非可執行操作文案，保留畫面語境。,"description: Text(""指定具體層級後，才能選擇此勢力的直屬上級。"")",2ed25ab6ef5b7d1eace8025cae8f8abf6743d16b6ba63a4db4fd90abdb40d592
V9-1502,dialog,Sailune/PowerSettingViews.swift,362,9,.sheet(,待共用,原生呈現入口；需按確認、錯誤、取消及資料後果分組，僅呈現外殼可共用。,.sheet(isPresented: $showingLevels) {,2ed25ab6ef5b7d1eace8025cae8f8abf6743d16b6ba63a4db4fd90abdb40d592
V9-1503,dialog,Sailune/PowerSettingViews.swift,365,9,.sheet(,待共用,原生呈現入口；需按確認、錯誤、取消及資料後果分組，僅呈現外殼可共用。,.sheet(isPresented: $showingRelationEditor) {,2ed25ab6ef5b7d1eace8025cae8f8abf6743d16b6ba63a4db4fd90abdb40d592
V9-1504,failure_path,Sailune/PowerSettingViews.swift,371,19,catch,待共用,失敗分支或可選錯誤；需核對主要結果、次要錯誤記錄與恢復契約。,} catch {,2ed25ab6ef5b7d1eace8025cae8f8abf6743d16b6ba63a4db4fd90abdb40d592
V9-1505,dialog,Sailune/PowerSettingViews.swift,377,9,.alert(,待共用,原生呈現入口；需按確認、錯誤、取消及資料後果分組，僅呈現外殼可共用。,".alert(""無法完成勢力變更"", isPresented: errorBinding) {",2ed25ab6ef5b7d1eace8025cae8f8abf6743d16b6ba63a4db4fd90abdb40d592
V9-1506,button,Sailune/PowerSettingViews.swift,378,13,Button(,待共用,原生 Button；須按動作角色、位置、命中與資料 action 判定共用外殼或具名例外。,"Button(SailuneActionCopy.acknowledge, role: .cancel) {}",2ed25ab6ef5b7d1eace8025cae8f8abf6743d16b6ba63a4db4fd90abdb40d592
V9-1507,copy,Sailune/PowerSettingViews.swift,378,20,SailuneActionCopy.acknowledge,已共用,使用或定義集中操作文案。,"Button(SailuneActionCopy.acknowledge, role: .cancel) {}",2ed25ab6ef5b7d1eace8025cae8f8abf6743d16b6ba63a4db4fd90abdb40d592
V9-1508,editor,Sailune/PowerSettingViews.swift,407,13,SailuneBorderedTextEditor(,已共用,引用或定義共用多行編輯器；V9.1am 首行安全距仍待 U 核定。,"SailuneBorderedTextEditor(text: text, minHeight: 72)",2ed25ab6ef5b7d1eace8025cae8f8abf6743d16b6ba63a4db4fd90abdb40d592
V9-1509,surface,Sailune/PowerSettingViews.swift,410,9,.background(,待共用,直接背景或色值；需判定表面用途與既有 token 是否相同。,".background(SailuneTheme.subtleSurface, in: RoundedRectangle(cornerRadius: 8))",2ed25ab6ef5b7d1eace8025cae8f8abf6743d16b6ba63a4db4fd90abdb40d592
V9-1510,surface,Sailune/PowerSettingViews.swift,410,21,SailuneTheme.,已共用,引用或定義語意色彩 token；形狀與疊層仍需檢查。,".background(SailuneTheme.subtleSurface, in: RoundedRectangle(cornerRadius: 8))",2ed25ab6ef5b7d1eace8025cae8f8abf6743d16b6ba63a4db4fd90abdb40d592
V9-1511,copy,Sailune/PowerSettingViews.swift,415,13,"Text(""",合理例外,靜態欄名或領域內容；非可執行操作文案，保留畫面語境。,"Text(""直屬上級"").font(.subheadline.weight(.semibold))",2ed25ab6ef5b7d1eace8025cae8f8abf6743d16b6ba63a4db4fd90abdb40d592
V9-1512,copy,Sailune/PowerSettingViews.swift,416,13,"Text(""",合理例外,靜態欄名或領域內容；非可執行操作文案，保留畫面語境。,"Text(""此列表供查詢；移除入口位於各筆上級旁。"").font(.caption).foregroundStyle(.secondary)",2ed25ab6ef5b7d1eace8025cae8f8abf6743d16b6ba63a4db4fd90abdb40d592
V9-1513,copy,Sailune/PowerSettingViews.swift,417,32,"Text(""",合理例外,靜態欄名或領域內容；非可執行操作文案，保留畫面語境。,"if upper.isEmpty { Text(""尚未設定"").font(.caption).foregroundStyle(.tertiary) }",2ed25ab6ef5b7d1eace8025cae8f8abf6743d16b6ba63a4db4fd90abdb40d592
V9-1514,button,Sailune/PowerSettingViews.swift,422,21,Button(,待共用,原生 Button；須按動作角色、位置、命中與資料 action 判定共用外殼或具名例外。,"Button(role: .destructive) { settingsStore.removeSubordination(lower: power, upper: value, bookID: book.id) } label: { Image(systemName: SailuneSymbol.removeAssociation.systemName) }",2ed25ab6ef5b7d1eace8025cae8f8abf6743d16b6ba63a4db4fd90abdb40d592
V9-1515,symbol,Sailune/PowerSettingViews.swift,422,158,SailuneSymbol.removeAssociation,已共用,使用或定義語意圖標 key；原字形由集中表提供。,"Button(role: .destructive) { settingsStore.removeSubordination(lower: power, upper: value, bookID: book.id) } label: { Image(systemName: SailuneSymbol.removeAssociation.systemName) }",2ed25ab6ef5b7d1eace8025cae8f8abf6743d16b6ba63a4db4fd90abdb40d592
V9-1516,button_style,Sailune/PowerSettingViews.swift,423,25,.buttonStyle(,待共用,原生樣式；需與同語意按鈕比對，不能只按 style 名稱批量替換。,.buttonStyle(.plain),2ed25ab6ef5b7d1eace8025cae8f8abf6743d16b6ba63a4db4fd90abdb40d592
V9-1517,copy,Sailune/PowerSettingViews.swift,428,21,"Text(""",合理例外,靜態欄名或領域內容；非可執行操作文案，保留畫面語境。,"Text(""沒有符合層級的候選勢力"")",2ed25ab6ef5b7d1eace8025cae8f8abf6743d16b6ba63a4db4fd90abdb40d592
V9-1518,copy,Sailune/PowerSettingViews.swift,435,17,"Label(""",待共用,直接 Button／Label／Menu 文案；需與同功能操作名稱及例外對照。,"Label(""選擇直屬上級"", systemImage: ""arrow.up.circle"")",2ed25ab6ef5b7d1eace8025cae8f8abf6743d16b6ba63a4db4fd90abdb40d592
V9-1519,symbol,Sailune/PowerSettingViews.swift,435,33,"systemImage: ""arrow.up.circle""",待共用,直接 SF Symbol 字串；須依實際操作或資料語意分類。,"Label(""選擇直屬上級"", systemImage: ""arrow.up.circle"")",2ed25ab6ef5b7d1eace8025cae8f8abf6743d16b6ba63a4db4fd90abdb40d592
V9-1520,button_style,Sailune/PowerSettingViews.swift,437,13,.buttonStyle(,待共用,原生樣式；需與同語意按鈕比對，不能只按 style 名稱批量替換。,.buttonStyle(.borderless),2ed25ab6ef5b7d1eace8025cae8f8abf6743d16b6ba63a4db4fd90abdb40d592
V9-1521,surface,Sailune/PowerSettingViews.swift,441,9,.background(,待共用,直接背景或色值；需判定表面用途與既有 token 是否相同。,".background(SailuneTheme.subtleSurface, in: RoundedRectangle(cornerRadius: 8))",2ed25ab6ef5b7d1eace8025cae8f8abf6743d16b6ba63a4db4fd90abdb40d592
V9-1522,surface,Sailune/PowerSettingViews.swift,441,21,SailuneTheme.,已共用,引用或定義語意色彩 token；形狀與疊層仍需檢查。,".background(SailuneTheme.subtleSurface, in: RoundedRectangle(cornerRadius: 8))",2ed25ab6ef5b7d1eace8025cae8f8abf6743d16b6ba63a4db4fd90abdb40d592
V9-1523,copy,Sailune/PowerSettingViews.swift,446,13,"Text(""",合理例外,靜態欄名或領域內容；非可執行操作文案，保留畫面語境。,"Text(""非隸屬關係"").font(.subheadline.weight(.semibold))",2ed25ab6ef5b7d1eace8025cae8f8abf6743d16b6ba63a4db4fd90abdb40d592
V9-1524,copy,Sailune/PowerSettingViews.swift,447,13,"Text(""",合理例外,靜態欄名或領域內容；非可執行操作文案，保留畫面語境。,"Text(""記錄同盟、敵對、競爭、貿易、臨時合作或宗主／附庸；不會改變上下隸屬。"")",2ed25ab6ef5b7d1eace8025cae8f8abf6743d16b6ba63a4db4fd90abdb40d592
V9-1525,copy,Sailune/PowerSettingViews.swift,451,17,"Text(""",合理例外,靜態欄名或領域內容；非可執行操作文案，保留畫面語境。,"Text(""尚未設定"").font(.caption).foregroundStyle(.tertiary)",2ed25ab6ef5b7d1eace8025cae8f8abf6743d16b6ba63a4db4fd90abdb40d592
V9-1526,button,Sailune/PowerSettingViews.swift,459,25,Button(,待共用,原生 Button；須按動作角色、位置、命中與資料 action 判定共用外殼或具名例外。,Button(role: .destructive) {,2ed25ab6ef5b7d1eace8025cae8f8abf6743d16b6ba63a4db4fd90abdb40d592
V9-1527,symbol,Sailune/PowerSettingViews.swift,462,47,SailuneSymbol.removeAssociation,已共用,使用或定義語意圖標 key；原字形由集中表提供。,Image(systemName: SailuneSymbol.removeAssociation.systemName),2ed25ab6ef5b7d1eace8025cae8f8abf6743d16b6ba63a4db4fd90abdb40d592
V9-1528,button_style,Sailune/PowerSettingViews.swift,464,25,.buttonStyle(,待共用,原生樣式；需與同語意按鈕比對，不能只按 style 名稱批量替換。,.buttonStyle(.plain),2ed25ab6ef5b7d1eace8025cae8f8abf6743d16b6ba63a4db4fd90abdb40d592
V9-1529,field,Sailune/PowerSettingViews.swift,466,21,SailuneFormTextField(,已共用,引用或定義共用欄位；焦點、組字及內距仍需代表畫面驗收。,"SailuneFormTextField(title: ""關係說明（可留空）"", text: powerRelationDetailBinding(relation))",2ed25ab6ef5b7d1eace8025cae8f8abf6743d16b6ba63a4db4fd90abdb40d592
V9-1530,button,Sailune/PowerSettingViews.swift,469,13,Button(,待共用,原生 Button；須按動作角色、位置、命中與資料 action 判定共用外殼或具名例外。,"Button(""新增關係"", systemImage: SailuneSymbol.add.systemName) { showingRelationEditor = true }",2ed25ab6ef5b7d1eace8025cae8f8abf6743d16b6ba63a4db4fd90abdb40d592
V9-1531,copy,Sailune/PowerSettingViews.swift,469,13,"Button(""",待共用,直接 Button／Label／Menu 文案；需與同功能操作名稱及例外對照。,"Button(""新增關係"", systemImage: SailuneSymbol.add.systemName) { showingRelationEditor = true }",2ed25ab6ef5b7d1eace8025cae8f8abf6743d16b6ba63a4db4fd90abdb40d592
V9-1532,symbol,Sailune/PowerSettingViews.swift,469,41,SailuneSymbol.add,已共用,使用或定義語意圖標 key；原字形由集中表提供。,"Button(""新增關係"", systemImage: SailuneSymbol.add.systemName) { showingRelationEditor = true }",2ed25ab6ef5b7d1eace8025cae8f8abf6743d16b6ba63a4db4fd90abdb40d592
V9-1533,button_style,Sailune/PowerSettingViews.swift,470,17,.buttonStyle(,待共用,原生樣式；需與同語意按鈕比對，不能只按 style 名稱批量替換。,.buttonStyle(.borderless),2ed25ab6ef5b7d1eace8025cae8f8abf6743d16b6ba63a4db4fd90abdb40d592
V9-1534,copy,Sailune/PowerSettingViews.swift,473,13,"Text(""",合理例外,靜態欄名或領域內容；非可執行操作文案，保留畫面語境。,"Text(""關係補充筆記"").font(.caption).foregroundStyle(.secondary)",2ed25ab6ef5b7d1eace8025cae8f8abf6743d16b6ba63a4db4fd90abdb40d592
V9-1535,copy,Sailune/PowerSettingViews.swift,474,13,"Text(""",合理例外,靜態欄名或領域內容；非可執行操作文案，保留畫面語境。,"Text(""保留既有自由文字，不會自動轉換為上方關係。"")",2ed25ab6ef5b7d1eace8025cae8f8abf6743d16b6ba63a4db4fd90abdb40d592
V9-1536,editor,Sailune/PowerSettingViews.swift,477,13,SailuneBorderedTextEditor(,已共用,引用或定義共用多行編輯器；V9.1am 首行安全距仍待 U 核定。,"SailuneBorderedTextEditor(text: $power.relationshipNotes, minHeight: 72)",2ed25ab6ef5b7d1eace8025cae8f8abf6743d16b6ba63a4db4fd90abdb40d592
V9-1537,surface,Sailune/PowerSettingViews.swift,480,9,.background(,待共用,直接背景或色值；需判定表面用途與既有 token 是否相同。,".background(SailuneTheme.subtleSurface, in: RoundedRectangle(cornerRadius: 8))",2ed25ab6ef5b7d1eace8025cae8f8abf6743d16b6ba63a4db4fd90abdb40d592
V9-1538,surface,Sailune/PowerSettingViews.swift,480,21,SailuneTheme.,已共用,引用或定義語意色彩 token；形狀與疊層仍需檢查。,".background(SailuneTheme.subtleSurface, in: RoundedRectangle(cornerRadius: 8))",2ed25ab6ef5b7d1eace8025cae8f8abf6743d16b6ba63a4db4fd90abdb40d592
V9-1539,copy,Sailune/PowerSettingViews.swift,506,33,"Text(""",合理例外,靜態欄名或領域內容；非可執行操作文案，保留畫面語境。,"if values.isEmpty { Text(""尚未設定"").font(.caption).foregroundStyle(.tertiary) }",2ed25ab6ef5b7d1eace8025cae8f8abf6743d16b6ba63a4db4fd90abdb40d592
V9-1540,surface,Sailune/PowerSettingViews.swift,510,9,.background(,待共用,直接背景或色值；需判定表面用途與既有 token 是否相同。,".background(SailuneTheme.subtleSurface, in: RoundedRectangle(cornerRadius: 8))",2ed25ab6ef5b7d1eace8025cae8f8abf6743d16b6ba63a4db4fd90abdb40d592
V9-1541,surface,Sailune/PowerSettingViews.swift,510,21,SailuneTheme.,已共用,引用或定義語意色彩 token；形狀與疊層仍需檢查。,".background(SailuneTheme.subtleSurface, in: RoundedRectangle(cornerRadius: 8))",2ed25ab6ef5b7d1eace8025cae8f8abf6743d16b6ba63a4db4fd90abdb40d592
V9-1542,button,Sailune/PowerSettingViews.swift,530,17,Button(,待共用,原生 Button；須按動作角色、位置、命中與資料 action 判定共用外殼或具名例外。,"Button(""不連結"") { setWorldTerm(nil, field: field) }",2ed25ab6ef5b7d1eace8025cae8f8abf6743d16b6ba63a4db4fd90abdb40d592
V9-1543,copy,Sailune/PowerSettingViews.swift,530,17,"Button(""",待共用,直接 Button／Label／Menu 文案；需與同功能操作名稱及例外對照。,"Button(""不連結"") { setWorldTerm(nil, field: field) }",2ed25ab6ef5b7d1eace8025cae8f8abf6743d16b6ba63a4db4fd90abdb40d592
V9-1544,button,Sailune/PowerSettingViews.swift,533,21,Button(,待共用,原生 Button；須按動作角色、位置、命中與資料 action 判定共用外殼或具名例外。,"Button(term.name.isEmpty ? ""未命名條目"" : term.name) { setWorldTerm(term, field: field) }",2ed25ab6ef5b7d1eace8025cae8f8abf6743d16b6ba63a4db4fd90abdb40d592
V9-1545,copy,Sailune/PowerSettingViews.swift,543,13,"Text(""",合理例外,靜態欄名或領域內容；非可執行操作文案，保留畫面語境。,"Text(""之後連接地點／地圖"")",2ed25ab6ef5b7d1eace8025cae8f8abf6743d16b6ba63a4db4fd90abdb40d592
V9-1546,copy,Sailune/PowerSettingViews.swift,552,13,"Text(""",合理例外,靜態欄名或領域內容；非可執行操作文案，保留畫面語境。,"Text(""識別與別名"").font(.subheadline.weight(.semibold))",2ed25ab6ef5b7d1eace8025cae8f8abf6743d16b6ba63a4db4fd90abdb40d592
V9-1547,field,Sailune/PowerSettingViews.swift,553,13,TextField(,待共用,原生欄位；需檢查數值、焦點、提交與多行等專用契約。,"TextField(""舊名（可用頓號或換行分隔）"", text: $power.formerNames)",2ed25ab6ef5b7d1eace8025cae8f8abf6743d16b6ba63a4db4fd90abdb40d592
V9-1548,field,Sailune/PowerSettingViews.swift,554,13,TextField(,待共用,原生欄位；需檢查數值、焦點、提交與多行等專用契約。,"TextField(""外文名（可用頓號或換行分隔）"", text: $power.foreignNames)",2ed25ab6ef5b7d1eace8025cae8f8abf6743d16b6ba63a4db4fd90abdb40d592
V9-1549,field,Sailune/PowerSettingViews.swift,555,13,TextField(,待共用,原生欄位；需檢查數值、焦點、提交與多行等專用契約。,"TextField(""簡稱"", text: $power.shortName)",2ed25ab6ef5b7d1eace8025cae8f8abf6743d16b6ba63a4db4fd90abdb40d592
V9-1550,surface,Sailune/PowerSettingViews.swift,559,9,.background(,待共用,直接背景或色值；需判定表面用途與既有 token 是否相同。,".background(SailuneTheme.subtleSurface, in: RoundedRectangle(cornerRadius: 8))",2ed25ab6ef5b7d1eace8025cae8f8abf6743d16b6ba63a4db4fd90abdb40d592
V9-1551,surface,Sailune/PowerSettingViews.swift,559,21,SailuneTheme.,已共用,引用或定義語意色彩 token；形狀與疊層仍需檢查。,".background(SailuneTheme.subtleSurface, in: RoundedRectangle(cornerRadius: 8))",2ed25ab6ef5b7d1eace8025cae8f8abf6743d16b6ba63a4db4fd90abdb40d592
V9-1552,copy,Sailune/PowerSettingViews.swift,564,13,"Text(""",合理例外,靜態欄名或領域內容；非可執行操作文案，保留畫面語境。,"Text(""勢力生命週期"").font(.subheadline.weight(.semibold))",2ed25ab6ef5b7d1eace8025cae8f8abf6743d16b6ba63a4db4fd90abdb40d592
V9-1553,field,Sailune/PowerSettingViews.swift,575,25,TextField(,待共用,原生欄位；需檢查數值、焦點、提交與多行等專用契約。,"TextField(""事件標題"", text: modelTextBinding(event, keyPath: \.title))",2ed25ab6ef5b7d1eace8025cae8f8abf6743d16b6ba63a4db4fd90abdb40d592
V9-1554,button,Sailune/PowerSettingViews.swift,576,25,Button(,待共用,原生 Button；須按動作角色、位置、命中與資料 action 判定共用外殼或具名例外。,"Button(role: .destructive) { settingsStore.removeLifecycleEvent(event, bookID: book.id) } label: { Image(systemName: SailuneSymbol.removeEntry.systemName) }.buttonStyle(.plain)",2ed25ab6ef5b7d1eace8025cae8f8abf6743d16b6ba63a4db4fd90abdb40d592
V9-1555,symbol,Sailune/PowerSettingViews.swift,576,142,SailuneSymbol.removeEntry,已共用,使用或定義語意圖標 key；原字形由集中表提供。,"Button(role: .destructive) { settingsStore.removeLifecycleEvent(event, bookID: book.id) } label: { Image(systemName: SailuneSymbol.removeEntry.systemName) }.buttonStyle(.plain)",2ed25ab6ef5b7d1eace8025cae8f8abf6743d16b6ba63a4db4fd90abdb40d592
V9-1556,button_style,Sailune/PowerSettingViews.swift,576,181,.buttonStyle(,待共用,原生樣式；需與同語意按鈕比對，不能只按 style 名稱批量替換。,"Button(role: .destructive) { settingsStore.removeLifecycleEvent(event, bookID: book.id) } label: { Image(systemName: SailuneSymbol.removeEntry.systemName) }.buttonStyle(.plain)",2ed25ab6ef5b7d1eace8025cae8f8abf6743d16b6ba63a4db4fd90abdb40d592
V9-1557,field,Sailune/PowerSettingViews.swift,578,21,TextField(,待共用,原生欄位；需檢查數值、焦點、提交與多行等專用契約。,"TextField(""說明"", text: modelTextBinding(event, keyPath: \.detail))",2ed25ab6ef5b7d1eace8025cae8f8abf6743d16b6ba63a4db4fd90abdb40d592
V9-1558,copy,Sailune/PowerSettingViews.swift,582,13,"Menu(""",待共用,直接 Button／Label／Menu 文案；需與同功能操作名稱及例外對照。,"Menu(""新增生命週期事件"") {",2ed25ab6ef5b7d1eace8025cae8f8abf6743d16b6ba63a4db4fd90abdb40d592
V9-1559,button,Sailune/PowerSettingViews.swift,583,64,Button(,待共用,原生 Button；須按動作角色、位置、命中與資料 action 判定共用外殼或具名例外。,ForEach(PowerLifecycleKind.allCases) { kind in Button(kind.title) { addLifecycleEvent(kind) } },2ed25ab6ef5b7d1eace8025cae8f8abf6743d16b6ba63a4db4fd90abdb40d592
V9-1560,button_style,Sailune/PowerSettingViews.swift,584,14,.buttonStyle(,待共用,原生樣式；需與同語意按鈕比對，不能只按 style 名稱批量替換。,}.buttonStyle(.borderless),2ed25ab6ef5b7d1eace8025cae8f8abf6743d16b6ba63a4db4fd90abdb40d592
V9-1561,copy,Sailune/PowerSettingViews.swift,588,17,"Menu(""",待共用,直接 Button／Label／Menu 文案；需與同功能操作名稱及例外對照。,"Menu(""加入前身"") { ForEach(powers.filter { $0.id != power.id }) { candidate in Button(candidate.name) { addSuccession(predecessor: candidate, successor: power) } } }",2ed25ab6ef5b7d1eace8025cae8f8abf6743d16b6ba63a4db4fd90abdb40d592
V9-1562,button,Sailune/PowerSettingViews.swift,588,92,Button(,待共用,原生 Button；須按動作角色、位置、命中與資料 action 判定共用外殼或具名例外。,"Menu(""加入前身"") { ForEach(powers.filter { $0.id != power.id }) { candidate in Button(candidate.name) { addSuccession(predecessor: candidate, successor: power) } } }",2ed25ab6ef5b7d1eace8025cae8f8abf6743d16b6ba63a4db4fd90abdb40d592
V9-1563,copy,Sailune/PowerSettingViews.swift,589,17,"Menu(""",待共用,直接 Button／Label／Menu 文案；需與同功能操作名稱及例外對照。,"Menu(""加入後繼"") { ForEach(powers.filter { $0.id != power.id }) { candidate in Button(candidate.name) { addSuccession(predecessor: power, successor: candidate) } } }",2ed25ab6ef5b7d1eace8025cae8f8abf6743d16b6ba63a4db4fd90abdb40d592
V9-1564,button,Sailune/PowerSettingViews.swift,589,92,Button(,待共用,原生 Button；須按動作角色、位置、命中與資料 action 判定共用外殼或具名例外。,"Menu(""加入後繼"") { ForEach(powers.filter { $0.id != power.id }) { candidate in Button(candidate.name) { addSuccession(predecessor: power, successor: candidate) } } }",2ed25ab6ef5b7d1eace8025cae8f8abf6743d16b6ba63a4db4fd90abdb40d592
V9-1565,button_style,Sailune/PowerSettingViews.swift,590,14,.buttonStyle(,待共用,原生樣式；需與同語意按鈕比對，不能只按 style 名稱批量替換。,}.buttonStyle(.borderless),2ed25ab6ef5b7d1eace8025cae8f8abf6743d16b6ba63a4db4fd90abdb40d592
V9-1566,button,Sailune/PowerSettingViews.swift,596,25,Button(,待共用,原生 Button；須按動作角色、位置、命中與資料 action 判定共用外殼或具名例外。,"Button(role: .destructive) { settingsStore.removeSuccession(link, bookID: book.id) } label: { Image(systemName: SailuneSymbol.removeAssociation.systemName) }.buttonStyle(.plain)",2ed25ab6ef5b7d1eace8025cae8f8abf6743d16b6ba63a4db4fd90abdb40d592
V9-1567,symbol,Sailune/PowerSettingViews.swift,596,137,SailuneSymbol.removeAssociation,已共用,使用或定義語意圖標 key；原字形由集中表提供。,"Button(role: .destructive) { settingsStore.removeSuccession(link, bookID: book.id) } label: { Image(systemName: SailuneSymbol.removeAssociation.systemName) }.buttonStyle(.plain)",2ed25ab6ef5b7d1eace8025cae8f8abf6743d16b6ba63a4db4fd90abdb40d592
V9-1568,button_style,Sailune/PowerSettingViews.swift,596,182,.buttonStyle(,待共用,原生樣式；需與同語意按鈕比對，不能只按 style 名稱批量替換。,"Button(role: .destructive) { settingsStore.removeSuccession(link, bookID: book.id) } label: { Image(systemName: SailuneSymbol.removeAssociation.systemName) }.buttonStyle(.plain)",2ed25ab6ef5b7d1eace8025cae8f8abf6743d16b6ba63a4db4fd90abdb40d592
V9-1569,field,Sailune/PowerSettingViews.swift,598,21,TextField(,待共用,原生欄位；需檢查數值、焦點、提交與多行等專用契約。,"TextField(""承接說明"", text: modelTextBinding(link, keyPath: \.detail))",2ed25ab6ef5b7d1eace8025cae8f8abf6743d16b6ba63a4db4fd90abdb40d592
V9-1570,surface,Sailune/PowerSettingViews.swift,605,9,.background(,待共用,直接背景或色值；需判定表面用途與既有 token 是否相同。,".background(SailuneTheme.subtleSurface, in: RoundedRectangle(cornerRadius: 8))",2ed25ab6ef5b7d1eace8025cae8f8abf6743d16b6ba63a4db4fd90abdb40d592
V9-1571,surface,Sailune/PowerSettingViews.swift,605,21,SailuneTheme.,已共用,引用或定義語意色彩 token；形狀與疊層仍需檢查。,".background(SailuneTheme.subtleSurface, in: RoundedRectangle(cornerRadius: 8))",2ed25ab6ef5b7d1eace8025cae8f8abf6743d16b6ba63a4db4fd90abdb40d592
V9-1572,copy,Sailune/PowerSettingViews.swift,610,13,"Text(""",合理例外,靜態欄名或領域內容；非可執行操作文案，保留畫面語境。,"Text(""掌握的資源與能力"").font(.subheadline.weight(.semibold))",2ed25ab6ef5b7d1eace8025cae8f8abf6743d16b6ba63a4db4fd90abdb40d592
V9-1573,copy,Sailune/PowerSettingViews.swift,611,13,"Text(""",合理例外,靜態欄名或領域內容；非可執行操作文案，保留畫面語境。,"Text(""連接既有資料；來源改名會同步顯示，不複製名稱或內容。"").font(.caption).foregroundStyle(.secondary)",2ed25ab6ef5b7d1eace8025cae8f8abf6743d16b6ba63a4db4fd90abdb40d592
V9-1574,surface,Sailune/PowerSettingViews.swift,617,9,.background(,待共用,直接背景或色值；需判定表面用途與既有 token 是否相同。,".background(SailuneTheme.subtleSurface, in: RoundedRectangle(cornerRadius: 8))",2ed25ab6ef5b7d1eace8025cae8f8abf6743d16b6ba63a4db4fd90abdb40d592
V9-1575,surface,Sailune/PowerSettingViews.swift,617,21,SailuneTheme.,已共用,引用或定義語意色彩 token；形狀與疊層仍需檢查。,".background(SailuneTheme.subtleSurface, in: RoundedRectangle(cornerRadius: 8))",2ed25ab6ef5b7d1eace8025cae8f8abf6743d16b6ba63a4db4fd90abdb40d592
V9-1576,copy,Sailune/PowerSettingViews.swift,626,17,"Menu(""",待共用,直接 Button／Label／Menu 文案；需與同功能操作名稱及例外對照。,"Menu(""連接\(kind.title)"") {",2ed25ab6ef5b7d1eace8025cae8f8abf6743d16b6ba63a4db4fd90abdb40d592
V9-1577,copy,Sailune/PowerSettingViews.swift,631,25,"Text(""",合理例外,靜態欄名或領域內容；非可執行操作文案，保留畫面語境。,"Text(""沒有可連接的\(kind.title)"")",2ed25ab6ef5b7d1eace8025cae8f8abf6743d16b6ba63a4db4fd90abdb40d592
V9-1578,button,Sailune/PowerSettingViews.swift,634,29,Button(,待共用,原生 Button；須按動作角色、位置、命中與資料 action 判定共用外殼或具名例外。,"Button(source.name) { addAsset(kind: kind, sourceID: source.id) }",2ed25ab6ef5b7d1eace8025cae8f8abf6743d16b6ba63a4db4fd90abdb40d592
V9-1579,button_style,Sailune/PowerSettingViews.swift,638,17,.buttonStyle(,待共用,原生樣式；需與同語意按鈕比對，不能只按 style 名稱批量替換。,.buttonStyle(.borderless),2ed25ab6ef5b7d1eace8025cae8f8abf6743d16b6ba63a4db4fd90abdb40d592
V9-1580,button,Sailune/PowerSettingViews.swift,645,21,Button(,待共用,原生 Button；須按動作角色、位置、命中與資料 action 判定共用外殼或具名例外。,"Button(role: .destructive) { settingsStore.removeAsset(asset, bookID: book.id) } label: { Image(systemName: SailuneSymbol.removeAssociation.systemName) }",2ed25ab6ef5b7d1eace8025cae8f8abf6743d16b6ba63a4db4fd90abdb40d592
V9-1581,symbol,Sailune/PowerSettingViews.swift,645,129,SailuneSymbol.removeAssociation,已共用,使用或定義語意圖標 key；原字形由集中表提供。,"Button(role: .destructive) { settingsStore.removeAsset(asset, bookID: book.id) } label: { Image(systemName: SailuneSymbol.removeAssociation.systemName) }",2ed25ab6ef5b7d1eace8025cae8f8abf6743d16b6ba63a4db4fd90abdb40d592
V9-1582,button_style,Sailune/PowerSettingViews.swift,646,25,.buttonStyle(,待共用,原生樣式；需與同語意按鈕比對，不能只按 style 名稱批量替換。,.buttonStyle(.plain),2ed25ab6ef5b7d1eace8025cae8f8abf6743d16b6ba63a4db4fd90abdb40d592
V9-1583,copy,Sailune/PowerSettingViews.swift,654,13,"Text(""",合理例外,靜態欄名或領域內容；非可執行操作文案，保留畫面語境。,"Text(""軍事與經濟優勢"").font(.subheadline.weight(.semibold))",2ed25ab6ef5b7d1eace8025cae8f8abf6743d16b6ba63a4db4fd90abdb40d592
V9-1584,copy,Sailune/PowerSettingViews.swift,655,13,"Text(""",合理例外,靜態欄名或領域內容；非可執行操作文案，保留畫面語境。,"Text(""軍事與經濟沒有獨立來源模型，因此逐筆記錄名稱與說明，不虛構跨模組連接。 "").font(.caption).foregroundStyle(.secondary)",2ed25ab6ef5b7d1eace8025cae8f8abf6743d16b6ba63a4db4fd90abdb40d592
V9-1585,button,Sailune/PowerSettingViews.swift,659,21,Button(,待共用,原生 Button；須按動作角色、位置、命中與資料 action 判定共用外殼或具名例外。,Button(SailuneActionCopy.add) { addAdvantage(kind: kind) }.buttonStyle(.borderless),2ed25ab6ef5b7d1eace8025cae8f8abf6743d16b6ba63a4db4fd90abdb40d592
V9-1586,copy,Sailune/PowerSettingViews.swift,659,28,SailuneActionCopy.add,已共用,使用或定義集中操作文案。,Button(SailuneActionCopy.add) { addAdvantage(kind: kind) }.buttonStyle(.borderless),2ed25ab6ef5b7d1eace8025cae8f8abf6743d16b6ba63a4db4fd90abdb40d592
V9-1587,button_style,Sailune/PowerSettingViews.swift,659,79,.buttonStyle(,待共用,原生樣式；需與同語意按鈕比對，不能只按 style 名稱批量替換。,Button(SailuneActionCopy.add) { addAdvantage(kind: kind) }.buttonStyle(.borderless),2ed25ab6ef5b7d1eace8025cae8f8abf6743d16b6ba63a4db4fd90abdb40d592
V9-1588,field,Sailune/PowerSettingViews.swift,664,29,TextField(,待共用,原生欄位；需檢查數值、焦點、提交與多行等專用契約。,"TextField(""優勢名稱"", text: advantageBinding(advantage, keyPath: \.name))",2ed25ab6ef5b7d1eace8025cae8f8abf6743d16b6ba63a4db4fd90abdb40d592
V9-1589,button,Sailune/PowerSettingViews.swift,665,29,Button(,待共用,原生 Button；須按動作角色、位置、命中與資料 action 判定共用外殼或具名例外。,"Button(role: .destructive) { settingsStore.removeAdvantage(advantage, bookID: book.id) } label: { Image(systemName: SailuneSymbol.removeEntry.systemName) }",2ed25ab6ef5b7d1eace8025cae8f8abf6743d16b6ba63a4db4fd90abdb40d592
V9-1590,symbol,Sailune/PowerSettingViews.swift,665,145,SailuneSymbol.removeEntry,已共用,使用或定義語意圖標 key；原字形由集中表提供。,"Button(role: .destructive) { settingsStore.removeAdvantage(advantage, bookID: book.id) } label: { Image(systemName: SailuneSymbol.removeEntry.systemName) }",2ed25ab6ef5b7d1eace8025cae8f8abf6743d16b6ba63a4db4fd90abdb40d592
V9-1591,button_style,Sailune/PowerSettingViews.swift,666,33,.buttonStyle(,待共用,原生樣式；需與同語意按鈕比對，不能只按 style 名稱批量替換。,.buttonStyle(.plain),2ed25ab6ef5b7d1eace8025cae8f8abf6743d16b6ba63a4db4fd90abdb40d592
V9-1592,field,Sailune/PowerSettingViews.swift,668,25,TextField(,待共用,原生欄位；需檢查數值、焦點、提交與多行等專用契約。,"TextField(""說明"", text: advantageBinding(advantage, keyPath: \.detail))",2ed25ab6ef5b7d1eace8025cae8f8abf6743d16b6ba63a4db4fd90abdb40d592
V9-1593,surface,Sailune/PowerSettingViews.swift,675,9,.background(,待共用,直接背景或色值；需判定表面用途與既有 token 是否相同。,".background(SailuneTheme.subtleSurface, in: RoundedRectangle(cornerRadius: 8))",2ed25ab6ef5b7d1eace8025cae8f8abf6743d16b6ba63a4db4fd90abdb40d592
V9-1594,surface,Sailune/PowerSettingViews.swift,675,21,SailuneTheme.,已共用,引用或定義語意色彩 token；形狀與疊層仍需檢查。,".background(SailuneTheme.subtleSurface, in: RoundedRectangle(cornerRadius: 8))",2ed25ab6ef5b7d1eace8025cae8f8abf6743d16b6ba63a4db4fd90abdb40d592
V9-1595,failure_path,Sailune/PowerSettingViews.swift,702,9,catch,待共用,失敗分支或可選錯誤；需核對主要結果、次要錯誤記錄與恢復契約。,catch { errorMessage = error.localizedDescription },2ed25ab6ef5b7d1eace8025cae8f8abf6743d16b6ba63a4db4fd90abdb40d592
V9-1596,failure_path,Sailune/PowerSettingViews.swift,707,9,catch,待共用,失敗分支或可選錯誤；需核對主要結果、次要錯誤記錄與恢復契約。,catch { errorMessage = error.localizedDescription },2ed25ab6ef5b7d1eace8025cae8f8abf6743d16b6ba63a4db4fd90abdb40d592
V9-1597,copy,Sailune/PowerSettingViews.swift,720,13,"Text(""",合理例外,靜態欄名或領域內容；非可執行操作文案，保留畫面語境。,"Text(""成員"").font(.subheadline.weight(.semibold))",2ed25ab6ef5b7d1eace8025cae8f8abf6743d16b6ba63a4db4fd90abdb40d592
V9-1598,button,Sailune/PowerSettingViews.swift,729,25,Button(,待共用,原生 Button；須按動作角色、位置、命中與資料 action 判定共用外殼或具名例外。,"Button(role: .destructive) { settingsStore.removeMember(member, bookID: book.id) } label: { Image(systemName: SailuneSymbol.removeAssociation.systemName) }.buttonStyle(.plain)",2ed25ab6ef5b7d1eace8025cae8f8abf6743d16b6ba63a4db4fd90abdb40d592
V9-1599,symbol,Sailune/PowerSettingViews.swift,729,135,SailuneSymbol.removeAssociation,已共用,使用或定義語意圖標 key；原字形由集中表提供。,"Button(role: .destructive) { settingsStore.removeMember(member, bookID: book.id) } label: { Image(systemName: SailuneSymbol.removeAssociation.systemName) }.buttonStyle(.plain)",2ed25ab6ef5b7d1eace8025cae8f8abf6743d16b6ba63a4db4fd90abdb40d592
V9-1600,button_style,Sailune/PowerSettingViews.swift,729,180,.buttonStyle(,待共用,原生樣式；需與同語意按鈕比對，不能只按 style 名稱批量替換。,"Button(role: .destructive) { settingsStore.removeMember(member, bookID: book.id) } label: { Image(systemName: SailuneSymbol.removeAssociation.systemName) }.buttonStyle(.plain)",2ed25ab6ef5b7d1eace8025cae8f8abf6743d16b6ba63a4db4fd90abdb40d592
V9-1601,copy,Sailune/PowerSettingViews.swift,731,30,"Text(""",合理例外,靜態欄名或領域內容；非可執行操作文案，保留畫面語境。,"HStack { Text(""加入"").frame(width: 34, alignment: .leading); nodePicker(nodeID: memberNodeBinding(member, keyPath: \.joinedNodeID)) }",2ed25ab6ef5b7d1eace8025cae8f8abf6743d16b6ba63a4db4fd90abdb40d592
V9-1602,copy,Sailune/PowerSettingViews.swift,732,30,"Text(""",合理例外,靜態欄名或領域內容；非可執行操作文案，保留畫面語境。,"HStack { Text(""離開"").frame(width: 34, alignment: .leading); nodePicker(nodeID: memberNodeBinding(member, keyPath: \.leftNodeID)) }",2ed25ab6ef5b7d1eace8025cae8f8abf6743d16b6ba63a4db4fd90abdb40d592
V9-1603,field,Sailune/PowerSettingViews.swift,736,33,TextField(,待共用,原生欄位；需檢查數值、焦點、提交與多行等專用契約。,"TextField(""職務"", text: modelTextBinding(role, keyPath: \.title))",2ed25ab6ef5b7d1eace8025cae8f8abf6743d16b6ba63a4db4fd90abdb40d592
V9-1604,button,Sailune/PowerSettingViews.swift,741,33,Button(,待共用,原生 Button；須按動作角色、位置、命中與資料 action 判定共用外殼或具名例外。,"Button(role: .destructive) { settingsStore.removeRole(role, bookID: book.id) } label: { Image(systemName: SailuneSymbol.removeEntry.systemName) }.buttonStyle(.plain)",2ed25ab6ef5b7d1eace8025cae8f8abf6743d16b6ba63a4db4fd90abdb40d592
V9-1605,symbol,Sailune/PowerSettingViews.swift,741,139,SailuneSymbol.removeEntry,已共用,使用或定義語意圖標 key；原字形由集中表提供。,"Button(role: .destructive) { settingsStore.removeRole(role, bookID: book.id) } label: { Image(systemName: SailuneSymbol.removeEntry.systemName) }.buttonStyle(.plain)",2ed25ab6ef5b7d1eace8025cae8f8abf6743d16b6ba63a4db4fd90abdb40d592
V9-1606,button_style,Sailune/PowerSettingViews.swift,741,178,.buttonStyle(,待共用,原生樣式；需與同語意按鈕比對，不能只按 style 名稱批量替換。,"Button(role: .destructive) { settingsStore.removeRole(role, bookID: book.id) } label: { Image(systemName: SailuneSymbol.removeEntry.systemName) }.buttonStyle(.plain)",2ed25ab6ef5b7d1eace8025cae8f8abf6743d16b6ba63a4db4fd90abdb40d592
V9-1607,copy,Sailune/PowerSettingViews.swift,743,38,"Text(""",合理例外,靜態欄名或領域內容；非可執行操作文案，保留畫面語境。,"HStack { Text(""任職"").frame(width: 34, alignment: .leading); nodePicker(nodeID: roleNodeBinding(role, keyPath: \.startNodeID)) }",2ed25ab6ef5b7d1eace8025cae8f8abf6743d16b6ba63a4db4fd90abdb40d592
V9-1608,copy,Sailune/PowerSettingViews.swift,744,38,"Text(""",合理例外,靜態欄名或領域內容；非可執行操作文案，保留畫面語境。,"HStack { Text(""卸任"").frame(width: 34, alignment: .leading); nodePicker(nodeID: roleNodeBinding(role, keyPath: \.endNodeID)) }",2ed25ab6ef5b7d1eace8025cae8f8abf6743d16b6ba63a4db4fd90abdb40d592
V9-1609,surface,Sailune/PowerSettingViews.swift,745,37,.background(,待共用,直接背景或色值；需判定表面用途與既有 token 是否相同。,"}.padding(7).background(Color.secondary.opacity(0.05), in: RoundedRectangle(cornerRadius: 6))",2ed25ab6ef5b7d1eace8025cae8f8abf6743d16b6ba63a4db4fd90abdb40d592
V9-1610,surface,Sailune/PowerSettingViews.swift,745,49,Color.secondary.opacity(,待共用,直接背景或色值；需判定表面用途與既有 token 是否相同。,"}.padding(7).background(Color.secondary.opacity(0.05), in: RoundedRectangle(cornerRadius: 6))",2ed25ab6ef5b7d1eace8025cae8f8abf6743d16b6ba63a4db4fd90abdb40d592
V9-1611,button,Sailune/PowerSettingViews.swift,747,21,Button(,待共用,原生 Button；須按動作角色、位置、命中與資料 action 判定共用外殼或具名例外。,"Button(""新增職務"", systemImage: SailuneSymbol.add.systemName) { addRole(member) }.buttonStyle(.borderless)",2ed25ab6ef5b7d1eace8025cae8f8abf6743d16b6ba63a4db4fd90abdb40d592
V9-1612,copy,Sailune/PowerSettingViews.swift,747,21,"Button(""",待共用,直接 Button／Label／Menu 文案；需與同功能操作名稱及例外對照。,"Button(""新增職務"", systemImage: SailuneSymbol.add.systemName) { addRole(member) }.buttonStyle(.borderless)",2ed25ab6ef5b7d1eace8025cae8f8abf6743d16b6ba63a4db4fd90abdb40d592
V9-1613,symbol,Sailune/PowerSettingViews.swift,747,49,SailuneSymbol.add,已共用,使用或定義語意圖標 key；原字形由集中表提供。,"Button(""新增職務"", systemImage: SailuneSymbol.add.systemName) { addRole(member) }.buttonStyle(.borderless)",2ed25ab6ef5b7d1eace8025cae8f8abf6743d16b6ba63a4db4fd90abdb40d592
V9-1614,button_style,Sailune/PowerSettingViews.swift,747,98,.buttonStyle(,待共用,原生樣式；需與同語意按鈕比對，不能只按 style 名稱批量替換。,"Button(""新增職務"", systemImage: SailuneSymbol.add.systemName) { addRole(member) }.buttonStyle(.borderless)",2ed25ab6ef5b7d1eace8025cae8f8abf6743d16b6ba63a4db4fd90abdb40d592
V9-1615,button,Sailune/PowerSettingViews.swift,754,25,Button(,待共用,原生 Button；須按動作角色、位置、命中與資料 action 判定共用外殼或具名例外。,"Button(character.realName.isEmpty ? ""未命名角色"" : character.realName) { selectedCharacterID = character.id }",2ed25ab6ef5b7d1eace8025cae8f8abf6743d16b6ba63a4db4fd90abdb40d592
V9-1616,field,Sailune/PowerSettingViews.swift,757,17,TextField(,待共用,原生欄位；需檢查數值、焦點、提交與多行等專用契約。,"TextField(""職稱（手寫）"", text: $memberTitle)",2ed25ab6ef5b7d1eace8025cae8f8abf6743d16b6ba63a4db4fd90abdb40d592
V9-1617,button,Sailune/PowerSettingViews.swift,758,17,Button(,待共用,原生 Button；須按動作角色、位置、命中與資料 action 判定共用外殼或具名例外。,"Button(""加入"") { addMember() }.disabled(selectedCharacterID == nil)",2ed25ab6ef5b7d1eace8025cae8f8abf6743d16b6ba63a4db4fd90abdb40d592
V9-1618,copy,Sailune/PowerSettingViews.swift,758,17,"Button(""",待共用,直接 Button／Label／Menu 文案；需與同功能操作名稱及例外對照。,"Button(""加入"") { addMember() }.disabled(selectedCharacterID == nil)",2ed25ab6ef5b7d1eace8025cae8f8abf6743d16b6ba63a4db4fd90abdb40d592
V9-1619,surface,Sailune/PowerSettingViews.swift,762,9,.background(,待共用,直接背景或色值；需判定表面用途與既有 token 是否相同。,".background(SailuneTheme.subtleSurface, in: RoundedRectangle(cornerRadius: 8))",2ed25ab6ef5b7d1eace8025cae8f8abf6743d16b6ba63a4db4fd90abdb40d592
V9-1620,surface,Sailune/PowerSettingViews.swift,762,21,SailuneTheme.,已共用,引用或定義語意色彩 token；形狀與疊層仍需檢查。,".background(SailuneTheme.subtleSurface, in: RoundedRectangle(cornerRadius: 8))",2ed25ab6ef5b7d1eace8025cae8f8abf6743d16b6ba63a4db4fd90abdb40d592
V9-1621,failure_path,Sailune/PowerSettingViews.swift,772,9,catch,待共用,失敗分支或可選錯誤；需核對主要結果、次要錯誤記錄與恢復契約。,catch { errorMessage = error.localizedDescription },2ed25ab6ef5b7d1eace8025cae8f8abf6743d16b6ba63a4db4fd90abdb40d592
V9-1622,failure_path,Sailune/PowerSettingViews.swift,781,11,catch,待共用,失敗分支或可選錯誤；需核對主要結果、次要錯誤記錄與恢復契約。,} catch { errorMessage = error.localizedDescription },2ed25ab6ef5b7d1eace8025cae8f8abf6743d16b6ba63a4db4fd90abdb40d592
V9-1623,failure_path,Sailune/PowerSettingViews.swift,785,71,catch,待共用,失敗分支或可選錯誤；需核對主要結果、次要錯誤記錄與恢復契約。,"do { try settingsStore.addRole(to: member, bookID: book.id) } catch { errorMessage = error.localizedDescription }",2ed25ab6ef5b7d1eace8025cae8f8abf6743d16b6ba63a4db4fd90abdb40d592
V9-1624,failure_path,Sailune/PowerSettingViews.swift,789,92,catch,待共用,失敗分支或可選錯誤；需核對主要結果、次要錯誤記錄與恢復契約。,"do { try settingsStore.addLifecycleEvent(to: power, kind: kind, bookID: book.id) } catch { errorMessage = error.localizedDescription }",2ed25ab6ef5b7d1eace8025cae8f8abf6743d16b6ba63a4db4fd90abdb40d592
V9-1625,failure_path,Sailune/PowerSettingViews.swift,793,135,catch,待共用,失敗分支或可選錯誤；需核對主要結果、次要錯誤記錄與恢復契約。,"do { try settingsStore.addSuccession(predecessor: predecessor, successor: successor, kind: transitionKind, bookID: book.id) } catch { errorMessage = error.localizedDescription }",2ed25ab6ef5b7d1eace8025cae8f8abf6743d16b6ba63a4db4fd90abdb40d592
V9-1626,failure_path,Sailune/PowerSettingViews.swift,821,11,catch,待共用,失敗分支或可選錯誤；需核對主要結果、次要錯誤記錄與恢復契約。,} catch {,2ed25ab6ef5b7d1eace8025cae8f8abf6743d16b6ba63a4db4fd90abdb40d592
V9-1627,failure_path,Sailune/PowerSettingViews.swift,829,11,catch,待共用,失敗分支或可選錯誤；需核對主要結果、次要錯誤記錄與恢復契約。,} catch {,2ed25ab6ef5b7d1eace8025cae8f8abf6743d16b6ba63a4db4fd90abdb40d592
V9-1628,copy,Sailune/PowerSettingViews.swift,874,25,"Text(""",合理例外,靜態欄名或領域內容；非可執行操作文案，保留畫面語境。,"Text(""宗主"").tag(true)",2ed25ab6ef5b7d1eace8025cae8f8abf6743d16b6ba63a4db4fd90abdb40d592
V9-1629,copy,Sailune/PowerSettingViews.swift,875,25,"Text(""",合理例外,靜態欄名或領域內容；非可執行操作文案，保留畫面語境。,"Text(""附庸"").tag(false)",2ed25ab6ef5b7d1eace8025cae8f8abf6743d16b6ba63a4db4fd90abdb40d592
V9-1630,field,Sailune/PowerSettingViews.swift,881,17,TextField(,待共用,原生欄位；需檢查數值、焦點、提交與多行等專用契約。,"TextField(""關係說明（可留空）"", text: $detail)",2ed25ab6ef5b7d1eace8025cae8f8abf6743d16b6ba63a4db4fd90abdb40d592
V9-1631,button,Sailune/PowerSettingViews.swift,886,63,Button(,待共用,原生 Button；須按動作角色、位置、命中與資料 action 判定共用外殼或具名例外。,ToolbarItem(placement: .cancellationAction) { Button(SailuneActionCopy.cancel) { dismiss() } },2ed25ab6ef5b7d1eace8025cae8f8abf6743d16b6ba63a4db4fd90abdb40d592
V9-1632,copy,Sailune/PowerSettingViews.swift,886,70,SailuneActionCopy.cancel,已共用,使用或定義集中操作文案。,ToolbarItem(placement: .cancellationAction) { Button(SailuneActionCopy.cancel) { dismiss() } },2ed25ab6ef5b7d1eace8025cae8f8abf6743d16b6ba63a4db4fd90abdb40d592
V9-1633,button,Sailune/PowerSettingViews.swift,888,21,Button(,待共用,原生 Button；須按動作角色、位置、命中與資料 action 判定共用外殼或具名例外。,"Button(SailuneActionCopy.add, action: save).disabled(selectedPowerID == nil)",2ed25ab6ef5b7d1eace8025cae8f8abf6743d16b6ba63a4db4fd90abdb40d592
V9-1634,copy,Sailune/PowerSettingViews.swift,888,28,SailuneActionCopy.add,已共用,使用或定義集中操作文案。,"Button(SailuneActionCopy.add, action: save).disabled(selectedPowerID == nil)",2ed25ab6ef5b7d1eace8025cae8f8abf6743d16b6ba63a4db4fd90abdb40d592
V9-1635,symbol,Sailune/RelationshipWorkspaceViews.swift,109,65,SailuneSymbol.relationship,已共用,使用或定義語意圖標 key；原字形由集中表提供。,"ContentUnavailableView(""尚未建立角色關係"", systemImage: SailuneSymbol.relationship.systemName)",fb28f20179e9b6ed4921809e18f81d8cd750c3ba13210a4ea74c394701996c1b
V9-1636,copy,Sailune/RelationshipWorkspaceViews.swift,118,29,"Text(""",合理例外,靜態欄名或領域內容；非可執行操作文案，保留畫面語境。,"Text(""\(group.source.realName) → \(group.target.realName)"")",fb28f20179e9b6ed4921809e18f81d8cd750c3ba13210a4ea74c394701996c1b
V9-1637,button_style,Sailune/RelationshipWorkspaceViews.swift,136,21,.buttonStyle(,待共用,原生樣式；需與同語意按鈕比對，不能只按 style 名稱批量替換。,.buttonStyle(.plain),fb28f20179e9b6ed4921809e18f81d8cd750c3ba13210a4ea74c394701996c1b
V9-1638,copy,Sailune/RelationshipWorkspaceViews.swift,165,21,"Text(""",合理例外,靜態欄名或領域內容；非可執行操作文案，保留畫面語境。,"Text(""\(group.source.realName) → \(group.target.realName)"")",fb28f20179e9b6ed4921809e18f81d8cd750c3ba13210a4ea74c394701996c1b
V9-1639,button,Sailune/RelationshipWorkspaceViews.swift,168,21,Button(,待共用,原生 Button；須按動作角色、位置、命中與資料 action 判定共用外殼或具名例外。,Button(SailuneActionCopy.done) { dismiss() },fb28f20179e9b6ed4921809e18f81d8cd750c3ba13210a4ea74c394701996c1b
V9-1640,copy,Sailune/RelationshipWorkspaceViews.swift,168,28,SailuneActionCopy.done,已共用,使用或定義集中操作文案。,Button(SailuneActionCopy.done) { dismiss() },fb28f20179e9b6ed4921809e18f81d8cd750c3ba13210a4ea74c394701996c1b
V9-1641,copy,Sailune/RelationshipWorkspaceViews.swift,172,21,"Text(""",合理例外,靜態欄名或領域內容；非可執行操作文案，保留畫面語境。,"Text(""目前關係"").font(.subheadline)",fb28f20179e9b6ed4921809e18f81d8cd750c3ba13210a4ea74c394701996c1b
V9-1642,button,Sailune/RelationshipWorkspaceViews.swift,213,17,Button(,待共用,原生 Button；須按動作角色、位置、命中與資料 action 判定共用外殼或具名例外。,Button(role: .destructive) { confirmDelete = true } label: {,fb28f20179e9b6ed4921809e18f81d8cd750c3ba13210a4ea74c394701996c1b
V9-1643,symbol,Sailune/RelationshipWorkspaceViews.swift,214,39,SailuneSymbol.delete,已共用,使用或定義語意圖標 key；原字形由集中表提供。,Image(systemName: SailuneSymbol.delete.systemName),fb28f20179e9b6ed4921809e18f81d8cd750c3ba13210a4ea74c394701996c1b
V9-1644,button_style,Sailune/RelationshipWorkspaceViews.swift,216,17,.buttonStyle(,待共用,原生樣式；需與同語意按鈕比對，不能只按 style 名稱批量替換。,.buttonStyle(.plain),fb28f20179e9b6ed4921809e18f81d8cd750c3ba13210a4ea74c394701996c1b
V9-1645,dialog,Sailune/RelationshipWorkspaceViews.swift,223,9,.confirmationDialog(,待共用,原生呈現入口；需按確認、錯誤、取消及資料後果分組，僅呈現外殼可共用。,".confirmationDialog(""刪除關係？"", isPresented: $confirmDelete) {",fb28f20179e9b6ed4921809e18f81d8cd750c3ba13210a4ea74c394701996c1b
V9-1646,button,Sailune/RelationshipWorkspaceViews.swift,224,13,Button(,待共用,原生 Button；須按動作角色、位置、命中與資料 action 判定共用外殼或具名例外。,"Button(SailuneActionCopy.delete, role: .destructive) {",fb28f20179e9b6ed4921809e18f81d8cd750c3ba13210a4ea74c394701996c1b
V9-1647,copy,Sailune/RelationshipWorkspaceViews.swift,224,20,SailuneActionCopy.delete,已共用,使用或定義集中操作文案。,"Button(SailuneActionCopy.delete, role: .destructive) {",fb28f20179e9b6ed4921809e18f81d8cd750c3ba13210a4ea74c394701996c1b
V9-1648,copy,Sailune/RelationshipWorkspaceViews.swift,229,13,"Text(""",合理例外,靜態欄名或領域內容；非可執行操作文案，保留畫面語境。,"Text(""此關係的歷史會一併刪除。"")",fb28f20179e9b6ed4921809e18f81d8cd750c3ba13210a4ea74c394701996c1b
V9-1649,button,Sailune/RelationshipWorkspaceViews.swift,244,13,Button(,待共用,原生 Button；須按動作角色、位置、命中與資料 action 判定共用外殼或具名例外。,Button(role: .destructive) { confirmDelete = true } label: {,fb28f20179e9b6ed4921809e18f81d8cd750c3ba13210a4ea74c394701996c1b
V9-1650,symbol,Sailune/RelationshipWorkspaceViews.swift,245,35,SailuneSymbol.delete,已共用,使用或定義語意圖標 key；原字形由集中表提供。,Image(systemName: SailuneSymbol.delete.systemName),fb28f20179e9b6ed4921809e18f81d8cd750c3ba13210a4ea74c394701996c1b
V9-1651,button_style,Sailune/RelationshipWorkspaceViews.swift,247,13,.buttonStyle(,待共用,原生樣式；需與同語意按鈕比對，不能只按 style 名稱批量替換。,.buttonStyle(.plain),fb28f20179e9b6ed4921809e18f81d8cd750c3ba13210a4ea74c394701996c1b
V9-1652,dialog,Sailune/RelationshipWorkspaceViews.swift,249,9,.confirmationDialog(,待共用,原生呈現入口；需按確認、錯誤、取消及資料後果分組，僅呈現外殼可共用。,".confirmationDialog(""刪除血緣關係？"", isPresented: $confirmDelete) {",fb28f20179e9b6ed4921809e18f81d8cd750c3ba13210a4ea74c394701996c1b
V9-1653,button,Sailune/RelationshipWorkspaceViews.swift,250,13,Button(,待共用,原生 Button；須按動作角色、位置、命中與資料 action 判定共用外殼或具名例外。,"Button(SailuneActionCopy.delete, role: .destructive) { deleteKinship() }",fb28f20179e9b6ed4921809e18f81d8cd750c3ba13210a4ea74c394701996c1b
V9-1654,copy,Sailune/RelationshipWorkspaceViews.swift,250,20,SailuneActionCopy.delete,已共用,使用或定義集中操作文案。,"Button(SailuneActionCopy.delete, role: .destructive) { deleteKinship() }",fb28f20179e9b6ed4921809e18f81d8cd750c3ba13210a4ea74c394701996c1b
V9-1655,copy,Sailune/RelationshipWorkspaceViews.swift,296,13,"Text(""",合理例外,靜態欄名或領域內容；非可執行操作文案，保留畫面語境。,"Text(""新增關係"").font(.headline)",fb28f20179e9b6ed4921809e18f81d8cd750c3ba13210a4ea74c394701996c1b
V9-1656,copy,Sailune/RelationshipWorkspaceViews.swift,299,21,"Text(""",合理例外,靜態欄名或領域內容；非可執行操作文案，保留畫面語境。,"Text(""選擇角色"").tag(Optional<UUID>.none)",fb28f20179e9b6ed4921809e18f81d8cd750c3ba13210a4ea74c394701996c1b
V9-1657,field,Sailune/RelationshipWorkspaceViews.swift,304,17,TextField(,待共用,原生欄位；需檢查數值、焦點、提交與多行等專用契約。,"TextField(""關係"", text: $relationshipName)",fb28f20179e9b6ed4921809e18f81d8cd750c3ba13210a4ea74c394701996c1b
V9-1658,field,Sailune/RelationshipWorkspaceViews.swift,309,17,TextField(,待共用,原生欄位；需檢查數值、焦點、提交與多行等專用契約。,"TextField(""簡述"", text: $note, axis: .vertical)",fb28f20179e9b6ed4921809e18f81d8cd750c3ba13210a4ea74c394701996c1b
V9-1659,copy,Sailune/RelationshipWorkspaceViews.swift,311,21,"Text(""",合理例外,靜態欄名或領域內容；非可執行操作文案，保留畫面語境。,"Text(""時間"")",fb28f20179e9b6ed4921809e18f81d8cd750c3ba13210a4ea74c394701996c1b
V9-1660,button,Sailune/RelationshipWorkspaceViews.swift,320,17,Button(,待共用,原生 Button；須按動作角色、位置、命中與資料 action 判定共用外殼或具名例外。,Button(SailuneActionCopy.cancel) { dismiss() }.keyboardShortcut(.cancelAction),fb28f20179e9b6ed4921809e18f81d8cd750c3ba13210a4ea74c394701996c1b
V9-1661,copy,Sailune/RelationshipWorkspaceViews.swift,320,24,SailuneActionCopy.cancel,已共用,使用或定義集中操作文案。,Button(SailuneActionCopy.cancel) { dismiss() }.keyboardShortcut(.cancelAction),fb28f20179e9b6ed4921809e18f81d8cd750c3ba13210a4ea74c394701996c1b
V9-1662,button,Sailune/RelationshipWorkspaceViews.swift,322,17,Button(,待共用,原生 Button；須按動作角色、位置、命中與資料 action 判定共用外殼或具名例外。,"Button(""建立"", action: create)",fb28f20179e9b6ed4921809e18f81d8cd750c3ba13210a4ea74c394701996c1b
V9-1663,copy,Sailune/RelationshipWorkspaceViews.swift,322,17,"Button(""",待共用,直接 Button／Label／Menu 文案；需與同功能操作名稱及例外對照。,"Button(""建立"", action: create)",fb28f20179e9b6ed4921809e18f81d8cd750c3ba13210a4ea74c394701996c1b
V9-1664,button,Sailune/ResourcePresets.swift,275,33,Button(,待共用,原生 Button；須按動作角色、位置、命中與資料 action 判定共用外殼或具名例外。,"Button(""不選擇"") {",0bdb48201914c480b6a98437099a1cf98fef3d9c81d49fd5628eaa6ac2181e96
V9-1665,copy,Sailune/ResourcePresets.swift,275,33,"Button(""",待共用,直接 Button／Label／Menu 文案；需與同功能操作名稱及例外對照。,"Button(""不選擇"") {",0bdb48201914c480b6a98437099a1cf98fef3d9c81d49fd5628eaa6ac2181e96
V9-1666,button,Sailune/ResourcePresets.swift,280,33,Button(,待共用,原生 Button；須按動作角色、位置、命中與資料 action 判定共用外殼或具名例外。,"Button(""選擇\(displayedPreset.title)"") {",0bdb48201914c480b6a98437099a1cf98fef3d9c81d49fd5628eaa6ac2181e96
V9-1667,copy,Sailune/ResourcePresets.swift,280,33,"Button(""",待共用,直接 Button／Label／Menu 文案；需與同功能操作名稱及例外對照。,"Button(""選擇\(displayedPreset.title)"") {",0bdb48201914c480b6a98437099a1cf98fef3d9c81d49fd5628eaa6ac2181e96
V9-1668,button_style,Sailune/ResourcePresets.swift,284,33,.buttonStyle(,待共用,原生樣式；需與同語意按鈕比對，不能只按 style 名稱批量替換。,.buttonStyle(.borderedProminent),0bdb48201914c480b6a98437099a1cf98fef3d9c81d49fd5628eaa6ac2181e96
V9-1669,surface,Sailune/ResourcePresets.swift,287,29,.background(,待共用,直接背景或色值；需判定表面用途與既有 token 是否相同。,.background(.bar),0bdb48201914c480b6a98437099a1cf98fef3d9c81d49fd5628eaa6ac2181e96
V9-1670,symbol,Sailune/ResourcePresets.swift,291,62,SailuneSymbol.resource,已共用,使用或定義語意圖標 key；原字形由集中表提供。,"ContentUnavailableView(""請選擇資源"", systemImage: SailuneSymbol.resource.systemName)",0bdb48201914c480b6a98437099a1cf98fef3d9c81d49fd5628eaa6ac2181e96
V9-1671,button,Sailune/ResourcePresets.swift,296,13,Button(,待共用,原生 Button；須按動作角色、位置、命中與資料 action 判定共用外殼或具名例外。,Button(SailuneActionCopy.close) { dismiss() },0bdb48201914c480b6a98437099a1cf98fef3d9c81d49fd5628eaa6ac2181e96
V9-1672,copy,Sailune/ResourcePresets.swift,296,20,SailuneActionCopy.close,已共用,使用或定義集中操作文案。,Button(SailuneActionCopy.close) { dismiss() },0bdb48201914c480b6a98437099a1cf98fef3d9c81d49fd5628eaa6ac2181e96
V9-1673,copy,Sailune/ResourcePresets.swift,312,21,"Text(""",合理例外,靜態欄名或領域內容；非可執行操作文案，保留畫面語境。,"Text(""參考脈絡：\(preset.referenceCase)"")",0bdb48201914c480b6a98437099a1cf98fef3d9c81d49fd5628eaa6ac2181e96
V9-1674,copy,Sailune/ResourcePresets.swift,314,21,"Text(""",合理例外,靜態欄名或領域內容；非可執行操作文案，保留畫面語境。,"Text(""參考範圍：\(preset.referencePeriod)"")",0bdb48201914c480b6a98437099a1cf98fef3d9c81d49fd5628eaa6ac2181e96
V9-1675,failure_path,Sailune/RichEditorView.swift,842,19,catch,待共用,失敗分支或可選錯誤；需核對主要結果、次要錯誤記錄與恢復契約。,} catch {,ea63ad64a1a5ede96977fd4fed9b103be68c6d397591610a105983d25cf7fd91
V9-1676,failure_path,Sailune/RichEditorView.swift,853,19,catch,待共用,失敗分支或可選錯誤；需核對主要結果、次要錯誤記錄與恢復契約。,} catch {,ea63ad64a1a5ede96977fd4fed9b103be68c6d397591610a105983d25cf7fd91
V9-1677,failure_path,Sailune/RichEditorView.swift,890,15,catch,待共用,失敗分支或可選錯誤；需核對主要結果、次要錯誤記錄與恢復契約。,} catch {,ea63ad64a1a5ede96977fd4fed9b103be68c6d397591610a105983d25cf7fd91
V9-1678,copy,Sailune/SailuneAIChatSidebarView.swift,47,17,"Text(""",合理例外,靜態欄名或領域內容；非可執行操作文案，保留畫面語境。,"Text(""AI 助手"")",43ac3e02880bdd63f93c8ae6f5b28e6d86be3f4d9a327c5792574d58de6a28b8
V9-1679,symbol,Sailune/SailuneAIChatSidebarView.swift,53,27,"systemName: ""bubble.left.and.bubble.right""",待共用,直接 SF Symbol 字串；須依實際操作或資料語意分類。,"Image(systemName: ""bubble.left.and.bubble.right"")",43ac3e02880bdd63f93c8ae6f5b28e6d86be3f4d9a327c5792574d58de6a28b8
V9-1680,button_style,Sailune/SailuneAIChatSidebarView.swift,55,17,.buttonStyle(,待共用,原生樣式；需與同語意按鈕比對，不能只按 style 名稱批量替換。,.buttonStyle(.plain),43ac3e02880bdd63f93c8ae6f5b28e6d86be3f4d9a327c5792574d58de6a28b8
V9-1681,accessibility,Sailune/SailuneAIChatSidebarView.swift,56,17,.help(,待共用,直接提示或輔助描述；需核對同操作名稱及可點擊對象。,".help(""切換對話"")",43ac3e02880bdd63f93c8ae6f5b28e6d86be3f4d9a327c5792574d58de6a28b8
V9-1682,accessibility,Sailune/SailuneAIChatSidebarView.swift,57,17,.accessibilityLabel(,待共用,直接提示或輔助描述；需核對同操作名稱及可點擊對象。,".accessibilityLabel(""切換對話"")",43ac3e02880bdd63f93c8ae6f5b28e6d86be3f4d9a327c5792574d58de6a28b8
V9-1683,button,Sailune/SailuneAIChatSidebarView.swift,61,17,Button(,待共用,原生 Button；須按動作角色、位置、命中與資料 action 判定共用外殼或具名例外。,Button(action: onClose) {,43ac3e02880bdd63f93c8ae6f5b28e6d86be3f4d9a327c5792574d58de6a28b8
V9-1684,symbol,Sailune/SailuneAIChatSidebarView.swift,62,39,SailuneSymbol.close,已共用,使用或定義語意圖標 key；原字形由集中表提供。,Image(systemName: SailuneSymbol.close.systemName),43ac3e02880bdd63f93c8ae6f5b28e6d86be3f4d9a327c5792574d58de6a28b8
V9-1685,button_style,Sailune/SailuneAIChatSidebarView.swift,64,17,.buttonStyle(,待共用,原生樣式；需與同語意按鈕比對，不能只按 style 名稱批量替換。,.buttonStyle(.plain),43ac3e02880bdd63f93c8ae6f5b28e6d86be3f4d9a327c5792574d58de6a28b8
V9-1686,accessibility,Sailune/SailuneAIChatSidebarView.swift,65,17,.help(,待共用,直接提示或輔助描述；需核對同操作名稱及可點擊對象。,".help(""關閉 AI 助手"")",43ac3e02880bdd63f93c8ae6f5b28e6d86be3f4d9a327c5792574d58de6a28b8
V9-1687,accessibility,Sailune/SailuneAIChatSidebarView.swift,66,17,.accessibilityLabel(,待共用,直接提示或輔助描述；需核對同操作名稱及可點擊對象。,".accessibilityLabel(""關閉 AI 助手"")",43ac3e02880bdd63f93c8ae6f5b28e6d86be3f4d9a327c5792574d58de6a28b8
V9-1688,copy,Sailune/SailuneAIChatSidebarView.swift,83,33,"Text(""",合理例外,靜態欄名或領域內容；非可執行操作文案，保留畫面語境。,"Text(""正在回覆…"")",43ac3e02880bdd63f93c8ae6f5b28e6d86be3f4d9a327c5792574d58de6a28b8
V9-1689,symbol,Sailune/SailuneAIChatSidebarView.swift,110,76,SailuneSymbol.aiCharacterTemplate,已共用,使用或定義語意圖標 key；原字形由集中表提供。,"Label(templateSummary(characterTemplate), systemImage: SailuneSymbol.aiCharacterTemplate.systemName)",43ac3e02880bdd63f93c8ae6f5b28e6d86be3f4d9a327c5792574d58de6a28b8
V9-1690,symbol,Sailune/SailuneAIChatSidebarView.swift,116,43,SailuneSymbol.removeSelection,已共用,使用或定義語意圖標 key；原字形由集中表提供。,Image(systemName: SailuneSymbol.removeSelection.systemName),43ac3e02880bdd63f93c8ae6f5b28e6d86be3f4d9a327c5792574d58de6a28b8
V9-1691,button_style,Sailune/SailuneAIChatSidebarView.swift,118,21,.buttonStyle(,待共用,原生樣式；需與同語意按鈕比對，不能只按 style 名稱批量替換。,.buttonStyle(.plain),43ac3e02880bdd63f93c8ae6f5b28e6d86be3f4d9a327c5792574d58de6a28b8
V9-1692,accessibility,Sailune/SailuneAIChatSidebarView.swift,119,21,.help(,待共用,直接提示或輔助描述；需核對同操作名稱及可點擊對象。,".help(""移除角色整理模板"")",43ac3e02880bdd63f93c8ae6f5b28e6d86be3f4d9a327c5792574d58de6a28b8
V9-1693,accessibility,Sailune/SailuneAIChatSidebarView.swift,120,21,.accessibilityLabel(,待共用,直接提示或輔助描述；需核對同操作名稱及可點擊對象。,".accessibilityLabel(""移除角色整理模板"")",43ac3e02880bdd63f93c8ae6f5b28e6d86be3f4d9a327c5792574d58de6a28b8
V9-1694,symbol,Sailune/SailuneAIChatSidebarView.swift,127,75,SailuneSymbol.aiReadingScope,已共用,使用或定義語意圖標 key；原字形由集中表提供。,"Label(selectedScopeTitle(selectedScope), systemImage: SailuneSymbol.aiReadingScope.systemName)",43ac3e02880bdd63f93c8ae6f5b28e6d86be3f4d9a327c5792574d58de6a28b8
V9-1695,button,Sailune/SailuneAIChatSidebarView.swift,130,21,Button(,待共用,原生 Button；須按動作角色、位置、命中與資料 action 判定共用外殼或具名例外。,"Button(""生成摘要"") {",43ac3e02880bdd63f93c8ae6f5b28e6d86be3f4d9a327c5792574d58de6a28b8
V9-1696,copy,Sailune/SailuneAIChatSidebarView.swift,130,21,"Button(""",待共用,直接 Button／Label／Menu 文案；需與同功能操作名稱及例外對照。,"Button(""生成摘要"") {",43ac3e02880bdd63f93c8ae6f5b28e6d86be3f4d9a327c5792574d58de6a28b8
V9-1697,button_style,Sailune/SailuneAIChatSidebarView.swift,133,21,.buttonStyle(,待共用,原生樣式；需與同語意按鈕比對，不能只按 style 名稱批量替換。,.buttonStyle(.plain),43ac3e02880bdd63f93c8ae6f5b28e6d86be3f4d9a327c5792574d58de6a28b8
V9-1698,symbol,Sailune/SailuneAIChatSidebarView.swift,138,43,SailuneSymbol.removeSelection,已共用,使用或定義語意圖標 key；原字形由集中表提供。,Image(systemName: SailuneSymbol.removeSelection.systemName),43ac3e02880bdd63f93c8ae6f5b28e6d86be3f4d9a327c5792574d58de6a28b8
V9-1699,button_style,Sailune/SailuneAIChatSidebarView.swift,140,21,.buttonStyle(,待共用,原生樣式；需與同語意按鈕比對，不能只按 style 名稱批量替換。,.buttonStyle(.plain),43ac3e02880bdd63f93c8ae6f5b28e6d86be3f4d9a327c5792574d58de6a28b8
V9-1700,accessibility,Sailune/SailuneAIChatSidebarView.swift,141,21,.help(,待共用,直接提示或輔助描述；需核對同操作名稱及可點擊對象。,".help(""移除閱讀範圍"")",43ac3e02880bdd63f93c8ae6f5b28e6d86be3f4d9a327c5792574d58de6a28b8
V9-1701,accessibility,Sailune/SailuneAIChatSidebarView.swift,142,21,.accessibilityLabel(,待共用,直接提示或輔助描述；需核對同操作名稱及可點擊對象。,".accessibilityLabel(""移除閱讀範圍"")",43ac3e02880bdd63f93c8ae6f5b28e6d86be3f4d9a327c5792574d58de6a28b8
V9-1702,button,Sailune/SailuneAIChatSidebarView.swift,151,21,Button(,待共用,原生 Button；須按動作角色、位置、命中與資料 action 判定共用外殼或具名例外。,"Button(""加入閱讀範圍…"", systemImage: SailuneSymbol.aiReadingScope.systemName) {",43ac3e02880bdd63f93c8ae6f5b28e6d86be3f4d9a327c5792574d58de6a28b8
V9-1703,copy,Sailune/SailuneAIChatSidebarView.swift,151,21,"Button(""",待共用,直接 Button／Label／Menu 文案；需與同功能操作名稱及例外對照。,"Button(""加入閱讀範圍…"", systemImage: SailuneSymbol.aiReadingScope.systemName) {",43ac3e02880bdd63f93c8ae6f5b28e6d86be3f4d9a327c5792574d58de6a28b8
V9-1704,symbol,Sailune/SailuneAIChatSidebarView.swift,151,52,SailuneSymbol.aiReadingScope,已共用,使用或定義語意圖標 key；原字形由集中表提供。,"Button(""加入閱讀範圍…"", systemImage: SailuneSymbol.aiReadingScope.systemName) {",43ac3e02880bdd63f93c8ae6f5b28e6d86be3f4d9a327c5792574d58de6a28b8
V9-1705,button,Sailune/SailuneAIChatSidebarView.swift,155,21,Button(,待共用,原生 Button；須按動作角色、位置、命中與資料 action 判定共用外殼或具名例外。,"Button(""設定分析…"", systemImage: ""list.clipboard"") {",43ac3e02880bdd63f93c8ae6f5b28e6d86be3f4d9a327c5792574d58de6a28b8
V9-1706,copy,Sailune/SailuneAIChatSidebarView.swift,155,21,"Button(""",待共用,直接 Button／Label／Menu 文案；需與同功能操作名稱及例外對照。,"Button(""設定分析…"", systemImage: ""list.clipboard"") {",43ac3e02880bdd63f93c8ae6f5b28e6d86be3f4d9a327c5792574d58de6a28b8
V9-1707,symbol,Sailune/SailuneAIChatSidebarView.swift,155,37,"systemImage: ""list.clipboard""",待共用,直接 SF Symbol 字串；須依實際操作或資料語意分類。,"Button(""設定分析…"", systemImage: ""list.clipboard"") {",43ac3e02880bdd63f93c8ae6f5b28e6d86be3f4d9a327c5792574d58de6a28b8
V9-1708,button,Sailune/SailuneAIChatSidebarView.swift,162,21,Button(,待共用,原生 Button；須按動作角色、位置、命中與資料 action 判定共用外殼或具名例外。,"Button(""角色比較…"", systemImage: ""person.crop.rectangle.stack"") {",43ac3e02880bdd63f93c8ae6f5b28e6d86be3f4d9a327c5792574d58de6a28b8
V9-1709,copy,Sailune/SailuneAIChatSidebarView.swift,162,21,"Button(""",待共用,直接 Button／Label／Menu 文案；需與同功能操作名稱及例外對照。,"Button(""角色比較…"", systemImage: ""person.crop.rectangle.stack"") {",43ac3e02880bdd63f93c8ae6f5b28e6d86be3f4d9a327c5792574d58de6a28b8
V9-1710,symbol,Sailune/SailuneAIChatSidebarView.swift,162,37,"systemImage: ""person.crop.rectangle.stack""",待共用,直接 SF Symbol 字串；須依實際操作或資料語意分類。,"Button(""角色比較…"", systemImage: ""person.crop.rectangle.stack"") {",43ac3e02880bdd63f93c8ae6f5b28e6d86be3f4d9a327c5792574d58de6a28b8
V9-1711,button,Sailune/SailuneAIChatSidebarView.swift,168,21,Button(,待共用,原生 Button；須按動作角色、位置、命中與資料 action 判定共用外殼或具名例外。,"Button(""角色資訊整理…"", systemImage: SailuneSymbol.aiCharacterTemplate.systemName) {",43ac3e02880bdd63f93c8ae6f5b28e6d86be3f4d9a327c5792574d58de6a28b8
V9-1712,copy,Sailune/SailuneAIChatSidebarView.swift,168,21,"Button(""",待共用,直接 Button／Label／Menu 文案；需與同功能操作名稱及例外對照。,"Button(""角色資訊整理…"", systemImage: SailuneSymbol.aiCharacterTemplate.systemName) {",43ac3e02880bdd63f93c8ae6f5b28e6d86be3f4d9a327c5792574d58de6a28b8
V9-1713,symbol,Sailune/SailuneAIChatSidebarView.swift,168,52,SailuneSymbol.aiCharacterTemplate,已共用,使用或定義語意圖標 key；原字形由集中表提供。,"Button(""角色資訊整理…"", systemImage: SailuneSymbol.aiCharacterTemplate.systemName) {",43ac3e02880bdd63f93c8ae6f5b28e6d86be3f4d9a327c5792574d58de6a28b8
V9-1714,symbol,Sailune/SailuneAIChatSidebarView.swift,177,39,SailuneSymbol.add,已共用,使用或定義語意圖標 key；原字形由集中表提供。,Image(systemName: SailuneSymbol.add.systemName),43ac3e02880bdd63f93c8ae6f5b28e6d86be3f4d9a327c5792574d58de6a28b8
V9-1715,button_style,Sailune/SailuneAIChatSidebarView.swift,179,17,.buttonStyle(,待共用,原生樣式；需與同語意按鈕比對，不能只按 style 名稱批量替換。,.buttonStyle(.plain),43ac3e02880bdd63f93c8ae6f5b28e6d86be3f4d9a327c5792574d58de6a28b8
V9-1716,accessibility,Sailune/SailuneAIChatSidebarView.swift,181,17,.help(,待共用,直接提示或輔助描述；需核對同操作名稱及可點擊對象。,".help(""加入節次或角色整理模板"")",43ac3e02880bdd63f93c8ae6f5b28e6d86be3f4d9a327c5792574d58de6a28b8
V9-1717,accessibility,Sailune/SailuneAIChatSidebarView.swift,182,17,.accessibilityLabel(,待共用,直接提示或輔助描述；需核對同操作名稱及可點擊對象。,".accessibilityLabel(""加入內容"")",43ac3e02880bdd63f93c8ae6f5b28e6d86be3f4d9a327c5792574d58de6a28b8
V9-1718,dialog,Sailune/SailuneAIChatSidebarView.swift,183,17,.sheet(,待共用,原生呈現入口；需按確認、錯誤、取消及資料後果分組，僅呈現外殼可共用。,.sheet(isPresented: $showingReadingRange) {,43ac3e02880bdd63f93c8ae6f5b28e6d86be3f4d9a327c5792574d58de6a28b8
V9-1719,dialog,Sailune/SailuneAIChatSidebarView.swift,186,17,.sheet(,待共用,原生呈現入口；需按確認、錯誤、取消及資料後果分組，僅呈現外殼可共用。,.sheet(isPresented: $showingSettingAnalysis) {,43ac3e02880bdd63f93c8ae6f5b28e6d86be3f4d9a327c5792574d58de6a28b8
V9-1720,dialog,Sailune/SailuneAIChatSidebarView.swift,189,17,.sheet(,待共用,原生呈現入口；需按確認、錯誤、取消及資料後果分組，僅呈現外殼可共用。,.sheet(isPresented: $showingCharacterComparison) {,43ac3e02880bdd63f93c8ae6f5b28e6d86be3f4d9a327c5792574d58de6a28b8
V9-1721,dialog,Sailune/SailuneAIChatSidebarView.swift,192,17,.sheet(,待共用,原生呈現入口；需按確認、錯誤、取消及資料後果分組，僅呈現外殼可共用。,.sheet(isPresented: $showingCharacterTemplate) {,43ac3e02880bdd63f93c8ae6f5b28e6d86be3f4d9a327c5792574d58de6a28b8
V9-1722,field,Sailune/SailuneAIChatSidebarView.swift,196,17,TextField(,待共用,原生欄位；需檢查數值、焦點、提交與多行等專用契約。,"TextField(""輸入訊息…"", text: $draft, axis: .vertical)",43ac3e02880bdd63f93c8ae6f5b28e6d86be3f4d9a327c5792574d58de6a28b8
V9-1723,accessibility,Sailune/SailuneAIChatSidebarView.swift,200,21,.accessibilityLabel(,待共用,直接提示或輔助描述；需核對同操作名稱及可點擊對象。,".accessibilityLabel(""輸入給 AI 助手的訊息"")",43ac3e02880bdd63f93c8ae6f5b28e6d86be3f4d9a327c5792574d58de6a28b8
V9-1724,symbol,Sailune/SailuneAIChatSidebarView.swift,204,31,"systemName: ""stop.fill""",待共用,直接 SF Symbol 字串；須依實際操作或資料語意分類。,"Image(systemName: ""stop.fill"")",43ac3e02880bdd63f93c8ae6f5b28e6d86be3f4d9a327c5792574d58de6a28b8
V9-1725,accessibility,Sailune/SailuneAIChatSidebarView.swift,206,21,.help(,待共用,直接提示或輔助描述；需核對同操作名稱及可點擊對象。,".help(""取消請求"")",43ac3e02880bdd63f93c8ae6f5b28e6d86be3f4d9a327c5792574d58de6a28b8
V9-1726,accessibility,Sailune/SailuneAIChatSidebarView.swift,207,21,.accessibilityLabel(,待共用,直接提示或輔助描述；需核對同操作名稱及可點擊對象。,".accessibilityLabel(""取消 AI 請求"")",43ac3e02880bdd63f93c8ae6f5b28e6d86be3f4d9a327c5792574d58de6a28b8
V9-1727,button,Sailune/SailuneAIChatSidebarView.swift,209,21,Button(,待共用,原生 Button；須按動作角色、位置、命中與資料 action 判定共用外殼或具名例外。,Button(action: send) {,43ac3e02880bdd63f93c8ae6f5b28e6d86be3f4d9a327c5792574d58de6a28b8
V9-1728,symbol,Sailune/SailuneAIChatSidebarView.swift,210,31,"systemName: ""arrow.up""",待共用,直接 SF Symbol 字串；須依實際操作或資料語意分類。,"Image(systemName: ""arrow.up"")",43ac3e02880bdd63f93c8ae6f5b28e6d86be3f4d9a327c5792574d58de6a28b8
V9-1729,accessibility,Sailune/SailuneAIChatSidebarView.swift,213,21,.help(,待共用,直接提示或輔助描述；需核對同操作名稱及可點擊對象。,".help(""送出訊息"")",43ac3e02880bdd63f93c8ae6f5b28e6d86be3f4d9a327c5792574d58de6a28b8
V9-1730,accessibility,Sailune/SailuneAIChatSidebarView.swift,214,21,.accessibilityLabel(,待共用,直接提示或輔助描述；需核對同操作名稱及可點擊對象。,".accessibilityLabel(""送出訊息"")",43ac3e02880bdd63f93c8ae6f5b28e6d86be3f4d9a327c5792574d58de6a28b8
V9-1731,dialog,Sailune/SailuneAIChatSidebarView.swift,229,9,.alert(,待共用,原生呈現入口；需按確認、錯誤、取消及資料後果分組，僅呈現外殼可共用。,".alert(""刪除對話？"", isPresented: Binding(",43ac3e02880bdd63f93c8ae6f5b28e6d86be3f4d9a327c5792574d58de6a28b8
V9-1732,button,Sailune/SailuneAIChatSidebarView.swift,233,13,Button(,待共用,原生 Button；須按動作角色、位置、命中與資料 action 判定共用外殼或具名例外。,"Button(""刪除對話"", role: .destructive) {",43ac3e02880bdd63f93c8ae6f5b28e6d86be3f4d9a327c5792574d58de6a28b8
V9-1733,copy,Sailune/SailuneAIChatSidebarView.swift,233,13,"Button(""",待共用,直接 Button／Label／Menu 文案；需與同功能操作名稱及例外對照。,"Button(""刪除對話"", role: .destructive) {",43ac3e02880bdd63f93c8ae6f5b28e6d86be3f4d9a327c5792574d58de6a28b8
V9-1734,button,Sailune/SailuneAIChatSidebarView.swift,239,13,Button(,待共用,原生 Button；須按動作角色、位置、命中與資料 action 判定共用外殼或具名例外。,"Button(SailuneActionCopy.cancel, role: .cancel) {",43ac3e02880bdd63f93c8ae6f5b28e6d86be3f4d9a327c5792574d58de6a28b8
V9-1735,copy,Sailune/SailuneAIChatSidebarView.swift,239,20,SailuneActionCopy.cancel,已共用,使用或定義集中操作文案。,"Button(SailuneActionCopy.cancel, role: .cancel) {",43ac3e02880bdd63f93c8ae6f5b28e6d86be3f4d9a327c5792574d58de6a28b8
V9-1736,copy,Sailune/SailuneAIChatSidebarView.swift,243,13,"Text(""",合理例外,靜態欄名或領域內容；非可執行操作文案，保留畫面語境。,"Text(""這段對話及其中已加入的正文與設定快照會永久刪除。"")",43ac3e02880bdd63f93c8ae6f5b28e6d86be3f4d9a327c5792574d58de6a28b8
V9-1737,copy,Sailune/SailuneAIChatSidebarView.swift,250,17,"Text(""",合理例外,靜態欄名或領域內容；非可執行操作文案，保留畫面語境。,"Text(""對話"")",43ac3e02880bdd63f93c8ae6f5b28e6d86be3f4d9a327c5792574d58de6a28b8
V9-1738,symbol,Sailune/SailuneAIChatSidebarView.swift,257,39,SailuneSymbol.add,已共用,使用或定義語意圖標 key；原字形由集中表提供。,Image(systemName: SailuneSymbol.add.systemName),43ac3e02880bdd63f93c8ae6f5b28e6d86be3f4d9a327c5792574d58de6a28b8
V9-1739,button_style,Sailune/SailuneAIChatSidebarView.swift,259,17,.buttonStyle(,待共用,原生樣式；需與同語意按鈕比對，不能只按 style 名稱批量替換。,.buttonStyle(.plain),43ac3e02880bdd63f93c8ae6f5b28e6d86be3f4d9a327c5792574d58de6a28b8
V9-1740,accessibility,Sailune/SailuneAIChatSidebarView.swift,260,17,.help(,待共用,直接提示或輔助描述；需核對同操作名稱及可點擊對象。,".help(""新增對話"")",43ac3e02880bdd63f93c8ae6f5b28e6d86be3f4d9a327c5792574d58de6a28b8
V9-1741,accessibility,Sailune/SailuneAIChatSidebarView.swift,261,17,.accessibilityLabel(,待共用,直接提示或輔助描述；需核對同操作名稱及可點擊對象。,".accessibilityLabel(""新增對話"")",43ac3e02880bdd63f93c8ae6f5b28e6d86be3f4d9a327c5792574d58de6a28b8
V9-1742,symbol,Sailune/SailuneAIChatSidebarView.swift,273,59,SailuneSymbol.selected,已共用,使用或定義語意圖標 key；原字形由集中表提供。,Image(systemName: SailuneSymbol.selected.systemName),43ac3e02880bdd63f93c8ae6f5b28e6d86be3f4d9a327c5792574d58de6a28b8
V9-1743,button_style,Sailune/SailuneAIChatSidebarView.swift,286,29,.buttonStyle(,待共用,原生樣式；需與同語意按鈕比對，不能只按 style 名稱批量替換。,.buttonStyle(.plain),43ac3e02880bdd63f93c8ae6f5b28e6d86be3f4d9a327c5792574d58de6a28b8
V9-1744,symbol,Sailune/SailuneAIChatSidebarView.swift,291,51,SailuneSymbol.delete,已共用,使用或定義語意圖標 key；原字形由集中表提供。,Image(systemName: SailuneSymbol.delete.systemName),43ac3e02880bdd63f93c8ae6f5b28e6d86be3f4d9a327c5792574d58de6a28b8
V9-1745,button_style,Sailune/SailuneAIChatSidebarView.swift,293,29,.buttonStyle(,待共用,原生樣式；需與同語意按鈕比對，不能只按 style 名稱批量替換。,.buttonStyle(.plain),43ac3e02880bdd63f93c8ae6f5b28e6d86be3f4d9a327c5792574d58de6a28b8
V9-1746,accessibility,Sailune/SailuneAIChatSidebarView.swift,294,29,.help(,待共用,直接提示或輔助描述；需核對同操作名稱及可點擊對象。,".help(""刪除對話"")",43ac3e02880bdd63f93c8ae6f5b28e6d86be3f4d9a327c5792574d58de6a28b8
V9-1747,accessibility,Sailune/SailuneAIChatSidebarView.swift,295,29,.accessibilityLabel(,待共用,直接提示或輔助描述；需核對同操作名稱及可點擊對象。,".accessibilityLabel(""刪除對話：\(conversation.title)"")",43ac3e02880bdd63f93c8ae6f5b28e6d86be3f4d9a327c5792574d58de6a28b8
V9-1748,surface,Sailune/SailuneAIChatSidebarView.swift,334,17,.background(,待共用,直接背景或色值；需判定表面用途與既有 token 是否相同。,".background(.quaternary, in: RoundedRectangle(cornerRadius: 6))",43ac3e02880bdd63f93c8ae6f5b28e6d86be3f4d9a327c5792574d58de6a28b8
V9-1749,surface,Sailune/SailuneAIChatSidebarView.swift,339,9,.background(,待共用,直接背景或色值；需判定表面用途與既有 token 是否相同。,.background(,43ac3e02880bdd63f93c8ae6f5b28e6d86be3f4d9a327c5792574d58de6a28b8
V9-1750,surface,Sailune/SailuneAIChatSidebarView.swift,340,71,Color.secondary.opacity(,待共用,直接背景或色值；需判定表面用途與既有 token 是否相同。,"message.role == .user ? Color.accentColor.opacity(0.12) : Color.secondary.opacity(0.08),",43ac3e02880bdd63f93c8ae6f5b28e6d86be3f4d9a327c5792574d58de6a28b8
V9-1751,copy,Sailune/SailuneAIChatSidebarView.swift,402,21,"Text(""",合理例外,靜態欄名或領域內容；非可執行操作文案，保留畫面語境。,"Text(""選擇節次"").tag(Optional<UUID>.none)",43ac3e02880bdd63f93c8ae6f5b28e6d86be3f4d9a327c5792574d58de6a28b8
V9-1752,copy,Sailune/SailuneAIChatSidebarView.swift,409,21,"Text(""",合理例外,靜態欄名或領域內容；非可執行操作文案，保留畫面語境。,"Text(""選擇卷次"").tag(Optional<UUID>.none)",43ac3e02880bdd63f93c8ae6f5b28e6d86be3f4d9a327c5792574d58de6a28b8
V9-1753,copy,Sailune/SailuneAIChatSidebarView.swift,425,21,"Text(""",合理例外,靜態欄名或領域內容；非可執行操作文案，保留畫面語境。,"Text(""範圍：\(selectedScopeTitle(selectedScopeForForm))"")",43ac3e02880bdd63f93c8ae6f5b28e6d86be3f4d9a327c5792574d58de6a28b8
V9-1754,button,Sailune/SailuneAIChatSidebarView.swift,433,21,Button(,待共用,原生 Button；須按動作角色、位置、命中與資料 action 判定共用外殼或具名例外。,Button(SailuneActionCopy.cancel) { showingReadingRange = false },43ac3e02880bdd63f93c8ae6f5b28e6d86be3f4d9a327c5792574d58de6a28b8
V9-1755,copy,Sailune/SailuneAIChatSidebarView.swift,433,28,SailuneActionCopy.cancel,已共用,使用或定義集中操作文案。,Button(SailuneActionCopy.cancel) { showingReadingRange = false },43ac3e02880bdd63f93c8ae6f5b28e6d86be3f4d9a327c5792574d58de6a28b8
V9-1756,button,Sailune/SailuneAIChatSidebarView.swift,436,21,Button(,待共用,原生 Button；須按動作角色、位置、命中與資料 action 判定共用外殼或具名例外。,"Button(""加入範圍"") {",43ac3e02880bdd63f93c8ae6f5b28e6d86be3f4d9a327c5792574d58de6a28b8
V9-1757,copy,Sailune/SailuneAIChatSidebarView.swift,436,21,"Button(""",待共用,直接 Button／Label／Menu 文案；需與同功能操作名稱及例外對照。,"Button(""加入範圍"") {",43ac3e02880bdd63f93c8ae6f5b28e6d86be3f4d9a327c5792574d58de6a28b8
V9-1758,copy,Sailune/SailuneAIChatSidebarView.swift,463,21,"Text(""",合理例外,靜態欄名或領域內容；非可執行操作文案，保留畫面語境。,"Text(""目前作品沒有已建立的\(settingKind.rawValue)資料。"")",43ac3e02880bdd63f93c8ae6f5b28e6d86be3f4d9a327c5792574d58de6a28b8
V9-1759,copy,Sailune/SailuneAIChatSidebarView.swift,467,25,"Text(""",合理例外,靜態欄名或領域內容；非可執行操作文案，保留畫面語境。,"Text(""選擇既有\(settingKind.rawValue)"").tag(Optional<UUID>.none)",43ac3e02880bdd63f93c8ae6f5b28e6d86be3f4d9a327c5792574d58de6a28b8
V9-1760,button,Sailune/SailuneAIChatSidebarView.swift,492,21,Button(,待共用,原生 Button；須按動作角色、位置、命中與資料 action 判定共用外殼或具名例外。,Button(SailuneActionCopy.cancel) { showingSettingAnalysis = false },43ac3e02880bdd63f93c8ae6f5b28e6d86be3f4d9a327c5792574d58de6a28b8
V9-1761,copy,Sailune/SailuneAIChatSidebarView.swift,492,28,SailuneActionCopy.cancel,已共用,使用或定義集中操作文案。,Button(SailuneActionCopy.cancel) { showingSettingAnalysis = false },43ac3e02880bdd63f93c8ae6f5b28e6d86be3f4d9a327c5792574d58de6a28b8
V9-1762,button,Sailune/SailuneAIChatSidebarView.swift,495,21,Button(,待共用,原生 Button；須按動作角色、位置、命中與資料 action 判定共用外殼或具名例外。,"Button(""開始分析"") { runSettingAnalysis() }",43ac3e02880bdd63f93c8ae6f5b28e6d86be3f4d9a327c5792574d58de6a28b8
V9-1763,copy,Sailune/SailuneAIChatSidebarView.swift,495,21,"Button(""",待共用,直接 Button／Label／Menu 文案；需與同功能操作名稱及例外對照。,"Button(""開始分析"") { runSettingAnalysis() }",43ac3e02880bdd63f93c8ae6f5b28e6d86be3f4d9a327c5792574d58de6a28b8
V9-1764,copy,Sailune/SailuneAIChatSidebarView.swift,508,21,"Text(""",合理例外,靜態欄名或領域內容；非可執行操作文案，保留畫面語境。,"Text(""目前作品沒有已建立的角色資料。"")",43ac3e02880bdd63f93c8ae6f5b28e6d86be3f4d9a327c5792574d58de6a28b8
V9-1765,copy,Sailune/SailuneAIChatSidebarView.swift,512,25,"Text(""",合理例外,靜態欄名或領域內容；非可執行操作文案，保留畫面語境。,"Text(""選擇既有角色"").tag(Optional<UUID>.none)",43ac3e02880bdd63f93c8ae6f5b28e6d86be3f4d9a327c5792574d58de6a28b8
V9-1766,button,Sailune/SailuneAIChatSidebarView.swift,537,21,Button(,待共用,原生 Button；須按動作角色、位置、命中與資料 action 判定共用外殼或具名例外。,Button(SailuneActionCopy.cancel) { showingCharacterComparison = false },43ac3e02880bdd63f93c8ae6f5b28e6d86be3f4d9a327c5792574d58de6a28b8
V9-1767,copy,Sailune/SailuneAIChatSidebarView.swift,537,28,SailuneActionCopy.cancel,已共用,使用或定義集中操作文案。,Button(SailuneActionCopy.cancel) { showingCharacterComparison = false },43ac3e02880bdd63f93c8ae6f5b28e6d86be3f4d9a327c5792574d58de6a28b8
V9-1768,button,Sailune/SailuneAIChatSidebarView.swift,540,21,Button(,待共用,原生 Button；須按動作角色、位置、命中與資料 action 判定共用外殼或具名例外。,"Button(""開始比較"") { runCharacterComparison() }",43ac3e02880bdd63f93c8ae6f5b28e6d86be3f4d9a327c5792574d58de6a28b8
V9-1769,copy,Sailune/SailuneAIChatSidebarView.swift,540,21,"Button(""",待共用,直接 Button／Label／Menu 文案；需與同功能操作名稱及例外對照。,"Button(""開始比較"") { runCharacterComparison() }",43ac3e02880bdd63f93c8ae6f5b28e6d86be3f4d9a327c5792574d58de6a28b8
V9-1770,button,Sailune/SailuneAIChatSidebarView.swift,633,21,Button(,待共用,原生 Button；須按動作角色、位置、命中與資料 action 判定共用外殼或具名例外。,Button(SailuneActionCopy.cancel) { showingCharacterTemplate = false },43ac3e02880bdd63f93c8ae6f5b28e6d86be3f4d9a327c5792574d58de6a28b8
V9-1771,copy,Sailune/SailuneAIChatSidebarView.swift,633,28,SailuneActionCopy.cancel,已共用,使用或定義集中操作文案。,Button(SailuneActionCopy.cancel) { showingCharacterTemplate = false },43ac3e02880bdd63f93c8ae6f5b28e6d86be3f4d9a327c5792574d58de6a28b8
V9-1772,button,Sailune/SailuneAIChatSidebarView.swift,636,21,Button(,待共用,原生 Button；須按動作角色、位置、命中與資料 action 判定共用外殼或具名例外。,"Button(""套用"") {",43ac3e02880bdd63f93c8ae6f5b28e6d86be3f4d9a327c5792574d58de6a28b8
V9-1773,copy,Sailune/SailuneAIChatSidebarView.swift,636,21,"Button(""",待共用,直接 Button／Label／Menu 文案；需與同功能操作名稱及例外對照。,"Button(""套用"") {",43ac3e02880bdd63f93c8ae6f5b28e6d86be3f4d9a327c5792574d58de6a28b8
V9-1774,failure_path,Sailune/SailuneAIChatViewModel.swift,35,15,catch,待共用,失敗分支或可選錯誤；需核對主要結果、次要錯誤記錄與恢復契約。,} catch {,9c6775583e5b1d90706d50d1d2304e950707242f814aa9b2912926d35ebc093e
V9-1775,failure_path,Sailune/SailuneAIChatViewModel.swift,87,11,catch,待共用,失敗分支或可選錯誤；需核對主要結果、次要錯誤記錄與恢復契約。,} catch {,9c6775583e5b1d90706d50d1d2304e950707242f814aa9b2912926d35ebc093e
V9-1776,failure_path,Sailune/SailuneAIChatViewModel.swift,116,11,catch,待共用,失敗分支或可選錯誤；需核對主要結果、次要錯誤記錄與恢復契約。,} catch {,9c6775583e5b1d90706d50d1d2304e950707242f814aa9b2912926d35ebc093e
V9-1777,failure_path,Sailune/SailuneAIChatViewModel.swift,139,15,catch,待共用,失敗分支或可選錯誤；需核對主要結果、次要錯誤記錄與恢復契約。,} catch {,9c6775583e5b1d90706d50d1d2304e950707242f814aa9b2912926d35ebc093e
V9-1778,failure_path,Sailune/SailuneAIChatViewModel.swift,162,11,catch,待共用,失敗分支或可選錯誤；需核對主要結果、次要錯誤記錄與恢復契約。,} catch {,9c6775583e5b1d90706d50d1d2304e950707242f814aa9b2912926d35ebc093e
V9-1779,failure_path,Sailune/SailuneAIChatViewModel.swift,199,15,catch,待共用,失敗分支或可選錯誤；需核對主要結果、次要錯誤記錄與恢復契約。,} catch {,9c6775583e5b1d90706d50d1d2304e950707242f814aa9b2912926d35ebc093e
V9-1780,failure_path,Sailune/SailuneAIChatViewModel.swift,223,15,catch,待共用,失敗分支或可選錯誤；需核對主要結果、次要錯誤記錄與恢復契約。,} catch {,9c6775583e5b1d90706d50d1d2304e950707242f814aa9b2912926d35ebc093e
V9-1781,failure_path,Sailune/SailuneAIClient.swift,108,15,catch,待共用,失敗分支或可選錯誤；需核對主要結果、次要錯誤記錄與恢復契約。,} catch {,47ae9ff079dafcdf7c0dfe3b9f62623e9fcd2ccdc425649761788ab32c98b274
V9-1782,failure_path,Sailune/SailuneAIClient.swift,145,11,catch,待共用,失敗分支或可選錯誤；需核對主要結果、次要錯誤記錄與恢復契約。,} catch {,47ae9ff079dafcdf7c0dfe3b9f62623e9fcd2ccdc425649761788ab32c98b274
V9-1783,failure_path,Sailune/SailuneAIClient.swift,242,11,catch,待共用,失敗分支或可選錯誤；需核對主要結果、次要錯誤記錄與恢復契約。,} catch {,47ae9ff079dafcdf7c0dfe3b9f62623e9fcd2ccdc425649761788ab32c98b274
V9-1784,failure_path,Sailune/SailuneAIClient.swift,254,11,catch,待共用,失敗分支或可選錯誤；需核對主要結果、次要錯誤記錄與恢復契約。,} catch {,47ae9ff079dafcdf7c0dfe3b9f62623e9fcd2ccdc425649761788ab32c98b274
V9-1785,failure_path,Sailune/SailuneApp.swift,77,11,catch,待共用,失敗分支或可選錯誤；需核對主要結果、次要錯誤記錄與恢復契約。,} catch {,7ce22a314eced61a7d92c61634baa347ab0250e679f7b7595eb7a92bb9b2ab03
V9-1786,failure_path,Sailune/SailuneApp.swift,88,11,catch,待共用,失敗分支或可選錯誤；需核對主要結果、次要錯誤記錄與恢復契約。,} catch {,7ce22a314eced61a7d92c61634baa347ab0250e679f7b7595eb7a92bb9b2ab03
V9-1787,failure_path,Sailune/SailuneApp.swift,93,11,catch,待共用,失敗分支或可選錯誤；需核對主要結果、次要錯誤記錄與恢復契約。,} catch {,7ce22a314eced61a7d92c61634baa347ab0250e679f7b7595eb7a92bb9b2ab03
V9-1788,failure_path,Sailune/SailuneApp.swift,102,11,catch,待共用,失敗分支或可選錯誤；需核對主要結果、次要錯誤記錄與恢復契約。,} catch {,7ce22a314eced61a7d92c61634baa347ab0250e679f7b7595eb7a92bb9b2ab03
V9-1789,failure_path,Sailune/SailuneApp.swift,112,11,catch,待共用,失敗分支或可選錯誤；需核對主要結果、次要錯誤記錄與恢復契約。,} catch {,7ce22a314eced61a7d92c61634baa347ab0250e679f7b7595eb7a92bb9b2ab03
V9-1790,failure_path,Sailune/SailuneApp.swift,117,11,catch,待共用,失敗分支或可選錯誤；需核對主要結果、次要錯誤記錄與恢復契約。,} catch {,7ce22a314eced61a7d92c61634baa347ab0250e679f7b7595eb7a92bb9b2ab03
V9-1791,failure_path,Sailune/SailuneApp.swift,122,11,catch,待共用,失敗分支或可選錯誤；需核對主要結果、次要錯誤記錄與恢復契約。,} catch {,7ce22a314eced61a7d92c61634baa347ab0250e679f7b7595eb7a92bb9b2ab03
V9-1792,failure_path,Sailune/SailuneApp.swift,127,11,catch,待共用,失敗分支或可選錯誤；需核對主要結果、次要錯誤記錄與恢復契約。,} catch {,7ce22a314eced61a7d92c61634baa347ab0250e679f7b7595eb7a92bb9b2ab03
V9-1793,failure_path,Sailune/SailuneApp.swift,139,11,catch,待共用,失敗分支或可選錯誤；需核對主要結果、次要錯誤記錄與恢復契約。,} catch {,7ce22a314eced61a7d92c61634baa347ab0250e679f7b7595eb7a92bb9b2ab03
V9-1794,failure_path,Sailune/SailuneApp.swift,144,11,catch,待共用,失敗分支或可選錯誤；需核對主要結果、次要錯誤記錄與恢復契約。,} catch {,7ce22a314eced61a7d92c61634baa347ab0250e679f7b7595eb7a92bb9b2ab03
V9-1795,failure_path,Sailune/SailuneApp.swift,149,11,catch,待共用,失敗分支或可選錯誤；需核對主要結果、次要錯誤記錄與恢復契約。,} catch {,7ce22a314eced61a7d92c61634baa347ab0250e679f7b7595eb7a92bb9b2ab03
V9-1796,failure_path,Sailune/SailuneApp.swift,154,11,catch,待共用,失敗分支或可選錯誤；需核對主要結果、次要錯誤記錄與恢復契約。,} catch {,7ce22a314eced61a7d92c61634baa347ab0250e679f7b7595eb7a92bb9b2ab03
V9-1797,failure_path,Sailune/SailuneApp.swift,184,11,catch,待共用,失敗分支或可選錯誤；需核對主要結果、次要錯誤記錄與恢復契約。,} catch {,7ce22a314eced61a7d92c61634baa347ab0250e679f7b7595eb7a92bb9b2ab03
V9-1798,failure_path,Sailune/SailuneApp.swift,189,11,catch,待共用,失敗分支或可選錯誤；需核對主要結果、次要錯誤記錄與恢復契約。,} catch {,7ce22a314eced61a7d92c61634baa347ab0250e679f7b7595eb7a92bb9b2ab03
V9-1799,failure_path,Sailune/SailuneApp.swift,198,11,catch,待共用,失敗分支或可選錯誤；需核對主要結果、次要錯誤記錄與恢復契約。,"} catch { throw StartupStageError(stage: ""能力進度資料庫載入失敗"", underlying: error) }",7ce22a314eced61a7d92c61634baa347ab0250e679f7b7595eb7a92bb9b2ab03
V9-1800,failure_path,Sailune/SailuneApp.swift,208,11,catch,待共用,失敗分支或可選錯誤；需核對主要結果、次要錯誤記錄與恢復契約。,"} catch { throw StartupStageError(stage: ""故事規劃資料庫載入失敗"", underlying: error) }",7ce22a314eced61a7d92c61634baa347ab0250e679f7b7595eb7a92bb9b2ab03
V9-1801,failure_path,Sailune/SailuneApp.swift,211,11,catch,待共用,失敗分支或可選錯誤；需核對主要結果、次要錯誤記錄與恢復契約。,} catch {,7ce22a314eced61a7d92c61634baa347ab0250e679f7b7595eb7a92bb9b2ab03
V9-1802,failure_path,Sailune/SailuneApp.swift,257,11,catch,待共用,失敗分支或可選錯誤；需核對主要結果、次要錯誤記錄與恢復契約。,} catch {,7ce22a314eced61a7d92c61634baa347ab0250e679f7b7595eb7a92bb9b2ab03
V9-1803,dialog,Sailune/SailuneApp.swift,325,13,.alert(,待共用,原生呈現入口；需按確認、錯誤、取消及資料後果分組，僅呈現外殼可共用。,".alert(""物品副本無法儲存"", isPresented: persistenceErrorBinding) {",7ce22a314eced61a7d92c61634baa347ab0250e679f7b7595eb7a92bb9b2ab03
V9-1804,button,Sailune/SailuneApp.swift,326,17,Button(,待共用,原生 Button；須按動作角色、位置、命中與資料 action 判定共用外殼或具名例外。,Button(SailuneActionCopy.acknowledge) { copyStore.clearPersistenceError() },7ce22a314eced61a7d92c61634baa347ab0250e679f7b7595eb7a92bb9b2ab03
V9-1805,copy,Sailune/SailuneApp.swift,326,24,SailuneActionCopy.acknowledge,已共用,使用或定義集中操作文案。,Button(SailuneActionCopy.acknowledge) { copyStore.clearPersistenceError() },7ce22a314eced61a7d92c61634baa347ab0250e679f7b7595eb7a92bb9b2ab03
V9-1806,dialog,Sailune/SailuneApp.swift,330,13,.alert(,待共用,原生呈現入口；需按確認、錯誤、取消及資料後果分組，僅呈現外殼可共用。,".alert(""設定集無法儲存"", isPresented: settingsPersistenceErrorBinding) {",7ce22a314eced61a7d92c61634baa347ab0250e679f7b7595eb7a92bb9b2ab03
V9-1807,button,Sailune/SailuneApp.swift,331,17,Button(,待共用,原生 Button；須按動作角色、位置、命中與資料 action 判定共用外殼或具名例外。,Button(SailuneActionCopy.acknowledge) { settingsStore.clearPersistenceError() },7ce22a314eced61a7d92c61634baa347ab0250e679f7b7595eb7a92bb9b2ab03
V9-1808,copy,Sailune/SailuneApp.swift,331,24,SailuneActionCopy.acknowledge,已共用,使用或定義集中操作文案。,Button(SailuneActionCopy.acknowledge) { settingsStore.clearPersistenceError() },7ce22a314eced61a7d92c61634baa347ab0250e679f7b7595eb7a92bb9b2ab03
V9-1809,dialog,Sailune/SailuneApp.swift,335,13,.alert(,待共用,原生呈現入口；需按確認、錯誤、取消及資料後果分組，僅呈現外殼可共用。,".alert(""能力資料無法儲存"", isPresented: abilityPersistenceErrorBinding) {",7ce22a314eced61a7d92c61634baa347ab0250e679f7b7595eb7a92bb9b2ab03
V9-1810,button,Sailune/SailuneApp.swift,336,17,Button(,待共用,原生 Button；須按動作角色、位置、命中與資料 action 判定共用外殼或具名例外。,Button(SailuneActionCopy.acknowledge) { abilityStore.clearPersistenceError() },7ce22a314eced61a7d92c61634baa347ab0250e679f7b7595eb7a92bb9b2ab03
V9-1811,copy,Sailune/SailuneApp.swift,336,24,SailuneActionCopy.acknowledge,已共用,使用或定義集中操作文案。,Button(SailuneActionCopy.acknowledge) { abilityStore.clearPersistenceError() },7ce22a314eced61a7d92c61634baa347ab0250e679f7b7595eb7a92bb9b2ab03
V9-1812,dialog,Sailune/SailuneApp.swift,340,13,.alert(,待共用,原生呈現入口；需按確認、錯誤、取消及資料後果分組，僅呈現外殼可共用。,".alert(""故事規劃無法儲存"", isPresented: planningPersistenceErrorBinding) {",7ce22a314eced61a7d92c61634baa347ab0250e679f7b7595eb7a92bb9b2ab03
V9-1813,button,Sailune/SailuneApp.swift,341,17,Button(,待共用,原生 Button；須按動作角色、位置、命中與資料 action 判定共用外殼或具名例外。,Button(SailuneActionCopy.acknowledge) { planningStore.clearPersistenceError() },7ce22a314eced61a7d92c61634baa347ab0250e679f7b7595eb7a92bb9b2ab03
V9-1814,copy,Sailune/SailuneApp.swift,341,24,SailuneActionCopy.acknowledge,已共用,使用或定義集中操作文案。,Button(SailuneActionCopy.acknowledge) { planningStore.clearPersistenceError() },7ce22a314eced61a7d92c61634baa347ab0250e679f7b7595eb7a92bb9b2ab03
V9-1815,symbol,Sailune/SailuneApp.swift,382,19,"systemName: ""externaldrive.badge.exclamationmark""",待共用,直接 SF Symbol 字串；須依實際操作或資料語意分類。,"Image(systemName: ""externaldrive.badge.exclamationmark"")",7ce22a314eced61a7d92c61634baa347ab0250e679f7b7595eb7a92bb9b2ab03
V9-1816,copy,Sailune/SailuneApp.swift,385,13,"Text(""",合理例外,靜態欄名或領域內容；非可執行操作文案，保留畫面語境。,"Text(""資料庫無法開啟"").font(.title2.bold())",7ce22a314eced61a7d92c61634baa347ab0250e679f7b7595eb7a92bb9b2ab03
V9-1817,copy,Sailune/SailuneApp.swift,386,13,"Text(""",合理例外,靜態欄名或領域內容；非可執行操作文案，保留畫面語境。,"Text(""原始資料庫不會被刪除或覆寫。請保留此畫面中的錯誤資訊，以便進行修復。"")",7ce22a314eced61a7d92c61634baa347ab0250e679f7b7595eb7a92bb9b2ab03
V9-1818,surface,Sailune/SailuneApp.swift,397,13,.background(,待共用,直接背景或色值；需判定表面用途與既有 token 是否相同。,".background(Color.secondary.opacity(0.08), in: RoundedRectangle(cornerRadius: 8))",7ce22a314eced61a7d92c61634baa347ab0250e679f7b7595eb7a92bb9b2ab03
V9-1819,surface,Sailune/SailuneApp.swift,397,25,Color.secondary.opacity(,待共用,直接背景或色值；需判定表面用途與既有 token 是否相同。,".background(Color.secondary.opacity(0.08), in: RoundedRectangle(cornerRadius: 8))",7ce22a314eced61a7d92c61634baa347ab0250e679f7b7595eb7a92bb9b2ab03
V9-1820,failure_path,Sailune/SailuneBackupService.swift,193,11,catch,待共用,失敗分支或可選錯誤；需核對主要結果、次要錯誤記錄與恢復契約。,} catch {,9701dacb026dee2ef8da942a15dca525085112458e5b81e2874ef1a986d617aa
V9-1821,failure_path,Sailune/SailuneBackupService.swift,195,96,try?,待共用,備份／還原清理失敗政策待決；不得以靜態命中數取代復位證據。,for url in sqliteFamily(for: storeURL) where fm.fileExists(atPath: url.path) { try? fm.removeItem(at: url) },9701dacb026dee2ef8da942a15dca525085112458e5b81e2874ef1a986d617aa
V9-1822,failure_path,Sailune/SailuneBackupService.swift,197,56,try?,待共用,備份／還原清理失敗政策待決；不得以靜態命中數取代復位證據。,if fm.fileExists(atPath: coversURL.path) { try? fm.removeItem(at: coversURL) },9701dacb026dee2ef8da942a15dca525085112458e5b81e2874ef1a986d617aa
V9-1823,failure_path,Sailune/SailuneBackupService.swift,198,54,try?,待共用,備份／還原清理失敗政策待決；不得以靜態命中數取代復位證據。,if fm.fileExists(atPath: mapsURL.path) { try? fm.removeItem(at: mapsURL) },9701dacb026dee2ef8da942a15dca525085112458e5b81e2874ef1a986d617aa
V9-1824,failure_path,Sailune/SailuneBackupService.swift,199,65,try?,待共用,備份／還原清理失敗政策待決；不得以靜態命中數取代復位證據。,if fm.fileExists(atPath: aiConversationsURL.path) { try? fm.removeItem(at: aiConversationsURL) },9701dacb026dee2ef8da942a15dca525085112458e5b81e2874ef1a986d617aa
V9-1825,failure_path,Sailune/SailuneBackupService.swift,201,17,try?,待共用,失敗分支或可選錯誤；需核對主要結果、次要錯誤記錄與恢復契約。,"try? fm.moveItem(at: pair.backup, to: pair.original)",9701dacb026dee2ef8da942a15dca525085112458e5b81e2874ef1a986d617aa
V9-1826,failure_path,Sailune/SailuneBackupService.swift,203,13,try?,待共用,備份／還原清理失敗政策待決；不得以靜態命中數取代復位證據。,try? fm.removeItem(at: rollback),9701dacb026dee2ef8da942a15dca525085112458e5b81e2874ef1a986d617aa
V9-1827,failure_path,Sailune/SailuneBackupService.swift,204,13,try?,待共用,備份／還原清理失敗政策待決；不得以靜態命中數取代復位證據。,try? fm.removeItem(at: pending),9701dacb026dee2ef8da942a15dca525085112458e5b81e2874ef1a986d617aa
V9-1828,failure_path,Sailune/SailuneBackupService.swift,213,17,try?,待共用,備份／還原清理失敗政策待決；不得以靜態命中數取代復位證據。,defer { try? fm.removeItem(at: temporary) },9701dacb026dee2ef8da942a15dca525085112458e5b81e2874ef1a986d617aa
V9-1829,failure_path,Sailune/SailuneBackupService.swift,264,9,catch,待共用,失敗分支或可選錯誤；需核對主要結果、次要錯誤記錄與恢復契約。,catch { throw BackupError.invalidArchive(error.localizedDescription) },9701dacb026dee2ef8da942a15dca525085112458e5b81e2874ef1a986d617aa
V9-1830,copy,Sailune/SearchReplaceView.swift,86,17,"Text(""",合理例外,靜態欄名或領域內容；非可執行操作文案，保留畫面語境。,"Text(""查找與替換"").font(.headline)",8d161363efa94c3cf09faef3ef2d082c9298fac6a022120c3a1914db42d327f3
V9-1831,field,Sailune/SearchReplaceView.swift,91,13,TextField(,待共用,原生欄位；需檢查數值、焦點、提交與多行等專用契約。,"TextField(""查找文字"", text: $query)",8d161363efa94c3cf09faef3ef2d082c9298fac6a022120c3a1914db42d327f3
V9-1832,field,Sailune/SearchReplaceView.swift,99,17,TextField(,待共用,原生欄位；需檢查數值、焦點、提交與多行等專用契約。,"TextField(""替換為"", text: $replacement)",8d161363efa94c3cf09faef3ef2d082c9298fac6a022120c3a1914db42d327f3
V9-1833,button,Sailune/SearchReplaceView.swift,112,17,Button(,待共用,原生 Button；須按動作角色、位置、命中與資料 action 判定共用外殼或具名例外。,"Button(""上一筆"") { reveal(offset: -1) }",8d161363efa94c3cf09faef3ef2d082c9298fac6a022120c3a1914db42d327f3
V9-1834,copy,Sailune/SearchReplaceView.swift,112,17,"Button(""",待共用,直接 Button／Label／Menu 文案；需與同功能操作名稱及例外對照。,"Button(""上一筆"") { reveal(offset: -1) }",8d161363efa94c3cf09faef3ef2d082c9298fac6a022120c3a1914db42d327f3
V9-1835,button,Sailune/SearchReplaceView.swift,113,17,Button(,待共用,原生 Button；須按動作角色、位置、命中與資料 action 判定共用外殼或具名例外。,"Button(""下一筆"") { reveal(offset: 1) }",8d161363efa94c3cf09faef3ef2d082c9298fac6a022120c3a1914db42d327f3
V9-1836,copy,Sailune/SearchReplaceView.swift,113,17,"Button(""",待共用,直接 Button／Label／Menu 文案；需與同功能操作名稱及例外對照。,"Button(""下一筆"") { reveal(offset: 1) }",8d161363efa94c3cf09faef3ef2d082c9298fac6a022120c3a1914db42d327f3
V9-1837,button,Sailune/SearchReplaceView.swift,116,21,Button(,待共用,原生 Button；須按動作角色、位置、命中與資料 action 判定共用外殼或具名例外。,"Button(""替換"") { replaceCurrent() }",8d161363efa94c3cf09faef3ef2d082c9298fac6a022120c3a1914db42d327f3
V9-1838,copy,Sailune/SearchReplaceView.swift,116,21,"Button(""",待共用,直接 Button／Label／Menu 文案；需與同功能操作名稱及例外對照。,"Button(""替換"") { replaceCurrent() }",8d161363efa94c3cf09faef3ef2d082c9298fac6a022120c3a1914db42d327f3
V9-1839,button,Sailune/SearchReplaceView.swift,118,21,Button(,待共用,原生 Button；須按動作角色、位置、命中與資料 action 判定共用外殼或具名例外。,"Button(""全部替換"") { replaceAll() }",8d161363efa94c3cf09faef3ef2d082c9298fac6a022120c3a1914db42d327f3
V9-1840,copy,Sailune/SearchReplaceView.swift,118,21,"Button(""",待共用,直接 Button／Label／Menu 文案；需與同功能操作名稱及例外對照。,"Button(""全部替換"") { replaceAll() }",8d161363efa94c3cf09faef3ef2d082c9298fac6a022120c3a1914db42d327f3
V9-1841,copy,Sailune/SearchReplaceView.swift,124,17,"Text(""",合理例外,靜態欄名或領域內容；非可執行操作文案，保留畫面語境。,"Text(""目前：\(currentMatch.section.title)"")",8d161363efa94c3cf09faef3ef2d082c9298fac6a022120c3a1914db42d327f3
V9-1842,surface,Sailune/SharedUI/PlanningActionStyle.swift,18,13,.background(,已共用,引用或定義語意色彩 token；形狀與疊層仍需檢查。,".background(prominent ? Color.accentColor : Color.secondary.opacity(0.1), in: RoundedRectangle(cornerRadius: 7))",d470420df7a631508efa875698878f4b9eb85dda8c9bd7e1a8be70f1f556aef3
V9-1843,surface,Sailune/SharedUI/PlanningActionStyle.swift,18,57,Color.secondary.opacity(,已共用,引用或定義語意色彩 token；形狀與疊層仍需檢查。,".background(prominent ? Color.accentColor : Color.secondary.opacity(0.1), in: RoundedRectangle(cornerRadius: 7))",d470420df7a631508efa875698878f4b9eb85dda8c9bd7e1a8be70f1f556aef3
V9-1844,surface,Sailune/SharedUI/PlanningActionStyle.swift,19,63,Color.secondary.opacity(,已共用,引用或定義語意色彩 token；形狀與疊層仍需檢查。,".overlay(RoundedRectangle(cornerRadius: 7).stroke(Color.secondary.opacity(0.22), lineWidth: prominent ? 0 : 1))",d470420df7a631508efa875698878f4b9eb85dda8c9bd7e1a8be70f1f556aef3
V9-1845,surface,Sailune/SharedUI/SailuneUIFoundation.swift,18,48,Color.secondary.opacity(,已共用,引用或定義語意色彩 token；形狀與疊層仍需檢查。,private static let secondaryEightPercent = Color.secondary.opacity(0.08),42f6e2cb02db140e8244f1032cdeb58b3ead233bd4bb0dc18280ed5c1568e17b
V9-1846,surface,Sailune/SharedUI/SailuneUIFoundation.swift,22,32,Color.secondary.opacity(,已共用,引用或定義語意色彩 token；形狀與疊層仍需檢查。,static let subtleSurface = Color.secondary.opacity(0.06),42f6e2cb02db140e8244f1032cdeb58b3ead233bd4bb0dc18280ed5c1568e17b
V9-1847,surface,Sailune/SharedUI/SailuneUIFoundation.swift,27,35,Color.secondary.opacity(,已共用,引用或定義語意色彩 token；形狀與疊層仍需檢查。,static let textEditorBorder = Color.secondary.opacity(0.25),42f6e2cb02db140e8244f1032cdeb58b3ead233bd4bb0dc18280ed5c1568e17b
V9-1848,button,Sailune/SharedUI/SailuneUIFoundation.swift,147,9,Button(,已共用,直接引用或定義共用按鈕元件；實際命中仍依代表畫面驗收。,"Button(role: role, action: action) {",42f6e2cb02db140e8244f1032cdeb58b3ead233bd4bb0dc18280ed5c1568e17b
V9-1849,button_style,Sailune/SharedUI/SailuneUIFoundation.swift,152,9,.buttonStyle(,已共用,引用或定義既有共用 ButtonStyle。,.buttonStyle(.plain),42f6e2cb02db140e8244f1032cdeb58b3ead233bd4bb0dc18280ed5c1568e17b
V9-1850,accessibility,Sailune/SharedUI/SailuneUIFoundation.swift,153,9,.help(,已共用,描述由共用文案或按鈕元件提供；仍需 VoiceOver 驗收。,.help(label),42f6e2cb02db140e8244f1032cdeb58b3ead233bd4bb0dc18280ed5c1568e17b
V9-1851,accessibility,Sailune/SharedUI/SailuneUIFoundation.swift,154,9,.accessibilityLabel(,已共用,描述由共用文案或按鈕元件提供；仍需 VoiceOver 驗收。,.accessibilityLabel(Text(label)),42f6e2cb02db140e8244f1032cdeb58b3ead233bd4bb0dc18280ed5c1568e17b
V9-1852,editor,Sailune/SharedUI/SailuneUIFoundation.swift,164,9,TextEditor(,已共用,引用或定義共用多行編輯器；V9.1am 首行安全距仍待 U 核定。,TextEditor(text: $text),42f6e2cb02db140e8244f1032cdeb58b3ead233bd4bb0dc18280ed5c1568e17b
V9-1853,surface,Sailune/SharedUI/SailuneUIFoundation.swift,170,13,.background(,已共用,引用或定義語意色彩 token；形狀與疊層仍需檢查。,.background(SailuneTheme.textEditorSurface),42f6e2cb02db140e8244f1032cdeb58b3ead233bd4bb0dc18280ed5c1568e17b
V9-1854,surface,Sailune/SharedUI/SailuneUIFoundation.swift,170,25,SailuneTheme.,已共用,引用或定義語意色彩 token；形狀與疊層仍需檢查。,.background(SailuneTheme.textEditorSurface),42f6e2cb02db140e8244f1032cdeb58b3ead233bd4bb0dc18280ed5c1568e17b
V9-1855,surface,Sailune/SharedUI/SailuneUIFoundation.swift,172,63,SailuneTheme.,已共用,引用或定義語意色彩 token；形狀與疊層仍需檢查。,.overlay(RoundedRectangle(cornerRadius: 8).stroke(SailuneTheme.textEditorBorder)),42f6e2cb02db140e8244f1032cdeb58b3ead233bd4bb0dc18280ed5c1568e17b
V9-1856,editor,Sailune/SharedUI/SailuneUIFoundation.swift,182,9,TextEditor(,已共用,引用或定義共用多行編輯器；V9.1am 首行安全距仍待 U 核定。,TextEditor(text: $text),42f6e2cb02db140e8244f1032cdeb58b3ead233bd4bb0dc18280ed5c1568e17b
V9-1857,surface,Sailune/SharedUI/SailuneUIFoundation.swift,184,63,SailuneTheme.,已共用,引用或定義語意色彩 token；形狀與疊層仍需檢查。,.overlay(RoundedRectangle(cornerRadius: 8).stroke(SailuneTheme.textEditorBorder)),42f6e2cb02db140e8244f1032cdeb58b3ead233bd4bb0dc18280ed5c1568e17b
V9-1858,field,Sailune/SharedUI/SailuneUIFoundation.swift,194,9,TextField(,已共用,引用或定義共用欄位；焦點、組字及內距仍需代表畫面驗收。,"TextField(title, text: $text)",42f6e2cb02db140e8244f1032cdeb58b3ead233bd4bb0dc18280ed5c1568e17b
V9-1859,symbol,Sailune/SharedUI/SailuneUIFoundation.swift,206,31,SailuneSymbol.search,已共用,使用或定義語意圖標 key；原字形由集中表提供。,Image(systemName: SailuneSymbol.search.systemName),42f6e2cb02db140e8244f1032cdeb58b3ead233bd4bb0dc18280ed5c1568e17b
V9-1860,field,Sailune/SharedUI/SailuneUIFoundation.swift,208,13,TextField(,已共用,引用或定義共用欄位；焦點、組字及內距仍需代表畫面驗收。,"TextField(placeholder, text: $text)",42f6e2cb02db140e8244f1032cdeb58b3ead233bd4bb0dc18280ed5c1568e17b
V9-1861,symbol,Sailune/SharedUI/SailuneUIFoundation.swift,212,39,SailuneSymbol.clearSearch,已共用,使用或定義語意圖標 key；原字形由集中表提供。,Image(systemName: SailuneSymbol.clearSearch.systemName),42f6e2cb02db140e8244f1032cdeb58b3ead233bd4bb0dc18280ed5c1568e17b
V9-1862,button_style,Sailune/SharedUI/SailuneUIFoundation.swift,215,17,.buttonStyle(,已共用,引用或定義既有共用 ButtonStyle。,.buttonStyle(.plain),42f6e2cb02db140e8244f1032cdeb58b3ead233bd4bb0dc18280ed5c1568e17b
V9-1863,surface,Sailune/SharedUI/SailuneUIFoundation.swift,219,9,.background(,已共用,引用或定義語意色彩 token；形狀與疊層仍需檢查。,".background(SailuneTheme.searchFieldSurface, in: RoundedRectangle(cornerRadius: 8))",42f6e2cb02db140e8244f1032cdeb58b3ead233bd4bb0dc18280ed5c1568e17b
V9-1864,surface,Sailune/SharedUI/SailuneUIFoundation.swift,219,21,SailuneTheme.,已共用,引用或定義語意色彩 token；形狀與疊層仍需檢查。,".background(SailuneTheme.searchFieldSurface, in: RoundedRectangle(cornerRadius: 8))",42f6e2cb02db140e8244f1032cdeb58b3ead233bd4bb0dc18280ed5c1568e17b
V9-1865,copy,Sailune/SidebarSettingsManagerView.swift,16,17,"Text(""",合理例外,靜態欄名或領域內容；非可執行操作文案，保留畫面語境。,"Text(""管理設定集"").font(.headline)",68c8e5c392a6ceae67cc846af158633cf8353922b631d5c85a57f0d07c9e0a73
V9-1866,button,Sailune/SidebarSettingsManagerView.swift,18,17,Button(,待共用,原生 Button；須按動作角色、位置、命中與資料 action 判定共用外殼或具名例外。,Button(SailuneActionCopy.done) { dismiss() },68c8e5c392a6ceae67cc846af158633cf8353922b631d5c85a57f0d07c9e0a73
V9-1867,copy,Sailune/SidebarSettingsManagerView.swift,18,24,SailuneActionCopy.done,已共用,使用或定義集中操作文案。,Button(SailuneActionCopy.done) { dismiss() },68c8e5c392a6ceae67cc846af158633cf8353922b631d5c85a57f0d07c9e0a73
V9-1868,copy,Sailune/SidebarSettingsManagerView.swift,20,13,"Text(""",合理例外,靜態欄名或領域內容；非可執行操作文案，保留畫面語境。,"Text(""預設項目也可以隱藏；隱藏只影響側邊欄，不會刪除資料。"")",68c8e5c392a6ceae67cc846af158633cf8353922b631d5c85a57f0d07c9e0a73
V9-1869,symbol,Sailune/SidebarSettingsManagerView.swift,32,77,"systemName: ""chevron.up""",待共用,直接 SF Symbol 字串；須依實際操作或資料語意分類。,"Button { move(row, offset: -1) } label: { Image(systemName: ""chevron.up"") }",68c8e5c392a6ceae67cc846af158633cf8353922b631d5c85a57f0d07c9e0a73
V9-1870,button_style,Sailune/SidebarSettingsManagerView.swift,33,33,.buttonStyle(,待共用,原生樣式；需與同語意按鈕比對，不能只按 style 名稱批量替換。,.buttonStyle(.borderless),68c8e5c392a6ceae67cc846af158633cf8353922b631d5c85a57f0d07c9e0a73
V9-1871,symbol,Sailune/SidebarSettingsManagerView.swift,35,76,"systemName: ""chevron.down""",待共用,直接 SF Symbol 字串；須依實際操作或資料語意分類。,"Button { move(row, offset: 1) } label: { Image(systemName: ""chevron.down"") }",68c8e5c392a6ceae67cc846af158633cf8353922b631d5c85a57f0d07c9e0a73
V9-1872,button_style,Sailune/SidebarSettingsManagerView.swift,36,33,.buttonStyle(,待共用,原生樣式；需與同語意按鈕比對，不能只按 style 名稱批量替換。,.buttonStyle(.borderless),68c8e5c392a6ceae67cc846af158633cf8353922b631d5c85a57f0d07c9e0a73
V9-1873,button,Sailune/SidebarSettingsManagerView.swift,43,17,Button(,待共用,原生 Button；須按動作角色、位置、命中與資料 action 判定共用外殼或具名例外。,"Button(""重設預設顯示"", action: reset)",68c8e5c392a6ceae67cc846af158633cf8353922b631d5c85a57f0d07c9e0a73
V9-1874,copy,Sailune/SidebarSettingsManagerView.swift,43,17,"Button(""",待共用,直接 Button／Label／Menu 文案；需與同功能操作名稱及例外對照。,"Button(""重設預設顯示"", action: reset)",68c8e5c392a6ceae67cc846af158633cf8353922b631d5c85a57f0d07c9e0a73
V9-1875,copy,Sailune/SidebarSettingsManagerView.swift,45,17,"Text(""",合理例外,靜態欄名或領域內容；非可執行操作文案，保留畫面語境。,"Text(""可選項目：地點"")",68c8e5c392a6ceae67cc846af158633cf8353922b631d5c85a57f0d07c9e0a73
V9-1876,failure_path,Sailune/StoryTag.swift,791,11,catch,待共用,失敗分支或可選錯誤；需核對主要結果、次要錯誤記錄與恢復契約。,} catch {,74ede2875b28ff801a7fbdfff8b35790e2f3aa12ac09f742c3cff1dbbdb82081
V9-1877,failure_path,Sailune/StoryTag.swift,949,11,catch,待共用,失敗分支或可選錯誤；需核對主要結果、次要錯誤記錄與恢復契約。,} catch {,74ede2875b28ff801a7fbdfff8b35790e2f3aa12ac09f742c3cff1dbbdb82081
V9-1878,failure_path,Sailune/StoryTag.swift,1045,11,catch,待共用,失敗分支或可選錯誤；需核對主要結果、次要錯誤記錄與恢復契約。,} catch {,74ede2875b28ff801a7fbdfff8b35790e2f3aa12ac09f742c3cff1dbbdb82081
V9-1879,failure_path,Sailune/StoryTag.swift,1070,11,catch,待共用,失敗分支或可選錯誤；需核對主要結果、次要錯誤記錄與恢復契約。,} catch {,74ede2875b28ff801a7fbdfff8b35790e2f3aa12ac09f742c3cff1dbbdb82081
V9-1880,failure_path,Sailune/StoryTag.swift,1114,11,catch,待共用,失敗分支或可選錯誤；需核對主要結果、次要錯誤記錄與恢復契約。,} catch {,74ede2875b28ff801a7fbdfff8b35790e2f3aa12ac09f742c3cff1dbbdb82081
V9-1881,failure_path,Sailune/StoryTag.swift,1144,11,catch,待共用,失敗分支或可選錯誤；需核對主要結果、次要錯誤記錄與恢復契約。,} catch {,74ede2875b28ff801a7fbdfff8b35790e2f3aa12ac09f742c3cff1dbbdb82081
V9-1882,failure_path,Sailune/StoryTag.swift,1177,11,catch,待共用,失敗分支或可選錯誤；需核對主要結果、次要錯誤記錄與恢復契約。,} catch {,74ede2875b28ff801a7fbdfff8b35790e2f3aa12ac09f742c3cff1dbbdb82081
V9-1883,failure_path,Sailune/StoryTag.swift,1239,11,catch,待共用,失敗分支或可選錯誤；需核對主要結果、次要錯誤記錄與恢復契約。,} catch {,74ede2875b28ff801a7fbdfff8b35790e2f3aa12ac09f742c3cff1dbbdb82081
V9-1884,failure_path,Sailune/StoryTag.swift,1264,11,catch,待共用,失敗分支或可選錯誤；需核對主要結果、次要錯誤記錄與恢復契約。,} catch {,74ede2875b28ff801a7fbdfff8b35790e2f3aa12ac09f742c3cff1dbbdb82081
V9-1885,failure_path,Sailune/StoryTag.swift,1292,11,catch,待共用,失敗分支或可選錯誤；需核對主要結果、次要錯誤記錄與恢復契約。,} catch {,74ede2875b28ff801a7fbdfff8b35790e2f3aa12ac09f742c3cff1dbbdb82081
V9-1886,failure_path,Sailune/StoryTag.swift,1314,11,catch,待共用,失敗分支或可選錯誤；需核對主要結果、次要錯誤記錄與恢復契約。,} catch {,74ede2875b28ff801a7fbdfff8b35790e2f3aa12ac09f742c3cff1dbbdb82081
V9-1887,failure_path,Sailune/StoryTag.swift,1328,11,catch,待共用,失敗分支或可選錯誤；需核對主要結果、次要錯誤記錄與恢復契約。,} catch {,74ede2875b28ff801a7fbdfff8b35790e2f3aa12ac09f742c3cff1dbbdb82081
V9-1888,failure_path,Sailune/StoryTag.swift,1344,11,catch,待共用,失敗分支或可選錯誤；需核對主要結果、次要錯誤記錄與恢復契約。,} catch {,74ede2875b28ff801a7fbdfff8b35790e2f3aa12ac09f742c3cff1dbbdb82081
V9-1889,failure_path,Sailune/StoryTag.swift,1347,13,catch,待共用,失敗分支或可選錯誤；需核對主要結果、次要錯誤記錄與恢復契約。,"catch { Self.logger.error(""Reload after save rollback failed: \(String(describing: error), privacy: .private)"") }",74ede2875b28ff801a7fbdfff8b35790e2f3aa12ac09f742c3cff1dbbdb82081
V9-1890,failure_path,Sailune/StoryTag.swift,1399,11,catch,待共用,失敗分支或可選錯誤；需核對主要結果、次要錯誤記錄與恢復契約。,} catch {,74ede2875b28ff801a7fbdfff8b35790e2f3aa12ac09f742c3cff1dbbdb82081
V9-1891,field,Sailune/StoryTagViews.swift,38,13,SailuneSearchField(,已共用,引用或定義共用欄位；焦點、組字及內距仍需代表畫面驗收。,"SailuneSearchField(placeholder: ""搜尋標籤"", text: $searchText)",33d051e84a1d02fc895ccfcedd31d28105275daa56e7fc9492464a88d3364207
V9-1892,button_style,Sailune/StoryTagViews.swift,63,37,.buttonStyle(,待共用,原生樣式；需與同語意按鈕比對，不能只按 style 名稱批量替換。,.buttonStyle(.plain),33d051e84a1d02fc895ccfcedd31d28105275daa56e7fc9492464a88d3364207
V9-1893,button,Sailune/StoryTagViews.swift,68,37,Button(,待共用,原生 Button；須按動作角色、位置、命中與資料 action 判定共用外殼或具名例外。,"Button(SailuneActionCopy.delete, role: .destructive) { deleteTarget = tag }",33d051e84a1d02fc895ccfcedd31d28105275daa56e7fc9492464a88d3364207
V9-1894,copy,Sailune/StoryTagViews.swift,68,44,SailuneActionCopy.delete,已共用,使用或定義集中操作文案。,"Button(SailuneActionCopy.delete, role: .destructive) { deleteTarget = tag }",33d051e84a1d02fc895ccfcedd31d28105275daa56e7fc9492464a88d3364207
V9-1895,button_style,Sailune/StoryTagViews.swift,69,41,.buttonStyle(,待共用,原生樣式；需與同語意按鈕比對，不能只按 style 名稱批量替換。,.buttonStyle(.plain),33d051e84a1d02fc895ccfcedd31d28105275daa56e7fc9492464a88d3364207
V9-1896,surface,Sailune/StoryTagViews.swift,78,13,.background(,待共用,直接背景或色值；需判定表面用途與既有 token 是否相同。,.background(Color.workspacePanelBackground),33d051e84a1d02fc895ccfcedd31d28105275daa56e7fc9492464a88d3364207
V9-1897,dialog,Sailune/StoryTagViews.swift,80,9,.confirmationDialog(,待共用,原生呈現入口；需按確認、錯誤、取消及資料後果分組，僅呈現外殼可共用。,".confirmationDialog(""刪除標籤？"", isPresented: Binding(get: { deleteTarget != nil }, set: { if !$0 { deleteTarget = nil } }), presenting: deleteTarget) { tag in",33d051e84a1d02fc895ccfcedd31d28105275daa56e7fc9492464a88d3364207
V9-1898,button,Sailune/StoryTagViews.swift,81,13,Button(,待共用,原生 Button；須按動作角色、位置、命中與資料 action 判定共用外殼或具名例外。,"Button(SailuneActionCopy.delete, role: .destructive) { delete(tag) }",33d051e84a1d02fc895ccfcedd31d28105275daa56e7fc9492464a88d3364207
V9-1899,copy,Sailune/StoryTagViews.swift,81,20,SailuneActionCopy.delete,已共用,使用或定義集中操作文案。,"Button(SailuneActionCopy.delete, role: .destructive) { delete(tag) }",33d051e84a1d02fc895ccfcedd31d28105275daa56e7fc9492464a88d3364207
V9-1900,button,Sailune/StoryTagViews.swift,82,13,Button(,待共用,原生 Button；須按動作角色、位置、命中與資料 action 判定共用外殼或具名例外。,"Button(SailuneActionCopy.cancel, role: .cancel) { deleteTarget = nil }",33d051e84a1d02fc895ccfcedd31d28105275daa56e7fc9492464a88d3364207
V9-1901,copy,Sailune/StoryTagViews.swift,82,20,SailuneActionCopy.cancel,已共用,使用或定義集中操作文案。,"Button(SailuneActionCopy.cancel, role: .cancel) { deleteTarget = nil }",33d051e84a1d02fc895ccfcedd31d28105275daa56e7fc9492464a88d3364207
V9-1902,copy,Sailune/StoryTagViews.swift,84,13,"Text(""",合理例外,靜態欄名或領域內容；非可執行操作文案，保留畫面語境。,"Text(""「\(tag.title.isEmpty ? ""未命名標籤"" : tag.title)」的標籤提示會消失，但正文不會被刪除。"")",33d051e84a1d02fc895ccfcedd31d28105275daa56e7fc9492464a88d3364207
V9-1903,dialog,Sailune/StoryTagViews.swift,86,9,.alert(,待共用,原生呈現入口；需按確認、錯誤、取消及資料後果分組，僅呈現外殼可共用。,".alert(""標籤無法刪除"", isPresented: Binding(get: { errorMessage != nil }, set: { if !$0 { errorMessage = nil } })) {",33d051e84a1d02fc895ccfcedd31d28105275daa56e7fc9492464a88d3364207
V9-1904,button,Sailune/StoryTagViews.swift,87,13,Button(,待共用,原生 Button；須按動作角色、位置、命中與資料 action 判定共用外殼或具名例外。,Button(SailuneActionCopy.acknowledge) { errorMessage = nil },33d051e84a1d02fc895ccfcedd31d28105275daa56e7fc9492464a88d3364207
V9-1905,copy,Sailune/StoryTagViews.swift,87,20,SailuneActionCopy.acknowledge,已共用,使用或定義集中操作文案。,Button(SailuneActionCopy.acknowledge) { errorMessage = nil },33d051e84a1d02fc895ccfcedd31d28105275daa56e7fc9492464a88d3364207
V9-1906,failure_path,Sailune/StoryTagViews.swift,104,11,catch,待共用,失敗分支或可選錯誤；需核對主要結果、次要錯誤記錄與恢復契約。,} catch {,33d051e84a1d02fc895ccfcedd31d28105275daa56e7fc9492464a88d3364207
V9-1907,button,Sailune/TechnologyPresets.swift,435,33,Button(,待共用,原生 Button；須按動作角色、位置、命中與資料 action 判定共用外殼或具名例外。,"Button(""不選擇"") {",c9fb60bef8a13a413b4f8f6813384f03a286ab9ebefb37391e0166b1850d3dca
V9-1908,copy,Sailune/TechnologyPresets.swift,435,33,"Button(""",待共用,直接 Button／Label／Menu 文案；需與同功能操作名稱及例外對照。,"Button(""不選擇"") {",c9fb60bef8a13a413b4f8f6813384f03a286ab9ebefb37391e0166b1850d3dca
V9-1909,button,Sailune/TechnologyPresets.swift,440,33,Button(,待共用,原生 Button；須按動作角色、位置、命中與資料 action 判定共用外殼或具名例外。,"Button(""選擇\(displayedPreset.title)"") {",c9fb60bef8a13a413b4f8f6813384f03a286ab9ebefb37391e0166b1850d3dca
V9-1910,copy,Sailune/TechnologyPresets.swift,440,33,"Button(""",待共用,直接 Button／Label／Menu 文案；需與同功能操作名稱及例外對照。,"Button(""選擇\(displayedPreset.title)"") {",c9fb60bef8a13a413b4f8f6813384f03a286ab9ebefb37391e0166b1850d3dca
V9-1911,button_style,Sailune/TechnologyPresets.swift,444,33,.buttonStyle(,待共用,原生樣式；需與同語意按鈕比對，不能只按 style 名稱批量替換。,.buttonStyle(.borderedProminent),c9fb60bef8a13a413b4f8f6813384f03a286ab9ebefb37391e0166b1850d3dca
V9-1912,surface,Sailune/TechnologyPresets.swift,447,29,.background(,待共用,直接背景或色值；需判定表面用途與既有 token 是否相同。,.background(.bar),c9fb60bef8a13a413b4f8f6813384f03a286ab9ebefb37391e0166b1850d3dca
V9-1913,symbol,Sailune/TechnologyPresets.swift,451,51,"systemImage: ""gearshape.2""",待共用,直接 SF Symbol 字串；須依實際操作或資料語意分類。,"ContentUnavailableView(""請選擇技術階段"", systemImage: ""gearshape.2"")",c9fb60bef8a13a413b4f8f6813384f03a286ab9ebefb37391e0166b1850d3dca
V9-1914,button,Sailune/TechnologyPresets.swift,456,13,Button(,待共用,原生 Button；須按動作角色、位置、命中與資料 action 判定共用外殼或具名例外。,Button(SailuneActionCopy.close) { dismiss() },c9fb60bef8a13a413b4f8f6813384f03a286ab9ebefb37391e0166b1850d3dca
V9-1915,copy,Sailune/TechnologyPresets.swift,456,20,SailuneActionCopy.close,已共用,使用或定義集中操作文案。,Button(SailuneActionCopy.close) { dismiss() },c9fb60bef8a13a413b4f8f6813384f03a286ab9ebefb37391e0166b1850d3dca
V9-1916,copy,Sailune/TechnologyPresets.swift,484,21,"Text(""",合理例外,靜態欄名或領域內容；非可執行操作文案，保留畫面語境。,"Text(""參考作品：\(preset.referenceCase)"")",c9fb60bef8a13a413b4f8f6813384f03a286ab9ebefb37391e0166b1850d3dca
V9-1917,copy,Sailune/TechnologyPresets.swift,486,21,"Text(""",合理例外,靜態欄名或領域內容；非可執行操作文案，保留畫面語境。,"Text(""參考時間：\(preset.referencePeriod)"")",c9fb60bef8a13a413b4f8f6813384f03a286ab9ebefb37391e0166b1850d3dca
V9-1918,copy,Sailune/TimelineEraManagementViews.swift,31,13,"Text(""",合理例外,靜態欄名或領域內容；非可執行操作文案，保留畫面語境。,"Text(""年號管理"").font(.system(.headline, design: .serif))",396f354beb59cdac5c24620e325f5619bc83c7a349a769f960ad514fe4a7d63d
V9-1919,copy,Sailune/TimelineEraManagementViews.swift,33,13,"Text(""",合理例外,靜態欄名或領域內容；非可執行操作文案，保留畫面語境。,"Text(""紀元為全書共享的時間皮膚。序數較小者排在時間河上游；填負數可建立前史紀元，供副軸落釘。改元（踰年推進敘事）請於主軸操作。"")",396f354beb59cdac5c24620e325f5619bc83c7a349a769f960ad514fe4a7d63d
V9-1920,copy,Sailune/TimelineEraManagementViews.swift,48,17,"Label(""",待共用,直接 Button／Label／Menu 文案；需與同功能操作名稱及例外對照。,"Label(""新增紀元"", systemImage: SailuneSymbol.addCircle.systemName)",396f354beb59cdac5c24620e325f5619bc83c7a349a769f960ad514fe4a7d63d
V9-1921,symbol,Sailune/TimelineEraManagementViews.swift,48,44,SailuneSymbol.addCircle,已共用,使用或定義語意圖標 key；原字形由集中表提供。,"Label(""新增紀元"", systemImage: SailuneSymbol.addCircle.systemName)",396f354beb59cdac5c24620e325f5619bc83c7a349a769f960ad514fe4a7d63d
V9-1922,button_style,Sailune/TimelineEraManagementViews.swift,50,13,.buttonStyle(,已共用,引用或定義既有共用 ButtonStyle。,.buttonStyle(PlanningActionStyle()),396f354beb59cdac5c24620e325f5619bc83c7a349a769f960ad514fe4a7d63d
V9-1923,button,Sailune/TimelineEraManagementViews.swift,53,17,Button(,待共用,原生 Button；須按動作角色、位置、命中與資料 action 判定共用外殼或具名例外。,Button(SailuneActionCopy.done) {,396f354beb59cdac5c24620e325f5619bc83c7a349a769f960ad514fe4a7d63d
V9-1924,copy,Sailune/TimelineEraManagementViews.swift,53,24,SailuneActionCopy.done,已共用,使用或定義集中操作文案。,Button(SailuneActionCopy.done) {,396f354beb59cdac5c24620e325f5619bc83c7a349a769f960ad514fe4a7d63d
V9-1925,failure_path,Sailune/TimelineEraManagementViews.swift,55,21,catch,待共用,失敗分支或可選錯誤；需核對主要結果、次要錯誤記錄與恢復契約。,catch { saveError = error.localizedDescription; return },396f354beb59cdac5c24620e325f5619bc83c7a349a769f960ad514fe4a7d63d
V9-1926,button_style,Sailune/TimelineEraManagementViews.swift,58,17,.buttonStyle(,已共用,引用或定義既有共用 ButtonStyle。,.buttonStyle(PlanningActionStyle(prominent: true)),396f354beb59cdac5c24620e325f5619bc83c7a349a769f960ad514fe4a7d63d
V9-1927,dialog,Sailune/TimelineEraManagementViews.swift,61,9,.alert(,待共用,原生呈現入口；需按確認、錯誤、取消及資料後果分組，僅呈現外殼可共用。,.alert(,396f354beb59cdac5c24620e325f5619bc83c7a349a769f960ad514fe4a7d63d
V9-1928,button,Sailune/TimelineEraManagementViews.swift,66,13,Button(,待共用,原生 Button；須按動作角色、位置、命中與資料 action 判定共用外殼或具名例外。,"Button(SailuneActionCopy.cancel, role: .cancel) { pendingDeleteEra = nil }",396f354beb59cdac5c24620e325f5619bc83c7a349a769f960ad514fe4a7d63d
V9-1929,copy,Sailune/TimelineEraManagementViews.swift,66,20,SailuneActionCopy.cancel,已共用,使用或定義集中操作文案。,"Button(SailuneActionCopy.cancel, role: .cancel) { pendingDeleteEra = nil }",396f354beb59cdac5c24620e325f5619bc83c7a349a769f960ad514fe4a7d63d
V9-1930,button,Sailune/TimelineEraManagementViews.swift,67,13,Button(,待共用,原生 Button；須按動作角色、位置、命中與資料 action 判定共用外殼或具名例外。,"Button(SailuneActionCopy.delete, role: .destructive) { performDeleteEra(era) }",396f354beb59cdac5c24620e325f5619bc83c7a349a769f960ad514fe4a7d63d
V9-1931,copy,Sailune/TimelineEraManagementViews.swift,67,20,SailuneActionCopy.delete,已共用,使用或定義集中操作文案。,"Button(SailuneActionCopy.delete, role: .destructive) { performDeleteEra(era) }",396f354beb59cdac5c24620e325f5619bc83c7a349a769f960ad514fe4a7d63d
V9-1932,failure_path,Sailune/TimelineEraManagementViews.swift,111,11,catch,待共用,失敗分支或可選錯誤；需核對主要結果、次要錯誤記錄與恢復契約。,} catch {,396f354beb59cdac5c24620e325f5619bc83c7a349a769f960ad514fe4a7d63d
V9-1933,field,Sailune/TimelineEraManagementViews.swift,128,17,TextField(,待共用,原生欄位；需檢查數值、焦點、提交與多行等專用契約。,"TextField(""紀元名"", text: $era.name)",396f354beb59cdac5c24620e325f5619bc83c7a349a769f960ad514fe4a7d63d
V9-1934,button,Sailune/TimelineEraManagementViews.swift,130,17,Button(,待共用,原生 Button；須按動作角色、位置、命中與資料 action 判定共用外殼或具名例外。,"Button(role: .destructive, action: onDelete) {",396f354beb59cdac5c24620e325f5619bc83c7a349a769f960ad514fe4a7d63d
V9-1935,copy,Sailune/TimelineEraManagementViews.swift,131,27,SailuneActionCopy.delete,已共用,使用或定義集中操作文案。,"Label(SailuneActionCopy.delete, systemImage: SailuneSymbol.delete.systemName)",396f354beb59cdac5c24620e325f5619bc83c7a349a769f960ad514fe4a7d63d
V9-1936,symbol,Sailune/TimelineEraManagementViews.swift,131,66,SailuneSymbol.delete,已共用,使用或定義語意圖標 key；原字形由集中表提供。,"Label(SailuneActionCopy.delete, systemImage: SailuneSymbol.delete.systemName)",396f354beb59cdac5c24620e325f5619bc83c7a349a769f960ad514fe4a7d63d
V9-1937,button_style,Sailune/TimelineEraManagementViews.swift,133,17,.buttonStyle(,待共用,原生樣式；需與同語意按鈕比對，不能只按 style 名稱批量替換。,.buttonStyle(.borderless),396f354beb59cdac5c24620e325f5619bc83c7a349a769f960ad514fe4a7d63d
V9-1938,copy,Sailune/TimelineEraManagementViews.swift,136,17,"Text(""",合理例外,靜態欄名或領域內容；非可執行操作文案，保留畫面語境。,"Text(""序"").font(.caption2).foregroundStyle(.secondary)",396f354beb59cdac5c24620e325f5619bc83c7a349a769f960ad514fe4a7d63d
V9-1939,field,Sailune/TimelineEraManagementViews.swift,137,17,TextField(,待共用,原生欄位；需檢查數值、焦點、提交與多行等專用契約。,"TextField("""", value: $era.startOrdinal, format: .number)",396f354beb59cdac5c24620e325f5619bc83c7a349a769f960ad514fe4a7d63d
V9-1940,button_style,Sailune/TimelineEraManagementViews.swift,149,29,.buttonStyle(,待共用,原生樣式；需與同語意按鈕比對，不能只按 style 名稱批量替換。,.buttonStyle(.plain),396f354beb59cdac5c24620e325f5619bc83c7a349a769f960ad514fe4a7d63d
V9-1941,surface,Sailune/TimelineEraManagementViews.swift,156,9,.background(,待共用,直接背景或色值；需判定表面用途與既有 token 是否相同。,.background(Color.primary.opacity(hovering ? 0.05 : 0.025)),396f354beb59cdac5c24620e325f5619bc83c7a349a769f960ad514fe4a7d63d
V9-1942,failure_path,Sailune/TimelineEraManagementViews.swift,186,11,catch,待共用,失敗分支或可選錯誤；需核對主要結果、次要錯誤記錄與恢復契約。,} catch {,396f354beb59cdac5c24620e325f5619bc83c7a349a769f960ad514fe4a7d63d
V9-1943,failure_path,Sailune/TimelineEraManagementViews.swift,193,11,catch,待共用,失敗分支或可選錯誤；需核對主要結果、次要錯誤記錄與恢復契約。,} catch {,396f354beb59cdac5c24620e325f5619bc83c7a349a769f960ad514fe4a7d63d
V9-1944,copy,Sailune/TimelineEraManagementViews.swift,203,13,"Text(""",合理例外,靜態欄名或領域內容；非可執行操作文案，保留畫面語境。,"Text(""改元（踰年）"").font(.system(.headline, design: .serif))",396f354beb59cdac5c24620e325f5619bc83c7a349a769f960ad514fe4a7d63d
V9-1945,field,Sailune/TimelineEraManagementViews.swift,208,13,TextField(,待共用,原生欄位；需檢查數值、焦點、提交與多行等專用契約。,"TextField(""新年號名"", text: $name)",396f354beb59cdac5c24620e325f5619bc83c7a349a769f960ad514fe4a7d63d
V9-1946,copy,Sailune/TimelineEraManagementViews.swift,209,13,"Text(""",合理例外,靜態欄名或領域內容；非可執行操作文案，保留畫面語境。,"Text(""年號色"").font(.caption).foregroundStyle(.secondary)",396f354beb59cdac5c24620e325f5619bc83c7a349a769f960ad514fe4a7d63d
V9-1947,button_style,Sailune/TimelineEraManagementViews.swift,218,21,.buttonStyle(,待共用,原生樣式；需與同語意按鈕比對，不能只按 style 名稱批量替換。,.buttonStyle(.plain),396f354beb59cdac5c24620e325f5619bc83c7a349a769f960ad514fe4a7d63d
V9-1948,button,Sailune/TimelineEraManagementViews.swift,222,17,Button(,待共用,原生 Button；須按動作角色、位置、命中與資料 action 判定共用外殼或具名例外。,Button(SailuneActionCopy.cancel) { dismiss() },396f354beb59cdac5c24620e325f5619bc83c7a349a769f960ad514fe4a7d63d
V9-1949,copy,Sailune/TimelineEraManagementViews.swift,222,24,SailuneActionCopy.cancel,已共用,使用或定義集中操作文案。,Button(SailuneActionCopy.cancel) { dismiss() },396f354beb59cdac5c24620e325f5619bc83c7a349a769f960ad514fe4a7d63d
V9-1950,button,Sailune/TimelineEraManagementViews.swift,224,17,Button(,待共用,原生 Button；須按動作角色、位置、命中與資料 action 判定共用外殼或具名例外。,"Button(""確認改元"") {",396f354beb59cdac5c24620e325f5619bc83c7a349a769f960ad514fe4a7d63d
V9-1951,copy,Sailune/TimelineEraManagementViews.swift,224,17,"Button(""",待共用,直接 Button／Label／Menu 文案；需與同功能操作名稱及例外對照。,"Button(""確認改元"") {",396f354beb59cdac5c24620e325f5619bc83c7a349a769f960ad514fe4a7d63d
V9-1952,failure_path,Sailune/TimelineEraManagementViews.swift,231,23,catch,待共用,失敗分支或可選錯誤；需核對主要結果、次要錯誤記錄與恢復契約。,} catch { saveError = error.localizedDescription; return },396f354beb59cdac5c24620e325f5619bc83c7a349a769f960ad514fe4a7d63d
V9-1953,button_style,Sailune/TimelineEraManagementViews.swift,234,17,.buttonStyle(,已共用,引用或定義既有共用 ButtonStyle。,.buttonStyle(PlanningActionStyle(prominent: true)),396f354beb59cdac5c24620e325f5619bc83c7a349a769f960ad514fe4a7d63d
V9-1954,copy,Sailune/TimelineEraManagementViews.swift,254,13,"Text(""",合理例外,靜態欄名或領域內容；非可執行操作文案，保留畫面語境。,"Text(""編輯年號"").font(.system(.headline, design: .serif))",396f354beb59cdac5c24620e325f5619bc83c7a349a769f960ad514fe4a7d63d
V9-1955,field,Sailune/TimelineEraManagementViews.swift,256,13,TextField(,待共用,原生欄位；需檢查數值、焦點、提交與多行等專用契約。,"TextField(""年號名"", text: $era.name)",396f354beb59cdac5c24620e325f5619bc83c7a349a769f960ad514fe4a7d63d
V9-1956,copy,Sailune/TimelineEraManagementViews.swift,257,13,"Text(""",合理例外,靜態欄名或領域內容；非可執行操作文案，保留畫面語境。,"Text(""年號色"").font(.caption).foregroundStyle(.secondary)",396f354beb59cdac5c24620e325f5619bc83c7a349a769f960ad514fe4a7d63d
V9-1957,button_style,Sailune/TimelineEraManagementViews.swift,266,21,.buttonStyle(,待共用,原生樣式；需與同語意按鈕比對，不能只按 style 名稱批量替換。,.buttonStyle(.plain),396f354beb59cdac5c24620e325f5619bc83c7a349a769f960ad514fe4a7d63d
V9-1958,button,Sailune/TimelineEraManagementViews.swift,271,17,Button(,待共用,原生 Button；須按動作角色、位置、命中與資料 action 判定共用外殼或具名例外。,Button(SailuneActionCopy.done) {,396f354beb59cdac5c24620e325f5619bc83c7a349a769f960ad514fe4a7d63d
V9-1959,copy,Sailune/TimelineEraManagementViews.swift,271,24,SailuneActionCopy.done,已共用,使用或定義集中操作文案。,Button(SailuneActionCopy.done) {,396f354beb59cdac5c24620e325f5619bc83c7a349a769f960ad514fe4a7d63d
V9-1960,failure_path,Sailune/TimelineEraManagementViews.swift,273,21,catch,待共用,失敗分支或可選錯誤；需核對主要結果、次要錯誤記錄與恢復契約。,catch { saveError = error.localizedDescription; return },396f354beb59cdac5c24620e325f5619bc83c7a349a769f960ad514fe4a7d63d
V9-1961,surface,Sailune/TimelineViews.swift,55,9,.background(,待共用,直接背景或色值；需判定表面用途與既有 token 是否相同。,.background(Color.workspacePanelBackground),16314b98484ce29e0848159f71208758fc7a70f701197cff94b72c280cdd419a
V9-1962,symbol,Sailune/TimelineViews.swift,186,48,"systemImage: ""list.bullet""",待共用,直接 SF Symbol 字串；須依實際操作或資料語意分類。,"ContentUnavailableView(""尚無可顯示的標題"", systemImage: ""list.bullet"")",16314b98484ce29e0848159f71208758fc7a70f701197cff94b72c280cdd419a
V9-1963,button,Sailune/TimelineViews.swift,203,13,Button(,待共用,原生 Button；須按動作角色、位置、命中與資料 action 判定共用外殼或具名例外。,Button(action: action) {,16314b98484ce29e0848159f71208758fc7a70f701197cff94b72c280cdd419a
V9-1964,symbol,Sailune/TimelineViews.swift,207,27,"systemName: ""arrow.right""",待共用,直接 SF Symbol 字串；須依實際操作或資料語意分類。,"Image(systemName: ""arrow.right"")",16314b98484ce29e0848159f71208758fc7a70f701197cff94b72c280cdd419a
V9-1965,button_style,Sailune/TimelineViews.swift,215,13,.buttonStyle(,待共用,原生樣式；需與同語意按鈕比對，不能只按 style 名稱批量替換。,.buttonStyle(.plain),16314b98484ce29e0848159f71208758fc7a70f701197cff94b72c280cdd419a
V9-1966,accessibility,Sailune/TimelineViews.swift,216,13,.help(,待共用,直接提示或輔助描述；需核對同操作名稱及可點擊對象。,.help(displayTitle),16314b98484ce29e0848159f71208758fc7a70f701197cff94b72c280cdd419a
V9-1967,accessibility,Sailune/TimelineViews.swift,217,13,.accessibilityLabel(,待共用,直接提示或輔助描述；需核對同操作名稱及可點擊對象。,.accessibilityLabel(displayTitle),16314b98484ce29e0848159f71208758fc7a70f701197cff94b72c280cdd419a
V9-1968,accessibility,Sailune/TimelineViews.swift,224,17,.help(,待共用,直接提示或輔助描述；需核對同操作名稱及可點擊對象。,.help(displayTitle),16314b98484ce29e0848159f71208758fc7a70f701197cff94b72c280cdd419a
V9-1969,accessibility,Sailune/TimelineViews.swift,225,17,.accessibilityLabel(,待共用,直接提示或輔助描述；需核對同操作名稱及可點擊對象。,.accessibilityLabel(displayTitle),16314b98484ce29e0848159f71208758fc7a70f701197cff94b72c280cdd419a
V9-1970,surface,Sailune/TimelineViews.swift,392,9,.background(,待共用,直接背景或色值；需判定表面用途與既有 token 是否相同。,.background(Color(nsColor: .controlBackgroundColor)),16314b98484ce29e0848159f71208758fc7a70f701197cff94b72c280cdd419a
V9-1971,failure_path,Sailune/TimelineViews.swift,401,13,catch,待共用,失敗分支或可選錯誤；需核對主要結果、次要錯誤記錄與恢復契約。,catch { operationError = error.localizedDescription },16314b98484ce29e0848159f71208758fc7a70f701197cff94b72c280cdd419a
V9-1972,dialog,Sailune/TimelineViews.swift,405,9,.alert(,待共用,原生呈現入口；需按確認、錯誤、取消及資料後果分組，僅呈現外殼可共用。,".alert(""時間軸操作失敗"", isPresented: operationErrorBinding) { Button(SailuneActionCopy.acknowledge) { operationError = nil } } message: {",16314b98484ce29e0848159f71208758fc7a70f701197cff94b72c280cdd419a
V9-1973,button,Sailune/TimelineViews.swift,405,65,Button(,待共用,原生 Button；須按動作角色、位置、命中與資料 action 判定共用外殼或具名例外。,".alert(""時間軸操作失敗"", isPresented: operationErrorBinding) { Button(SailuneActionCopy.acknowledge) { operationError = nil } } message: {",16314b98484ce29e0848159f71208758fc7a70f701197cff94b72c280cdd419a
V9-1974,copy,Sailune/TimelineViews.swift,405,72,SailuneActionCopy.acknowledge,已共用,使用或定義集中操作文案。,".alert(""時間軸操作失敗"", isPresented: operationErrorBinding) { Button(SailuneActionCopy.acknowledge) { operationError = nil } } message: {",16314b98484ce29e0848159f71208758fc7a70f701197cff94b72c280cdd419a
V9-1975,dialog,Sailune/TimelineViews.swift,411,9,.alert(,待共用,原生呈現入口；需按確認、錯誤、取消及資料後果分組，僅呈現外殼可共用。,".alert(""刪除時間釘子"", isPresented: $showDeleteConfirm) {",16314b98484ce29e0848159f71208758fc7a70f701197cff94b72c280cdd419a
V9-1976,button,Sailune/TimelineViews.swift,412,13,Button(,待共用,原生 Button；須按動作角色、位置、命中與資料 action 判定共用外殼或具名例外。,"Button(SailuneActionCopy.cancel, role: .cancel) { pendingDeleteNodes = [] }",16314b98484ce29e0848159f71208758fc7a70f701197cff94b72c280cdd419a
V9-1977,copy,Sailune/TimelineViews.swift,412,20,SailuneActionCopy.cancel,已共用,使用或定義集中操作文案。,"Button(SailuneActionCopy.cancel, role: .cancel) { pendingDeleteNodes = [] }",16314b98484ce29e0848159f71208758fc7a70f701197cff94b72c280cdd419a
V9-1978,button,Sailune/TimelineViews.swift,413,13,Button(,待共用,原生 Button；須按動作角色、位置、命中與資料 action 判定共用外殼或具名例外。,"Button(SailuneActionCopy.delete, role: .destructive) { performDeleteNodes() }",16314b98484ce29e0848159f71208758fc7a70f701197cff94b72c280cdd419a
V9-1979,copy,Sailune/TimelineViews.swift,413,20,SailuneActionCopy.delete,已共用,使用或定義集中操作文案。,"Button(SailuneActionCopy.delete, role: .destructive) { performDeleteNodes() }",16314b98484ce29e0848159f71208758fc7a70f701197cff94b72c280cdd419a
V9-1980,copy,Sailune/TimelineViews.swift,417,17,"Text(""",合理例外,靜態欄名或領域內容；非可執行操作文案，保留畫面語境。,"Text(""確定刪除此時間釘子？其下世界時間事件將一併刪除；敘事大綱與正文會保留，且無法復原。"")",16314b98484ce29e0848159f71208758fc7a70f701197cff94b72c280cdd419a
V9-1981,copy,Sailune/TimelineViews.swift,419,17,"Text(""",合理例外,靜態欄名或領域內容；非可執行操作文案，保留畫面語境。,"Text(""確定刪除這 \(n) 個時間釘子？其下世界時間事件將一併刪除；敘事大綱與正文會保留，且無法復原。"")",16314b98484ce29e0848159f71208758fc7a70f701197cff94b72c280cdd419a
V9-1982,dialog,Sailune/TimelineViews.swift,422,9,.alert(,待共用,原生呈現入口；需按確認、錯誤、取消及資料後果分組，僅呈現外殼可共用。,".alert(deleteEventTitle,",16314b98484ce29e0848159f71208758fc7a70f701197cff94b72c280cdd419a
V9-1983,button,Sailune/TimelineViews.swift,425,13,Button(,待共用,原生 Button；須按動作角色、位置、命中與資料 action 判定共用外殼或具名例外。,"Button(SailuneActionCopy.cancel, role: .cancel) { pendingDeleteEvent = nil }",16314b98484ce29e0848159f71208758fc7a70f701197cff94b72c280cdd419a
V9-1984,copy,Sailune/TimelineViews.swift,425,20,SailuneActionCopy.cancel,已共用,使用或定義集中操作文案。,"Button(SailuneActionCopy.cancel, role: .cancel) { pendingDeleteEvent = nil }",16314b98484ce29e0848159f71208758fc7a70f701197cff94b72c280cdd419a
V9-1985,button,Sailune/TimelineViews.swift,426,13,Button(,待共用,原生 Button；須按動作角色、位置、命中與資料 action 判定共用外殼或具名例外。,"Button(SailuneActionCopy.delete, role: .destructive) { performDeleteEvent(event) }",16314b98484ce29e0848159f71208758fc7a70f701197cff94b72c280cdd419a
V9-1986,copy,Sailune/TimelineViews.swift,426,20,SailuneActionCopy.delete,已共用,使用或定義集中操作文案。,"Button(SailuneActionCopy.delete, role: .destructive) { performDeleteEvent(event) }",16314b98484ce29e0848159f71208758fc7a70f701197cff94b72c280cdd419a
V9-1987,copy,Sailune/TimelineViews.swift,428,13,"Text(""",合理例外,靜態欄名或領域內容；非可執行操作文案，保留畫面語境。,"Text(""只會刪除此世界時間事件；日期節點、敘事大綱與正文都會保留。"")",16314b98484ce29e0848159f71208758fc7a70f701197cff94b72c280cdd419a
V9-1988,dialog,Sailune/TimelineViews.swift,430,9,.alert(,待共用,原生呈現入口；需按確認、錯誤、取消及資料後果分組，僅呈現外殼可共用。,".alert(""新增副軸"", isPresented: $showingAddSecondary) {",16314b98484ce29e0848159f71208758fc7a70f701197cff94b72c280cdd419a
V9-1989,field,Sailune/TimelineViews.swift,431,13,TextField(,待共用,原生欄位；需檢查數值、焦點、提交與多行等專用契約。,"TextField(""副軸名稱"", text: $newSecondaryName)",16314b98484ce29e0848159f71208758fc7a70f701197cff94b72c280cdd419a
V9-1990,button,Sailune/TimelineViews.swift,432,13,Button(,待共用,原生 Button；須按動作角色、位置、命中與資料 action 判定共用外殼或具名例外。,"Button(SailuneActionCopy.cancel, role: .cancel) { newSecondaryName = """" }",16314b98484ce29e0848159f71208758fc7a70f701197cff94b72c280cdd419a
V9-1991,copy,Sailune/TimelineViews.swift,432,20,SailuneActionCopy.cancel,已共用,使用或定義集中操作文案。,"Button(SailuneActionCopy.cancel, role: .cancel) { newSecondaryName = """" }",16314b98484ce29e0848159f71208758fc7a70f701197cff94b72c280cdd419a
V9-1992,button,Sailune/TimelineViews.swift,433,13,Button(,待共用,原生 Button；須按動作角色、位置、命中與資料 action 判定共用外殼或具名例外。,Button(SailuneActionCopy.add) { commitAddSecondary() },16314b98484ce29e0848159f71208758fc7a70f701197cff94b72c280cdd419a
V9-1993,copy,Sailune/TimelineViews.swift,433,20,SailuneActionCopy.add,已共用,使用或定義集中操作文案。,Button(SailuneActionCopy.add) { commitAddSecondary() },16314b98484ce29e0848159f71208758fc7a70f701197cff94b72c280cdd419a
V9-1994,copy,Sailune/TimelineViews.swift,436,13,"Text(""",合理例外,靜態欄名或領域內容；非可執行操作文案，保留畫面語境。,"Text(""副軸用來裝前史、伏筆或規劃中劇情，與主軸並存。"")",16314b98484ce29e0848159f71208758fc7a70f701197cff94b72c280cdd419a
V9-1995,dialog,Sailune/TimelineViews.swift,438,9,.alert(,待共用,原生呈現入口；需按確認、錯誤、取消及資料後果分組，僅呈現外殼可共用。,".alert(""重新命名副軸"",",16314b98484ce29e0848159f71208758fc7a70f701197cff94b72c280cdd419a
V9-1996,field,Sailune/TimelineViews.swift,442,13,TextField(,待共用,原生欄位；需檢查數值、焦點、提交與多行等專用契約。,"TextField(""副軸名稱"", text: $renameBuffer)",16314b98484ce29e0848159f71208758fc7a70f701197cff94b72c280cdd419a
V9-1997,button,Sailune/TimelineViews.swift,443,13,Button(,待共用,原生 Button；須按動作角色、位置、命中與資料 action 判定共用外殼或具名例外。,"Button(SailuneActionCopy.cancel, role: .cancel) { pendingRenameTimeline = nil }",16314b98484ce29e0848159f71208758fc7a70f701197cff94b72c280cdd419a
V9-1998,copy,Sailune/TimelineViews.swift,443,20,SailuneActionCopy.cancel,已共用,使用或定義集中操作文案。,"Button(SailuneActionCopy.cancel, role: .cancel) { pendingRenameTimeline = nil }",16314b98484ce29e0848159f71208758fc7a70f701197cff94b72c280cdd419a
V9-1999,button,Sailune/TimelineViews.swift,444,13,Button(,待共用,原生 Button；須按動作角色、位置、命中與資料 action 判定共用外殼或具名例外。,Button(SailuneActionCopy.save) {,16314b98484ce29e0848159f71208758fc7a70f701197cff94b72c280cdd419a
V9-2000,copy,Sailune/TimelineViews.swift,444,20,SailuneActionCopy.save,已共用,使用或定義集中操作文案。,Button(SailuneActionCopy.save) {,16314b98484ce29e0848159f71208758fc7a70f701197cff94b72c280cdd419a
V9-2001,failure_path,Sailune/TimelineViews.swift,447,17,catch,待共用,失敗分支或可選錯誤；需核對主要結果、次要錯誤記錄與恢復契約。,catch { operationError = error.localizedDescription; return },16314b98484ce29e0848159f71208758fc7a70f701197cff94b72c280cdd419a
V9-2002,dialog,Sailune/TimelineViews.swift,451,9,.alert(,待共用,原生呈現入口；需按確認、錯誤、取消及資料後果分組，僅呈現外殼可共用。,".alert(""刪除副軸"",",16314b98484ce29e0848159f71208758fc7a70f701197cff94b72c280cdd419a
V9-2003,button,Sailune/TimelineViews.swift,454,13,Button(,待共用,原生 Button；須按動作角色、位置、命中與資料 action 判定共用外殼或具名例外。,"Button(SailuneActionCopy.cancel, role: .cancel) { pendingDeleteTimeline = nil }",16314b98484ce29e0848159f71208758fc7a70f701197cff94b72c280cdd419a
V9-2004,copy,Sailune/TimelineViews.swift,454,20,SailuneActionCopy.cancel,已共用,使用或定義集中操作文案。,"Button(SailuneActionCopy.cancel, role: .cancel) { pendingDeleteTimeline = nil }",16314b98484ce29e0848159f71208758fc7a70f701197cff94b72c280cdd419a
V9-2005,button,Sailune/TimelineViews.swift,455,13,Button(,待共用,原生 Button；須按動作角色、位置、命中與資料 action 判定共用外殼或具名例外。,"Button(SailuneActionCopy.delete, role: .destructive) { performDeleteTimeline(t) }",16314b98484ce29e0848159f71208758fc7a70f701197cff94b72c280cdd419a
V9-2006,copy,Sailune/TimelineViews.swift,455,20,SailuneActionCopy.delete,已共用,使用或定義集中操作文案。,"Button(SailuneActionCopy.delete, role: .destructive) { performDeleteTimeline(t) }",16314b98484ce29e0848159f71208758fc7a70f701197cff94b72c280cdd419a
V9-2007,copy,Sailune/TimelineViews.swift,457,13,"Text(""",合理例外,靜態欄名或領域內容；非可執行操作文案，保留畫面語境。,"Text(""確定刪除副軸「\(t.name.isEmpty ? ""副軸"" : t.name)」？其下所有時間釘子與世界時間事件將一併刪除；敘事大綱與正文會保留，且無法復原。"")",16314b98484ce29e0848159f71208758fc7a70f701197cff94b72c280cdd419a
V9-2008,dialog,Sailune/TimelineViews.swift,476,9,.sheet(,待共用,原生呈現入口；需按確認、錯誤、取消及資料後果分組，僅呈現外殼可共用。,.sheet(isPresented: $showingCreateEvent) {,16314b98484ce29e0848159f71208758fc7a70f701197cff94b72c280cdd419a
V9-2009,dialog,Sailune/TimelineViews.swift,484,9,.sheet(,待共用,原生呈現入口；需按確認、錯誤、取消及資料後果分組，僅呈現外殼可共用。,.sheet(item: $selectedEvent) { event in,16314b98484ce29e0848159f71208758fc7a70f701197cff94b72c280cdd419a
V9-2010,copy,Sailune/TimelineViews.swift,487,21,"Text(""",合理例外,靜態欄名或領域內容；非可執行操作文案，保留畫面語境。,"Text(""事件詳情"").font(.headline)",16314b98484ce29e0848159f71208758fc7a70f701197cff94b72c280cdd419a
V9-2011,button,Sailune/TimelineViews.swift,489,21,Button(,待共用,原生 Button；須按動作角色、位置、命中與資料 action 判定共用外殼或具名例外。,Button(SailuneActionCopy.done) { selectedEvent = nil },16314b98484ce29e0848159f71208758fc7a70f701197cff94b72c280cdd419a
V9-2012,copy,Sailune/TimelineViews.swift,489,28,SailuneActionCopy.done,已共用,使用或定義集中操作文案。,Button(SailuneActionCopy.done) { selectedEvent = nil },16314b98484ce29e0848159f71208758fc7a70f701197cff94b72c280cdd419a
V9-2013,button_style,Sailune/TimelineViews.swift,490,25,.buttonStyle(,已共用,引用或定義既有共用 ButtonStyle。,.buttonStyle(PlanningActionStyle(prominent: true)),16314b98484ce29e0848159f71208758fc7a70f701197cff94b72c280cdd419a
V9-2014,copy,Sailune/TimelineViews.swift,507,13,"Text(""",合理例外,靜態欄名或領域內容；非可執行操作文案，保留畫面語境。,"Text(""時間軸"").font(.system(.headline, design: .serif))",16314b98484ce29e0848159f71208758fc7a70f701197cff94b72c280cdd419a
V9-2015,copy,Sailune/TimelineViews.swift,509,13,"Text(""",合理例外,靜態欄名或領域內容；非可執行操作文案，保留畫面語境。,"Text(""當前：\(eraName.isEmpty ? ""（未命名）"" : eraName)"")",16314b98484ce29e0848159f71208758fc7a70f701197cff94b72c280cdd419a
V9-2016,surface,Sailune/TimelineViews.swift,524,33,.background(,待共用,直接背景或色值；需判定表面用途與既有 token 是否相同。,.background(,16314b98484ce29e0848159f71208758fc7a70f701197cff94b72c280cdd419a
V9-2017,surface,Sailune/TimelineViews.swift,530,82,Color.secondary.opacity(,待共用,直接背景或色值；需判定表面用途與既有 token 是否相同。,"Capsule().stroke(t.isPrimary ? Color.clear : Color.secondary.opacity(0.25),",16314b98484ce29e0848159f71208758fc7a70f701197cff94b72c280cdd419a
V9-2018,button_style,Sailune/TimelineViews.swift,534,25,.buttonStyle(,待共用,原生樣式；需與同語意按鈕比對，不能只按 style 名稱批量替換。,.buttonStyle(.plain),16314b98484ce29e0848159f71208758fc7a70f701197cff94b72c280cdd419a
V9-2019,copy,Sailune/TimelineViews.swift,538,37,"Label(""",待共用,直接 Button／Label／Menu 文案；需與同功能操作名稱及例外對照。,"Label(""重新命名"", systemImage: SailuneSymbol.edit.systemName)",16314b98484ce29e0848159f71208758fc7a70f701197cff94b72c280cdd419a
V9-2020,symbol,Sailune/TimelineViews.swift,538,64,SailuneSymbol.edit,已共用,使用或定義語意圖標 key；原字形由集中表提供。,"Label(""重新命名"", systemImage: SailuneSymbol.edit.systemName)",16314b98484ce29e0848159f71208758fc7a70f701197cff94b72c280cdd419a
V9-2021,button,Sailune/TimelineViews.swift,540,33,Button(,待共用,原生 Button；須按動作角色、位置、命中與資料 action 判定共用外殼或具名例外。,Button(role: .destructive) { pendingDeleteTimeline = t } label: {,16314b98484ce29e0848159f71208758fc7a70f701197cff94b72c280cdd419a
V9-2022,copy,Sailune/TimelineViews.swift,541,37,"Label(""",待共用,直接 Button／Label／Menu 文案；需與同功能操作名稱及例外對照。,"Label(""刪除副軸"", systemImage: SailuneSymbol.delete.systemName)",16314b98484ce29e0848159f71208758fc7a70f701197cff94b72c280cdd419a
V9-2023,symbol,Sailune/TimelineViews.swift,541,64,SailuneSymbol.delete,已共用,使用或定義語意圖標 key；原字形由集中表提供。,"Label(""刪除副軸"", systemImage: SailuneSymbol.delete.systemName)",16314b98484ce29e0848159f71208758fc7a70f701197cff94b72c280cdd419a
V9-2024,copy,Sailune/TimelineViews.swift,558,21,"Menu(""",待共用,直接 Button／Label／Menu 文案；需與同功能操作名稱及例外對照。,"Menu(""時間軸操作"", systemImage: SailuneSymbol.more.systemName) { timelineActions }",16314b98484ce29e0848159f71208758fc7a70f701197cff94b72c280cdd419a
V9-2025,symbol,Sailune/TimelineViews.swift,558,48,SailuneSymbol.more,已共用,使用或定義語意圖標 key；原字形由集中表提供。,"Menu(""時間軸操作"", systemImage: SailuneSymbol.more.systemName) { timelineActions }",16314b98484ce29e0848159f71208758fc7a70f701197cff94b72c280cdd419a
V9-2026,button_style,Sailune/TimelineViews.swift,562,13,.buttonStyle(,已共用,引用或定義既有共用 ButtonStyle。,.buttonStyle(PlanningActionStyle()),16314b98484ce29e0848159f71208758fc7a70f701197cff94b72c280cdd419a
V9-2027,copy,Sailune/TimelineViews.swift,576,9,"Menu(""",待共用,直接 Button／Label／Menu 文案；需與同功能操作名稱及例外對照。,"Menu(""新增"", systemImage: SailuneSymbol.addCircleFilled.systemName) {",16314b98484ce29e0848159f71208758fc7a70f701197cff94b72c280cdd419a
V9-2028,symbol,Sailune/TimelineViews.swift,576,33,SailuneSymbol.addCircleFilled,已共用,使用或定義語意圖標 key；原字形由集中表提供。,"Menu(""新增"", systemImage: SailuneSymbol.addCircleFilled.systemName) {",16314b98484ce29e0848159f71208758fc7a70f701197cff94b72c280cdd419a
V9-2029,button,Sailune/TimelineViews.swift,577,13,Button(,待共用,原生 Button；須按動作角色、位置、命中與資料 action 判定共用外殼或具名例外。,"Button(""新增預排事件"", systemImage: ""rectangle.dashed"") {",16314b98484ce29e0848159f71208758fc7a70f701197cff94b72c280cdd419a
V9-2030,copy,Sailune/TimelineViews.swift,577,13,"Button(""",待共用,直接 Button／Label／Menu 文案；需與同功能操作名稱及例外對照。,"Button(""新增預排事件"", systemImage: ""rectangle.dashed"") {",16314b98484ce29e0848159f71208758fc7a70f701197cff94b72c280cdd419a
V9-2031,symbol,Sailune/TimelineViews.swift,577,30,"systemImage: ""rectangle.dashed""",待共用,直接 SF Symbol 字串；須依實際操作或資料語意分類。,"Button(""新增預排事件"", systemImage: ""rectangle.dashed"") {",16314b98484ce29e0848159f71208758fc7a70f701197cff94b72c280cdd419a
V9-2032,button,Sailune/TimelineViews.swift,581,13,Button(,待共用,原生 Button；須按動作角色、位置、命中與資料 action 判定共用外殼或具名例外。,"Button(""只新增日期節點"", systemImage: ""mappin.circle"", action: openAddNode)",16314b98484ce29e0848159f71208758fc7a70f701197cff94b72c280cdd419a
V9-2033,copy,Sailune/TimelineViews.swift,581,13,"Button(""",待共用,直接 Button／Label／Menu 文案；需與同功能操作名稱及例外對照。,"Button(""只新增日期節點"", systemImage: ""mappin.circle"", action: openAddNode)",16314b98484ce29e0848159f71208758fc7a70f701197cff94b72c280cdd419a
V9-2034,symbol,Sailune/TimelineViews.swift,581,31,"systemImage: ""mappin.circle""",待共用,直接 SF Symbol 字串；須依實際操作或資料語意分類。,"Button(""只新增日期節點"", systemImage: ""mappin.circle"", action: openAddNode)",16314b98484ce29e0848159f71208758fc7a70f701197cff94b72c280cdd419a
V9-2035,button_style,Sailune/TimelineViews.swift,583,13,.buttonStyle(,已共用,引用或定義既有共用 ButtonStyle。,.buttonStyle(PlanningActionStyle(prominent: true)),16314b98484ce29e0848159f71208758fc7a70f701197cff94b72c280cdd419a
V9-2036,accessibility,Sailune/TimelineViews.swift,585,13,.help(,待共用,直接提示或輔助描述；需核對同操作名稱及可點擊對象。,".help(selectedTimeline == nil ? ""請先選擇時間軸"" : ""新增事件或日期節點"")",16314b98484ce29e0848159f71208758fc7a70f701197cff94b72c280cdd419a
V9-2037,button,Sailune/TimelineViews.swift,590,9,Button(,待共用,原生 Button；須按動作角色、位置、命中與資料 action 判定共用外殼或具名例外。,"Button(""紀元管理"", systemImage: ""list.bullet.rectangle"") {",16314b98484ce29e0848159f71208758fc7a70f701197cff94b72c280cdd419a
V9-2038,copy,Sailune/TimelineViews.swift,590,9,"Button(""",待共用,直接 Button／Label／Menu 文案；需與同功能操作名稱及例外對照。,"Button(""紀元管理"", systemImage: ""list.bullet.rectangle"") {",16314b98484ce29e0848159f71208758fc7a70f701197cff94b72c280cdd419a
V9-2039,symbol,Sailune/TimelineViews.swift,590,24,"systemImage: ""list.bullet.rectangle""",待共用,直接 SF Symbol 字串；須依實際操作或資料語意分類。,"Button(""紀元管理"", systemImage: ""list.bullet.rectangle"") {",16314b98484ce29e0848159f71208758fc7a70f701197cff94b72c280cdd419a
V9-2040,accessibility,Sailune/TimelineViews.swift,593,13,.help(,待共用,直接提示或輔助描述；需核對同操作名稱及可點擊對象。,".help(""新增或編輯紀元"")",16314b98484ce29e0848159f71208758fc7a70f701197cff94b72c280cdd419a
V9-2041,button,Sailune/TimelineViews.swift,594,9,Button(,待共用,原生 Button；須按動作角色、位置、命中與資料 action 判定共用外殼或具名例外。,"Button(""新增副軸"", systemImage: SailuneSymbol.add.systemName) {",16314b98484ce29e0848159f71208758fc7a70f701197cff94b72c280cdd419a
V9-2042,copy,Sailune/TimelineViews.swift,594,9,"Button(""",待共用,直接 Button／Label／Menu 文案；需與同功能操作名稱及例外對照。,"Button(""新增副軸"", systemImage: SailuneSymbol.add.systemName) {",16314b98484ce29e0848159f71208758fc7a70f701197cff94b72c280cdd419a
V9-2043,symbol,Sailune/TimelineViews.swift,594,37,SailuneSymbol.add,已共用,使用或定義語意圖標 key；原字形由集中表提供。,"Button(""新增副軸"", systemImage: SailuneSymbol.add.systemName) {",16314b98484ce29e0848159f71208758fc7a70f701197cff94b72c280cdd419a
V9-2044,button,Sailune/TimelineViews.swift,598,9,Button(,待共用,原生 Button；須按動作角色、位置、命中與資料 action 判定共用外殼或具名例外。,"Button(""改元"", systemImage: ""calendar.badge.plus"") {",16314b98484ce29e0848159f71208758fc7a70f701197cff94b72c280cdd419a
V9-2045,copy,Sailune/TimelineViews.swift,598,9,"Button(""",待共用,直接 Button／Label／Menu 文案；需與同功能操作名稱及例外對照。,"Button(""改元"", systemImage: ""calendar.badge.plus"") {",16314b98484ce29e0848159f71208758fc7a70f701197cff94b72c280cdd419a
V9-2046,symbol,Sailune/TimelineViews.swift,598,22,"systemImage: ""calendar.badge.plus""",待共用,直接 SF Symbol 字串；須依實際操作或資料語意分類。,"Button(""改元"", systemImage: ""calendar.badge.plus"") {",16314b98484ce29e0848159f71208758fc7a70f701197cff94b72c280cdd419a
V9-2047,accessibility,Sailune/TimelineViews.swift,602,13,.help(,待共用,直接提示或輔助描述；需核對同操作名稱及可點擊對象。,".help(isPrimarySelected ? ""建立新紀元並推進主軸"" : ""請切換至主軸後改元"")",16314b98484ce29e0848159f71208758fc7a70f701197cff94b72c280cdd419a
V9-2048,symbol,Sailune/TimelineViews.swift,635,34,SailuneSymbol.timeline,已共用,使用或定義語意圖標 key；原字形由集中表提供。,"systemImage: SailuneSymbol.timeline.systemName,",16314b98484ce29e0848159f71208758fc7a70f701197cff94b72c280cdd419a
V9-2049,copy,Sailune/TimelineViews.swift,636,34,"Text(""",合理例外,靜態欄名或領域內容；非可執行操作文案，保留畫面語境。,"description: Text(""使用上方「新增」建立預排事件或日期節點；正文事件請從敘事大綱加入。"")",16314b98484ce29e0848159f71208758fc7a70f701197cff94b72c280cdd419a
V9-2050,surface,Sailune/TimelineViews.swift,669,34,Color.secondary.opacity(,待共用,直接背景或色值；需判定表面用途與既有 token 是否相同。,Rectangle().fill(Color.secondary.opacity(0.5)).frame(height: 1),16314b98484ce29e0848159f71208758fc7a70f701197cff94b72c280cdd419a
V9-2051,symbol,Sailune/TimelineViews.swift,672,27,"systemName: ""chevron.right""",待共用,直接 SF Symbol 字串；須依實際操作或資料語意分類。,"Image(systemName: ""chevron.right"")",16314b98484ce29e0848159f71208758fc7a70f701197cff94b72c280cdd419a
V9-2052,copy,Sailune/TimelineViews.swift,686,25,"Text(""",合理例外,靜態欄名或領域內容；非可執行操作文案，保留畫面語境。,"Text(""尚無事件"")",16314b98484ce29e0848159f71208758fc7a70f701197cff94b72c280cdd419a
V9-2053,surface,Sailune/TimelineViews.swift,690,29,.background(,待共用,直接背景或色值；需判定表面用途與既有 token 是否相同。,".background(Color.secondary.opacity(0.04), in: RoundedRectangle(cornerRadius: 9))",16314b98484ce29e0848159f71208758fc7a70f701197cff94b72c280cdd419a
V9-2054,surface,Sailune/TimelineViews.swift,690,41,Color.secondary.opacity(,待共用,直接背景或色值；需判定表面用途與既有 token 是否相同。,".background(Color.secondary.opacity(0.04), in: RoundedRectangle(cornerRadius: 9))",16314b98484ce29e0848159f71208758fc7a70f701197cff94b72c280cdd419a
V9-2055,symbol,Sailune/TimelineViews.swift,696,39,SailuneSymbol.deleteTime,已共用,使用或定義語意圖標 key；原字形由集中表提供。,Image(systemName: SailuneSymbol.deleteTime.systemName),16314b98484ce29e0848159f71208758fc7a70f701197cff94b72c280cdd419a
V9-2056,button_style,Sailune/TimelineViews.swift,701,17,.buttonStyle(,待共用,原生樣式；需與同語意按鈕比對，不能只按 style 名稱批量替換。,.buttonStyle(.plain),16314b98484ce29e0848159f71208758fc7a70f701197cff94b72c280cdd419a
V9-2057,accessibility,Sailune/TimelineViews.swift,704,17,.accessibilityLabel(,已共用,描述由共用文案或按鈕元件提供；仍需 VoiceOver 驗收。,.accessibilityLabel(SailuneActionCopy.deleteTime),16314b98484ce29e0848159f71208758fc7a70f701197cff94b72c280cdd419a
V9-2058,copy,Sailune/TimelineViews.swift,704,37,SailuneActionCopy.deleteTime,已共用,使用或定義集中操作文案。,.accessibilityLabel(SailuneActionCopy.deleteTime),16314b98484ce29e0848159f71208758fc7a70f701197cff94b72c280cdd419a
V9-2059,accessibility,Sailune/TimelineViews.swift,705,17,.help(,已共用,描述由共用文案或按鈕元件提供；仍需 VoiceOver 驗收。,.help(SailuneActionCopy.deleteTime),16314b98484ce29e0848159f71208758fc7a70f701197cff94b72c280cdd419a
V9-2060,copy,Sailune/TimelineViews.swift,705,23,SailuneActionCopy.deleteTime,已共用,使用或定義集中操作文案。,.help(SailuneActionCopy.deleteTime),16314b98484ce29e0848159f71208758fc7a70f701197cff94b72c280cdd419a
V9-2061,failure_path,Sailune/TimelineViews.swift,741,11,catch,待共用,失敗分支或可選錯誤；需核對主要結果、次要錯誤記錄與恢復契約。,} catch {,16314b98484ce29e0848159f71208758fc7a70f701197cff94b72c280cdd419a
V9-2062,copy,Sailune/TimelineViews.swift,760,25,"Text(""",合理例外,靜態欄名或領域內容；非可執行操作文案，保留畫面語境。,"Text(""\(group.cells.count)"").font(.caption).foregroundStyle(.secondary)",16314b98484ce29e0848159f71208758fc7a70f701197cff94b72c280cdd419a
V9-2063,button_style,Sailune/TimelineViews.swift,764,17,.buttonStyle(,待共用,原生樣式；需與同語意按鈕比對，不能只按 style 名稱批量替換。,.buttonStyle(.plain),16314b98484ce29e0848159f71208758fc7a70f701197cff94b72c280cdd419a
V9-2064,button,Sailune/TimelineViews.swift,766,21,Button(,待共用,原生 Button；須按動作角色、位置、命中與資料 action 判定共用外殼或具名例外。,"Button(""編輯紀元"", systemImage: SailuneSymbol.edit.systemName) { editingEra = era }",16314b98484ce29e0848159f71208758fc7a70f701197cff94b72c280cdd419a
V9-2065,copy,Sailune/TimelineViews.swift,766,21,"Button(""",待共用,直接 Button／Label／Menu 文案；需與同功能操作名稱及例外對照。,"Button(""編輯紀元"", systemImage: SailuneSymbol.edit.systemName) { editingEra = era }",16314b98484ce29e0848159f71208758fc7a70f701197cff94b72c280cdd419a
V9-2066,symbol,Sailune/TimelineViews.swift,766,49,SailuneSymbol.edit,已共用,使用或定義語意圖標 key；原字形由集中表提供。,"Button(""編輯紀元"", systemImage: SailuneSymbol.edit.systemName) { editingEra = era }",16314b98484ce29e0848159f71208758fc7a70f701197cff94b72c280cdd419a
V9-2067,button_style,Sailune/TimelineViews.swift,767,25,.buttonStyle(,已共用,引用或定義既有共用 ButtonStyle。,.buttonStyle(PlanningActionStyle()),16314b98484ce29e0848159f71208758fc7a70f701197cff94b72c280cdd419a
V9-2068,surface,Sailune/TimelineViews.swift,780,9,.background(,待共用,直接背景或色值；需判定表面用途與既有 token 是否相同。,".background(color.opacity(0.07), in: RoundedRectangle(cornerRadius: 12))",16314b98484ce29e0848159f71208758fc7a70f701197cff94b72c280cdd419a
V9-2069,copy,Sailune/TimelineViews.swift,794,25,"Text(""",合理例外,靜態欄名或領域內容；非可執行操作文案，保留畫面語境。,"Text(""\(cell.events.count + cell.planningRecords.count)"").font(.caption).foregroundStyle(.secondary)",16314b98484ce29e0848159f71208758fc7a70f701197cff94b72c280cdd419a
V9-2070,button_style,Sailune/TimelineViews.swift,798,17,.buttonStyle(,待共用,原生樣式；需與同語意按鈕比對，不能只按 style 名稱批量替換。,.buttonStyle(.plain),16314b98484ce29e0848159f71208758fc7a70f701197cff94b72c280cdd419a
V9-2071,symbol,Sailune/TimelineViews.swift,802,39,SailuneSymbol.deleteTime,已共用,使用或定義語意圖標 key；原字形由集中表提供。,Image(systemName: SailuneSymbol.deleteTime.systemName),16314b98484ce29e0848159f71208758fc7a70f701197cff94b72c280cdd419a
V9-2072,button_style,Sailune/TimelineViews.swift,806,17,.buttonStyle(,待共用,原生樣式；需與同語意按鈕比對，不能只按 style 名稱批量替換。,.buttonStyle(.plain),16314b98484ce29e0848159f71208758fc7a70f701197cff94b72c280cdd419a
V9-2073,accessibility,Sailune/TimelineViews.swift,808,17,.accessibilityLabel(,已共用,描述由共用文案或按鈕元件提供；仍需 VoiceOver 驗收。,.accessibilityLabel(SailuneActionCopy.deleteTime),16314b98484ce29e0848159f71208758fc7a70f701197cff94b72c280cdd419a
V9-2074,copy,Sailune/TimelineViews.swift,808,37,SailuneActionCopy.deleteTime,已共用,使用或定義集中操作文案。,.accessibilityLabel(SailuneActionCopy.deleteTime),16314b98484ce29e0848159f71208758fc7a70f701197cff94b72c280cdd419a
V9-2075,accessibility,Sailune/TimelineViews.swift,809,17,.help(,已共用,描述由共用文案或按鈕元件提供；仍需 VoiceOver 驗收。,.help(SailuneActionCopy.deleteTime),16314b98484ce29e0848159f71208758fc7a70f701197cff94b72c280cdd419a
V9-2076,copy,Sailune/TimelineViews.swift,809,23,SailuneActionCopy.deleteTime,已共用,使用或定義集中操作文案。,.help(SailuneActionCopy.deleteTime),16314b98484ce29e0848159f71208758fc7a70f701197cff94b72c280cdd419a
V9-2077,copy,Sailune/TimelineViews.swift,814,25,"Text(""",合理例外,靜態欄名或領域內容；非可執行操作文案，保留畫面語境。,"Text(""尚無事件"").font(.callout).foregroundStyle(.secondary).padding(.leading, 18)",16314b98484ce29e0848159f71208758fc7a70f701197cff94b72c280cdd419a
V9-2078,symbol,Sailune/TimelineViews.swift,823,43,"systemName: ""arrow.right""",待共用,直接 SF Symbol 字串；須依實際操作或資料語意分類。,"Image(systemName: ""arrow.right"").foregroundStyle(.tertiary)",16314b98484ce29e0848159f71208758fc7a70f701197cff94b72c280cdd419a
V9-2079,button_style,Sailune/TimelineViews.swift,830,29,.buttonStyle(,待共用,原生樣式；需與同語意按鈕比對，不能只按 style 名稱批量替換。,.buttonStyle(.plain),16314b98484ce29e0848159f71208758fc7a70f701197cff94b72c280cdd419a
V9-2080,surface,Sailune/TimelineViews.swift,831,29,.background(,待共用,直接背景或色值；需判定表面用途與既有 token 是否相同。,".background(SailuneTheme.subtleSurface, in: RoundedRectangle(cornerRadius: 7))",16314b98484ce29e0848159f71208758fc7a70f701197cff94b72c280cdd419a
V9-2081,surface,Sailune/TimelineViews.swift,831,41,SailuneTheme.,已共用,引用或定義語意色彩 token；形狀與疊層仍需檢查。,".background(SailuneTheme.subtleSurface, in: RoundedRectangle(cornerRadius: 7))",16314b98484ce29e0848159f71208758fc7a70f701197cff94b72c280cdd419a
V9-2082,accessibility,Sailune/TimelineViews.swift,832,29,.help(,待共用,直接提示或輔助描述；需核對同操作名稱及可點擊對象。,".help(event.title.isEmpty ? ""未命名事件"" : event.title)",16314b98484ce29e0848159f71208758fc7a70f701197cff94b72c280cdd419a
V9-2083,button,Sailune/TimelineViews.swift,841,25,Button(,待共用,原生 Button；須按動作角色、位置、命中與資料 action 判定共用外殼或具名例外。,"Button(""新增事件"", systemImage: SailuneSymbol.addCircle.systemName) {",16314b98484ce29e0848159f71208758fc7a70f701197cff94b72c280cdd419a
V9-2084,copy,Sailune/TimelineViews.swift,841,25,"Button(""",待共用,直接 Button／Label／Menu 文案；需與同功能操作名稱及例外對照。,"Button(""新增事件"", systemImage: SailuneSymbol.addCircle.systemName) {",16314b98484ce29e0848159f71208758fc7a70f701197cff94b72c280cdd419a
V9-2085,symbol,Sailune/TimelineViews.swift,841,53,SailuneSymbol.addCircle,已共用,使用或定義語意圖標 key；原字形由集中表提供。,"Button(""新增事件"", systemImage: SailuneSymbol.addCircle.systemName) {",16314b98484ce29e0848159f71208758fc7a70f701197cff94b72c280cdd419a
V9-2086,button_style,Sailune/TimelineViews.swift,845,25,.buttonStyle(,已共用,引用或定義既有共用 ButtonStyle。,.buttonStyle(PlanningActionStyle(prominent: true)),16314b98484ce29e0848159f71208758fc7a70f701197cff94b72c280cdd419a
V9-2087,symbol,Sailune/TimelineViews.swift,890,34,SailuneSymbol.timeline,已共用,使用或定義語意圖標 key；原字形由集中表提供。,"systemImage: SailuneSymbol.timeline.systemName,",16314b98484ce29e0848159f71208758fc7a70f701197cff94b72c280cdd419a
V9-2088,copy,Sailune/TimelineViews.swift,891,34,"Text(""",合理例外,靜態欄名或領域內容；非可執行操作文案，保留畫面語境。,"description: Text(""使用上方「新增時間釘子」建立日期，再展開日期新增事件。"")",16314b98484ce29e0848159f71208758fc7a70f701197cff94b72c280cdd419a
V9-2089,button,Sailune/TimelineViews.swift,923,21,Button(,待共用,原生 Button；須按動作角色、位置、命中與資料 action 判定共用外殼或具名例外。,"Button(""編輯紀元"", systemImage: SailuneSymbol.edit.systemName) { editingEra = era }",16314b98484ce29e0848159f71208758fc7a70f701197cff94b72c280cdd419a
V9-2090,copy,Sailune/TimelineViews.swift,923,21,"Button(""",待共用,直接 Button／Label／Menu 文案；需與同功能操作名稱及例外對照。,"Button(""編輯紀元"", systemImage: SailuneSymbol.edit.systemName) { editingEra = era }",16314b98484ce29e0848159f71208758fc7a70f701197cff94b72c280cdd419a
V9-2091,symbol,Sailune/TimelineViews.swift,923,49,SailuneSymbol.edit,已共用,使用或定義語意圖標 key；原字形由集中表提供。,"Button(""編輯紀元"", systemImage: SailuneSymbol.edit.systemName) { editingEra = era }",16314b98484ce29e0848159f71208758fc7a70f701197cff94b72c280cdd419a
V9-2092,button_style,Sailune/TimelineViews.swift,924,21,.buttonStyle(,已共用,引用或定義既有共用 ButtonStyle。,.buttonStyle(PlanningActionStyle()),16314b98484ce29e0848159f71208758fc7a70f701197cff94b72c280cdd419a
V9-2093,accessibility,Sailune/TimelineViews.swift,925,21,.help(,待共用,直接提示或輔助描述；需核對同操作名稱及可點擊對象。,".help(""編輯年號名稱與顏色"")",16314b98484ce29e0848159f71208758fc7a70f701197cff94b72c280cdd419a
V9-2094,surface,Sailune/TimelineViews.swift,929,13,.background(,待共用,直接背景或色值；需判定表面用途與既有 token 是否相同。,.background(eraColor.opacity(0.08)),16314b98484ce29e0848159f71208758fc7a70f701197cff94b72c280cdd419a
V9-2095,copy,Sailune/TimelineViews.swift,953,25,"Text(""",合理例外,靜態欄名或領域內容；非可執行操作文案，保留畫面語境。,"Text(""\(cell.events.count + cell.planningRecords.count)"")",16314b98484ce29e0848159f71208758fc7a70f701197cff94b72c280cdd419a
V9-2096,surface,Sailune/TimelineViews.swift,956,29,.background(,待共用,直接背景或色值；需判定表面用途與既有 token 是否相同。,.background(Color.accentColor.opacity(0.15)),16314b98484ce29e0848159f71208758fc7a70f701197cff94b72c280cdd419a
V9-2097,symbol,Sailune/TimelineViews.swift,962,43,SailuneSymbol.deleteTime,已共用,使用或定義語意圖標 key；原字形由集中表提供。,Image(systemName: SailuneSymbol.deleteTime.systemName),16314b98484ce29e0848159f71208758fc7a70f701197cff94b72c280cdd419a
V9-2098,button_style,Sailune/TimelineViews.swift,966,21,.buttonStyle(,待共用,原生樣式；需與同語意按鈕比對，不能只按 style 名稱批量替換。,.buttonStyle(.plain),16314b98484ce29e0848159f71208758fc7a70f701197cff94b72c280cdd419a
V9-2099,accessibility,Sailune/TimelineViews.swift,969,21,.accessibilityLabel(,已共用,描述由共用文案或按鈕元件提供；仍需 VoiceOver 驗收。,.accessibilityLabel(SailuneActionCopy.deleteTime),16314b98484ce29e0848159f71208758fc7a70f701197cff94b72c280cdd419a
V9-2100,copy,Sailune/TimelineViews.swift,969,41,SailuneActionCopy.deleteTime,已共用,使用或定義集中操作文案。,.accessibilityLabel(SailuneActionCopy.deleteTime),16314b98484ce29e0848159f71208758fc7a70f701197cff94b72c280cdd419a
V9-2101,accessibility,Sailune/TimelineViews.swift,970,21,.help(,已共用,描述由共用文案或按鈕元件提供；仍需 VoiceOver 驗收。,.help(SailuneActionCopy.deleteTime),16314b98484ce29e0848159f71208758fc7a70f701197cff94b72c280cdd419a
V9-2102,copy,Sailune/TimelineViews.swift,970,27,SailuneActionCopy.deleteTime,已共用,使用或定義集中操作文案。,.help(SailuneActionCopy.deleteTime),16314b98484ce29e0848159f71208758fc7a70f701197cff94b72c280cdd419a
V9-2103,copy,Sailune/TimelineViews.swift,986,17,"Text(""",合理例外,靜態欄名或領域內容；非可執行操作文案，保留畫面語境。,"Text(""尚無事件"").font(.caption).foregroundStyle(.tertiary).padding(.leading, 4)",16314b98484ce29e0848159f71208758fc7a70f701197cff94b72c280cdd419a
V9-2104,copy,Sailune/TimelineViews.swift,1003,33,"Text(""",合理例外,靜態欄名或領域內容；非可執行操作文案，保留畫面語境。,"Text(""\(g.events.count)"")",16314b98484ce29e0848159f71208758fc7a70f701197cff94b72c280cdd419a
V9-2105,button_style,Sailune/TimelineViews.swift,1007,25,.buttonStyle(,待共用,原生樣式；需與同語意按鈕比對，不能只按 style 名稱批量替換。,.buttonStyle(.plain),16314b98484ce29e0848159f71208758fc7a70f701197cff94b72c280cdd419a
V9-2106,copy,Sailune/TimelineViews.swift,1030,21,"Label(""",待共用,直接 Button／Label／Menu 文案；需與同功能操作名稱及例外對照。,"Label(""新增事件"", systemImage: SailuneSymbol.addCircle.systemName)",16314b98484ce29e0848159f71208758fc7a70f701197cff94b72c280cdd419a
V9-2107,symbol,Sailune/TimelineViews.swift,1030,48,SailuneSymbol.addCircle,已共用,使用或定義語意圖標 key；原字形由集中表提供。,"Label(""新增事件"", systemImage: SailuneSymbol.addCircle.systemName)",16314b98484ce29e0848159f71208758fc7a70f701197cff94b72c280cdd419a
V9-2108,button_style,Sailune/TimelineViews.swift,1032,17,.buttonStyle(,已共用,引用或定義既有共用 ButtonStyle。,.buttonStyle(PlanningActionStyle(prominent: true)),16314b98484ce29e0848159f71208758fc7a70f701197cff94b72c280cdd419a
V9-2109,field,Sailune/TimelineViews.swift,1080,13,TextField(,待共用,原生欄位；需檢查數值、焦點、提交與多行等專用契約。,"TextField(""事件標題"", text: $newEventTitle)",16314b98484ce29e0848159f71208758fc7a70f701197cff94b72c280cdd419a
V9-2110,field,Sailune/TimelineViews.swift,1082,13,TextField(,待共用,原生欄位；需檢查數值、焦點、提交與多行等專用契約。,"TextField(""詳情（選填）"", text: $newEventDetail, axis: .vertical)",16314b98484ce29e0848159f71208758fc7a70f701197cff94b72c280cdd419a
V9-2111,copy,Sailune/TimelineViews.swift,1086,17,"Text(""",合理例外,靜態欄名或領域內容；非可執行操作文案，保留畫面語境。,"Text(""參與角色（選填，可多選）"").font(.caption2).foregroundStyle(.secondary)",16314b98484ce29e0848159f71208758fc7a70f701197cff94b72c280cdd419a
V9-2112,copy,Sailune/TimelineViews.swift,1088,21,"Text(""",合理例外,靜態欄名或領域內容；非可執行操作文案，保留畫面語境。,"Text(""尚無角色，請先到設定集建立。"").font(.caption2).foregroundStyle(.tertiary)",16314b98484ce29e0848159f71208758fc7a70f701197cff94b72c280cdd419a
V9-2113,button_style,Sailune/TimelineViews.swift,1102,33,.buttonStyle(,待共用,原生樣式；需與同語意按鈕比對，不能只按 style 名稱批量替換。,.buttonStyle(.plain),16314b98484ce29e0848159f71208758fc7a70f701197cff94b72c280cdd419a
V9-2114,button,Sailune/TimelineViews.swift,1111,17,Button(,待共用,原生 Button；須按動作角色、位置、命中與資料 action 判定共用外殼或具名例外。,Button(SailuneActionCopy.cancel) {,16314b98484ce29e0848159f71208758fc7a70f701197cff94b72c280cdd419a
V9-2115,copy,Sailune/TimelineViews.swift,1111,24,SailuneActionCopy.cancel,已共用,使用或定義集中操作文案。,Button(SailuneActionCopy.cancel) {,16314b98484ce29e0848159f71208758fc7a70f701197cff94b72c280cdd419a
V9-2116,button_style,Sailune/TimelineViews.swift,1114,17,.buttonStyle(,已共用,引用或定義既有共用 ButtonStyle。,.buttonStyle(PlanningActionStyle()),16314b98484ce29e0848159f71208758fc7a70f701197cff94b72c280cdd419a
V9-2117,button,Sailune/TimelineViews.swift,1116,17,Button(,待共用,原生 Button；須按動作角色、位置、命中與資料 action 判定共用外殼或具名例外。,Button(SailuneActionCopy.save) {,16314b98484ce29e0848159f71208758fc7a70f701197cff94b72c280cdd419a
V9-2118,copy,Sailune/TimelineViews.swift,1116,24,SailuneActionCopy.save,已共用,使用或定義集中操作文案。,Button(SailuneActionCopy.save) {,16314b98484ce29e0848159f71208758fc7a70f701197cff94b72c280cdd419a
V9-2119,button_style,Sailune/TimelineViews.swift,1119,17,.buttonStyle(,已共用,引用或定義既有共用 ButtonStyle。,.buttonStyle(PlanningActionStyle(prominent: true)),16314b98484ce29e0848159f71208758fc7a70f701197cff94b72c280cdd419a
V9-2120,surface,Sailune/TimelineViews.swift,1124,9,.background(,待共用,直接背景或色值；需判定表面用途與既有 token 是否相同。,.background(Color.accentColor.opacity(0.06)),16314b98484ce29e0848159f71208758fc7a70f701197cff94b72c280cdd419a
V9-2121,failure_path,Sailune/TimelineViews.swift,1143,9,catch,待共用,失敗分支或可選錯誤；需核對主要結果、次要錯誤記錄與恢復契約。,catch { modelContext.delete(ev); operationError = error.localizedDescription; return },16314b98484ce29e0848159f71208758fc7a70f701197cff94b72c280cdd419a
V9-2122,failure_path,Sailune/TimelineViews.swift,1179,11,catch,待共用,失敗分支或可選錯誤；需核對主要結果、次要錯誤記錄與恢復契約。,} catch {,16314b98484ce29e0848159f71208758fc7a70f701197cff94b72c280cdd419a
V9-2123,failure_path,Sailune/TimelineViews.swift,1191,11,catch,待共用,失敗分支或可選錯誤；需核對主要結果、次要錯誤記錄與恢復契約。,} catch { operationError = error.localizedDescription; return },16314b98484ce29e0848159f71208758fc7a70f701197cff94b72c280cdd419a
V9-2124,failure_path,Sailune/TimelineViews.swift,1213,11,catch,待共用,失敗分支或可選錯誤；需核對主要結果、次要錯誤記錄與恢復契約。,} catch {,16314b98484ce29e0848159f71208758fc7a70f701197cff94b72c280cdd419a
V9-2125,button_style,Sailune/TimelineViews.swift,1280,9,.buttonStyle(,待共用,原生樣式；需與同語意按鈕比對，不能只按 style 名稱批量替換。,.buttonStyle(.plain),16314b98484ce29e0848159f71208758fc7a70f701197cff94b72c280cdd419a
V9-2126,surface,Sailune/TimelineViews.swift,1282,9,.background(,待共用,直接背景或色值；需判定表面用途與既有 token 是否相同。,".background(Color.accentColor.opacity(0.07), in: RoundedRectangle(cornerRadius: 9))",16314b98484ce29e0848159f71208758fc7a70f701197cff94b72c280cdd419a
V9-2127,accessibility,Sailune/TimelineViews.swift,1284,9,.help(,待共用,直接提示或輔助描述；需核對同操作名稱及可點擊對象。,".help(""\(record.sourceBadge)：\(record.title)"")",16314b98484ce29e0848159f71208758fc7a70f701197cff94b72c280cdd419a
V9-2128,button,Sailune/TimelineViews.swift,1296,13,Button(,待共用,原生 Button；須按動作角色、位置、命中與資料 action 判定共用外殼或具名例外。,Button(action: onOpen) {,16314b98484ce29e0848159f71208758fc7a70f701197cff94b72c280cdd419a
V9-2129,button_style,Sailune/TimelineViews.swift,1312,13,.buttonStyle(,待共用,原生樣式；需與同語意按鈕比對，不能只按 style 名稱批量替換。,.buttonStyle(.plain),16314b98484ce29e0848159f71208758fc7a70f701197cff94b72c280cdd419a
V9-2130,button,Sailune/TimelineViews.swift,1313,13,Button(,待共用,原生 Button；須按動作角色、位置、命中與資料 action 判定共用外殼或具名例外。,Button(action: onDelete) {,16314b98484ce29e0848159f71208758fc7a70f701197cff94b72c280cdd419a
V9-2131,symbol,Sailune/TimelineViews.swift,1314,23,"systemName: ""xmark.circle.fill""",待共用,直接 SF Symbol 字串；須依實際操作或資料語意分類。,"Image(systemName: ""xmark.circle.fill"").foregroundStyle(.secondary)",16314b98484ce29e0848159f71208758fc7a70f701197cff94b72c280cdd419a
V9-2132,button_style,Sailune/TimelineViews.swift,1316,13,.buttonStyle(,待共用,原生樣式；需與同語意按鈕比對，不能只按 style 名稱批量替換。,.buttonStyle(.plain),16314b98484ce29e0848159f71208758fc7a70f701197cff94b72c280cdd419a
V9-2133,accessibility,Sailune/TimelineViews.swift,1318,13,.help(,待共用,直接提示或輔助描述；需核對同操作名稱及可點擊對象。,".help(""刪除事件卡片"")",16314b98484ce29e0848159f71208758fc7a70f701197cff94b72c280cdd419a
V9-2134,surface,Sailune/TimelineViews.swift,1320,9,.background(,待共用,直接背景或色值；需判定表面用途與既有 token 是否相同。,".background(SailuneTheme.subtleSurface, in: RoundedRectangle(cornerRadius: 9))",16314b98484ce29e0848159f71208758fc7a70f701197cff94b72c280cdd419a
V9-2135,surface,Sailune/TimelineViews.swift,1320,21,SailuneTheme.,已共用,引用或定義語意色彩 token；形狀與疊層仍需檢查。,".background(SailuneTheme.subtleSurface, in: RoundedRectangle(cornerRadius: 9))",16314b98484ce29e0848159f71208758fc7a70f701197cff94b72c280cdd419a
V9-2136,accessibility,Sailune/TimelineViews.swift,1322,9,.help(,待共用,直接提示或輔助描述；需核對同操作名稱及可點擊對象。,.help(presentation.accessibilityText),16314b98484ce29e0848159f71208758fc7a70f701197cff94b72c280cdd419a
V9-2137,accessibility,Sailune/TimelineViews.swift,1323,9,.accessibilityLabel(,待共用,直接提示或輔助描述；需核對同操作名稱及可點擊對象。,.accessibilityLabel(presentation.accessibilityText),16314b98484ce29e0848159f71208758fc7a70f701197cff94b72c280cdd419a
V9-2138,surface,Sailune/TimelineViews.swift,1329,54,Color.secondary.opacity(,待共用,直接背景或色值；需判定表面用途與既有 token 是否相同。,"RoundedRectangle(cornerRadius: 9).stroke(Color.secondary.opacity(0.55), lineWidth: 1)",16314b98484ce29e0848159f71208758fc7a70f701197cff94b72c280cdd419a
V9-2139,surface,Sailune/TimelineViews.swift,1333,34,Color.secondary.opacity(,待共用,直接背景或色值；需判定表面用途與既有 token 是否相同。,.foregroundStyle(Color.secondary.opacity(0.65)),16314b98484ce29e0848159f71208758fc7a70f701197cff94b72c280cdd419a
V9-2140,copy,Sailune/TimelineViews.swift,1387,17,"Text(""",合理例外,靜態欄名或領域內容；非可執行操作文案，保留畫面語境。,"Text(""未指定紀元"").tag(Optional<UUID>.none)",16314b98484ce29e0848159f71208758fc7a70f701197cff94b72c280cdd419a
V9-2141,field,Sailune/TimelineViews.swift,1393,17,TextField(,待共用,原生欄位；需檢查數值、焦點、提交與多行等專用契約。,"TextField(""年"", text: $yearText).frame(width: 90)",16314b98484ce29e0848159f71208758fc7a70f701197cff94b72c280cdd419a
V9-2142,field,Sailune/TimelineViews.swift,1394,17,TextField(,待共用,原生欄位；需檢查數值、焦點、提交與多行等專用契約。,"TextField(""月"", text: $monthText).frame(width: 70)",16314b98484ce29e0848159f71208758fc7a70f701197cff94b72c280cdd419a
V9-2143,field,Sailune/TimelineViews.swift,1395,17,TextField(,待共用,原生欄位；需檢查數值、焦點、提交與多行等專用契約。,"TextField(""日"", text: $dayText).frame(width: 70)",16314b98484ce29e0848159f71208758fc7a70f701197cff94b72c280cdd419a
V9-2144,field,Sailune/TimelineViews.swift,1397,13,TextField(,待共用,原生欄位；需檢查數值、焦點、提交與多行等專用契約。,"TextField(""標題（最多 10 字，留白則使用月／日）"", text: $title)",16314b98484ce29e0848159f71208758fc7a70f701197cff94b72c280cdd419a
V9-2145,field,Sailune/TimelineViews.swift,1399,13,TextField(,待共用,原生欄位；需檢查數值、焦點、提交與多行等專用契約。,"TextField(""事件詳情（選填）"", text: $detail, axis: .vertical).lineLimit(2...4)",16314b98484ce29e0848159f71208758fc7a70f701197cff94b72c280cdd419a
V9-2146,field,Sailune/TimelineViews.swift,1408,21,TextField(,待共用,原生欄位；需檢查數值、焦點、提交與多行等專用契約。,"TextField(""手動節錄（最多 30 字）"", text: $manualExcerpt, axis: .vertical)",16314b98484ce29e0848159f71208758fc7a70f701197cff94b72c280cdd419a
V9-2147,button,Sailune/TimelineViews.swift,1415,17,Button(,待共用,原生 Button；須按動作角色、位置、命中與資料 action 判定共用外殼或具名例外。,Button(SailuneActionCopy.cancel) { dismiss() },16314b98484ce29e0848159f71208758fc7a70f701197cff94b72c280cdd419a
V9-2148,copy,Sailune/TimelineViews.swift,1415,24,SailuneActionCopy.cancel,已共用,使用或定義集中操作文案。,Button(SailuneActionCopy.cancel) { dismiss() },16314b98484ce29e0848159f71208758fc7a70f701197cff94b72c280cdd419a
V9-2149,button,Sailune/TimelineViews.swift,1417,17,Button(,待共用,原生 Button；須按動作角色、位置、命中與資料 action 判定共用外殼或具名例外。,"Button(""加入時間軸"") { commit() }",16314b98484ce29e0848159f71208758fc7a70f701197cff94b72c280cdd419a
V9-2150,copy,Sailune/TimelineViews.swift,1417,17,"Button(""",待共用,直接 Button／Label／Menu 文案；需與同功能操作名稱及例外對照。,"Button(""加入時間軸"") { commit() }",16314b98484ce29e0848159f71208758fc7a70f701197cff94b72c280cdd419a
V9-2151,button_style,Sailune/TimelineViews.swift,1418,21,.buttonStyle(,已共用,引用或定義既有共用 ButtonStyle。,.buttonStyle(PlanningActionStyle(prominent: true)),16314b98484ce29e0848159f71208758fc7a70f701197cff94b72c280cdd419a
V9-2152,failure_path,Sailune/TimelineViews.swift,1492,11,catch,待共用,失敗分支或可選錯誤；需核對主要結果、次要錯誤記錄與恢復契約。,} catch {,16314b98484ce29e0848159f71208758fc7a70f701197cff94b72c280cdd419a
V9-2153,copy,Sailune/TimelineViews.swift,1517,13,"Text(""",合理例外,靜態欄名或領域內容；非可執行操作文案，保留畫面語境。,"Text(""時間卡片來源"").font(.caption.weight(.semibold)).foregroundStyle(.secondary)",16314b98484ce29e0848159f71208758fc7a70f701197cff94b72c280cdd419a
V9-2154,copy,Sailune/TimelineViews.swift,1519,17,"Text(""",合理例外,靜態欄名或領域內容；非可執行操作文案，保留畫面語境。,"Text(""尚未綁定"").tag(Optional<UUID>.none)",16314b98484ce29e0848159f71208758fc7a70f701197cff94b72c280cdd419a
V9-2155,field,Sailune/TimelineViews.swift,1529,17,TextField(,待共用,原生欄位；需檢查數值、焦點、提交與多行等專用契約。,"TextField(""手動節錄（最多 30 字）"", text: $manualExcerpt, axis: .vertical)",16314b98484ce29e0848159f71208758fc7a70f701197cff94b72c280cdd419a
V9-2156,button,Sailune/TimelineViews.swift,1537,17,Button(,待共用,原生 Button；須按動作角色、位置、命中與資料 action 判定共用外殼或具名例外。,"Button(""儲存卡片來源"") { saveBinding() }",16314b98484ce29e0848159f71208758fc7a70f701197cff94b72c280cdd419a
V9-2157,copy,Sailune/TimelineViews.swift,1537,17,"Button(""",待共用,直接 Button／Label／Menu 文案；需與同功能操作名稱及例外對照。,"Button(""儲存卡片來源"") { saveBinding() }",16314b98484ce29e0848159f71208758fc7a70f701197cff94b72c280cdd419a
V9-2158,button_style,Sailune/TimelineViews.swift,1538,21,.buttonStyle(,已共用,引用或定義既有共用 ButtonStyle。,.buttonStyle(PlanningActionStyle(prominent: true)),16314b98484ce29e0848159f71208758fc7a70f701197cff94b72c280cdd419a
V9-2159,surface,Sailune/TimelineViews.swift,1542,9,.background(,待共用,直接背景或色值；需判定表面用途與既有 token 是否相同。,".background(Color.secondary.opacity(0.05), in: RoundedRectangle(cornerRadius: 8))",16314b98484ce29e0848159f71208758fc7a70f701197cff94b72c280cdd419a
V9-2160,surface,Sailune/TimelineViews.swift,1542,21,Color.secondary.opacity(,待共用,直接背景或色值；需判定表面用途與既有 token 是否相同。,".background(Color.secondary.opacity(0.05), in: RoundedRectangle(cornerRadius: 8))",16314b98484ce29e0848159f71208758fc7a70f701197cff94b72c280cdd419a
V9-2161,failure_path,Sailune/TimelineViews.swift,1566,11,catch,待共用,失敗分支或可選錯誤；需核對主要結果、次要錯誤記錄與恢復契約。,} catch {,16314b98484ce29e0848159f71208758fc7a70f701197cff94b72c280cdd419a
V9-2162,field,Sailune/TimelineViews.swift,1587,17,TextField(,待共用,原生欄位；需檢查數值、焦點、提交與多行等專用契約。,"TextField(""事件標題"", text: $event.title)",16314b98484ce29e0848159f71208758fc7a70f701197cff94b72c280cdd419a
V9-2163,field,Sailune/TimelineViews.swift,1592,17,TextField(,待共用,原生欄位；需檢查數值、焦點、提交與多行等專用契約。,"TextField(""詳情（選填）"", text: $event.detail, axis: .vertical)",16314b98484ce29e0848159f71208758fc7a70f701197cff94b72c280cdd419a
V9-2164,copy,Sailune/TimelineViews.swift,1596,21,"Text(""",合理例外,靜態欄名或領域內容；非可執行操作文案，保留畫面語境。,"Text(""參與角色"").font(.caption2).foregroundStyle(.secondary)",16314b98484ce29e0848159f71208758fc7a70f701197cff94b72c280cdd419a
V9-2165,copy,Sailune/TimelineViews.swift,1598,25,"Text(""",合理例外,靜態欄名或領域內容；非可執行操作文案，保留畫面語境。,"Text(""尚無角色"").font(.caption2).foregroundStyle(.tertiary)",16314b98484ce29e0848159f71208758fc7a70f701197cff94b72c280cdd419a
V9-2166,button_style,Sailune/TimelineViews.swift,1618,37,.buttonStyle(,待共用,原生樣式；需與同語意按鈕比對，不能只按 style 名稱批量替換。,.buttonStyle(.plain),16314b98484ce29e0848159f71208758fc7a70f701197cff94b72c280cdd419a
V9-2167,button,Sailune/TimelineViews.swift,1628,21,Button(,待共用,原生 Button；須按動作角色、位置、命中與資料 action 判定共用外殼或具名例外。,Button(SailuneActionCopy.done) {,16314b98484ce29e0848159f71208758fc7a70f701197cff94b72c280cdd419a
V9-2168,copy,Sailune/TimelineViews.swift,1628,28,SailuneActionCopy.done,已共用,使用或定義集中操作文案。,Button(SailuneActionCopy.done) {,16314b98484ce29e0848159f71208758fc7a70f701197cff94b72c280cdd419a
V9-2169,failure_path,Sailune/TimelineViews.swift,1631,25,catch,待共用,失敗分支或可選錯誤；需核對主要結果、次要錯誤記錄與恢復契約。,catch { saveError = error.localizedDescription; return },16314b98484ce29e0848159f71208758fc7a70f701197cff94b72c280cdd419a
V9-2170,button_style,Sailune/TimelineViews.swift,1635,21,.buttonStyle(,已共用,引用或定義既有共用 ButtonStyle。,.buttonStyle(PlanningActionStyle(prominent: true)),16314b98484ce29e0848159f71208758fc7a70f701197cff94b72c280cdd419a
V9-2171,surface,Sailune/TimelineViews.swift,1641,69,Color.secondary.opacity(,待共用,直接背景或色值；需判定表面用途與既有 token 是否相同。,.fill(event.isVisible ? Color.accentColor : Color.secondary.opacity(0.4)),16314b98484ce29e0848159f71208758fc7a70f701197cff94b72c280cdd419a
V9-2172,failure_path,Sailune/TimelineViews.swift,1657,29,catch,待共用,失敗分支或可選錯誤；需核對主要結果、次要錯誤記錄與恢復契約。,catch { event.isVisible.toggle(); saveError = error.localizedDescription },16314b98484ce29e0848159f71208758fc7a70f701197cff94b72c280cdd419a
V9-2173,button_style,Sailune/TimelineViews.swift,1661,25,.buttonStyle(,已共用,引用或定義既有共用 ButtonStyle。,.buttonStyle(PlanningActionStyle()),16314b98484ce29e0848159f71208758fc7a70f701197cff94b72c280cdd419a
V9-2174,accessibility,Sailune/TimelineViews.swift,1662,25,.help(,待共用,直接提示或輔助描述；需核對同操作名稱及可點擊對象。,".help(""顯示於主時間軸"")",16314b98484ce29e0848159f71208758fc7a70f701197cff94b72c280cdd419a
V9-2175,copy,Sailune/TimelineViews.swift,1667,29,"Label(""",待共用,直接 Button／Label／Menu 文案；需與同功能操作名稱及例外對照。,"Label(""編輯事件"", systemImage: SailuneSymbol.edit.systemName)",16314b98484ce29e0848159f71208758fc7a70f701197cff94b72c280cdd419a
V9-2176,symbol,Sailune/TimelineViews.swift,1667,56,SailuneSymbol.edit,已共用,使用或定義語意圖標 key；原字形由集中表提供。,"Label(""編輯事件"", systemImage: SailuneSymbol.edit.systemName)",16314b98484ce29e0848159f71208758fc7a70f701197cff94b72c280cdd419a
V9-2177,button_style,Sailune/TimelineViews.swift,1669,25,.buttonStyle(,已共用,引用或定義既有共用 ButtonStyle。,.buttonStyle(PlanningActionStyle()),16314b98484ce29e0848159f71208758fc7a70f701197cff94b72c280cdd419a
V9-2178,accessibility,Sailune/TimelineViews.swift,1670,25,.help(,待共用,直接提示或輔助描述；需核對同操作名稱及可點擊對象。,".help(""編輯事件"")",16314b98484ce29e0848159f71208758fc7a70f701197cff94b72c280cdd419a
V9-2179,button,Sailune/TimelineViews.swift,1671,25,Button(,待共用,原生 Button；須按動作角色、位置、命中與資料 action 判定共用外殼或具名例外。,Button(action: onDelete) {,16314b98484ce29e0848159f71208758fc7a70f701197cff94b72c280cdd419a
V9-2180,copy,Sailune/TimelineViews.swift,1672,29,"Label(""",待共用,直接 Button／Label／Menu 文案；需與同功能操作名稱及例外對照。,"Label(""刪除事件"", systemImage: SailuneSymbol.delete.systemName).foregroundStyle(.red)",16314b98484ce29e0848159f71208758fc7a70f701197cff94b72c280cdd419a
V9-2181,symbol,Sailune/TimelineViews.swift,1672,56,SailuneSymbol.delete,已共用,使用或定義語意圖標 key；原字形由集中表提供。,"Label(""刪除事件"", systemImage: SailuneSymbol.delete.systemName).foregroundStyle(.red)",16314b98484ce29e0848159f71208758fc7a70f701197cff94b72c280cdd419a
V9-2182,button_style,Sailune/TimelineViews.swift,1674,25,.buttonStyle(,已共用,引用或定義既有共用 ButtonStyle。,.buttonStyle(PlanningActionStyle()),16314b98484ce29e0848159f71208758fc7a70f701197cff94b72c280cdd419a
V9-2183,accessibility,Sailune/TimelineViews.swift,1675,25,.help(,待共用,直接提示或輔助描述；需核對同操作名稱及可點擊對象。,".help(""刪除事件"")",16314b98484ce29e0848159f71208758fc7a70f701197cff94b72c280cdd419a
V9-2184,copy,Sailune/TimelineViews.swift,1748,17,"Text(""",合理例外,靜態欄名或領域內容；非可執行操作文案，保留畫面語境。,"Text(""新增時間釘子"").font(.system(.headline, design: .serif))",16314b98484ce29e0848159f71208758fc7a70f701197cff94b72c280cdd419a
V9-2185,surface,Sailune/TimelineViews.swift,1753,21,.background(,待共用,直接背景或色值；需判定表面用途與既有 token 是否相同。,.background(Capsule().fill(Color.accentColor.opacity(0.15))),16314b98484ce29e0848159f71208758fc7a70f701197cff94b72c280cdd419a
V9-2186,copy,Sailune/TimelineViews.swift,1758,17,"Text(""",合理例外,靜態欄名或領域內容；非可執行操作文案，保留畫面語境。,"Text(""年號"").font(.caption).foregroundStyle(.secondary)",16314b98484ce29e0848159f71208758fc7a70f701197cff94b72c280cdd419a
V9-2187,copy,Sailune/TimelineViews.swift,1763,29,"Text(""",合理例外,靜態欄名或領域內容；非可執行操作文案，保留畫面語境。,"Text(""（無年號）"").tag(Optional<UUID>.none)",16314b98484ce29e0848159f71208758fc7a70f701197cff94b72c280cdd419a
V9-2188,copy,Sailune/TimelineViews.swift,1775,17,"Text(""",合理例外,靜態欄名或領域內容；非可執行操作文案，保留畫面語境。,"Text(""日期（月、日選填）"").font(.caption).foregroundStyle(.secondary)",16314b98484ce29e0848159f71208758fc7a70f701197cff94b72c280cdd419a
V9-2189,field,Sailune/TimelineViews.swift,1777,21,TextField(,待共用,原生欄位；需檢查數值、焦點、提交與多行等專用契約。,"TextField(""年"", text: $yearText)",16314b98484ce29e0848159f71208758fc7a70f701197cff94b72c280cdd419a
V9-2190,field,Sailune/TimelineViews.swift,1780,21,TextField(,待共用,原生欄位；需檢查數值、焦點、提交與多行等專用契約。,"TextField(""月"", text: $monthText)",16314b98484ce29e0848159f71208758fc7a70f701197cff94b72c280cdd419a
V9-2191,field,Sailune/TimelineViews.swift,1783,21,TextField(,待共用,原生欄位；需檢查數值、焦點、提交與多行等專用契約。,"TextField(""日"", text: $dayText)",16314b98484ce29e0848159f71208758fc7a70f701197cff94b72c280cdd419a
V9-2192,button,Sailune/TimelineViews.swift,1799,17,Button(,待共用,原生 Button；須按動作角色、位置、命中與資料 action 判定共用外殼或具名例外。,Button(SailuneActionCopy.cancel) { dismiss() },16314b98484ce29e0848159f71208758fc7a70f701197cff94b72c280cdd419a
V9-2193,copy,Sailune/TimelineViews.swift,1799,24,SailuneActionCopy.cancel,已共用,使用或定義集中操作文案。,Button(SailuneActionCopy.cancel) { dismiss() },16314b98484ce29e0848159f71208758fc7a70f701197cff94b72c280cdd419a
V9-2194,button_style,Sailune/TimelineViews.swift,1800,21,.buttonStyle(,已共用,引用或定義既有共用 ButtonStyle。,.buttonStyle(PlanningActionStyle()),16314b98484ce29e0848159f71208758fc7a70f701197cff94b72c280cdd419a
V9-2195,button,Sailune/TimelineViews.swift,1802,17,Button(,待共用,原生 Button；須按動作角色、位置、命中與資料 action 判定共用外殼或具名例外。,Button(SailuneActionCopy.add) { commit() },16314b98484ce29e0848159f71208758fc7a70f701197cff94b72c280cdd419a
V9-2196,copy,Sailune/TimelineViews.swift,1802,24,SailuneActionCopy.add,已共用,使用或定義集中操作文案。,Button(SailuneActionCopy.add) { commit() },16314b98484ce29e0848159f71208758fc7a70f701197cff94b72c280cdd419a
V9-2197,button_style,Sailune/TimelineViews.swift,1803,21,.buttonStyle(,已共用,引用或定義既有共用 ButtonStyle。,.buttonStyle(PlanningActionStyle(prominent: true)),16314b98484ce29e0848159f71208758fc7a70f701197cff94b72c280cdd419a
V9-2198,failure_path,Sailune/TimelineViews.swift,1821,9,catch,待共用,失敗分支或可選錯誤；需核對主要結果、次要錯誤記錄與恢復契約。,catch {,16314b98484ce29e0848159f71208758fc7a70f701197cff94b72c280cdd419a
V9-2199,symbol,Sailune/UnlinkedReferenceReviewView.swift,13,23,"systemName: ""text.magnifyingglass""",待共用,直接 SF Symbol 字串；須依實際操作或資料語意分類。,"Image(systemName: ""text.magnifyingglass"")",dbd714faa22a76029bfc5f7d788dcbda93fcec34455eca9acc6dae7e19942fd2
V9-2200,copy,Sailune/UnlinkedReferenceReviewView.swift,16,21,"Text(""",合理例外,靜態欄名或領域內容；非可執行操作文案，保留畫面語境。,"Text(""發現未連結的舊名稱"")",dbd714faa22a76029bfc5f7d788dcbda93fcec34455eca9acc6dae7e19942fd2
V9-2201,copy,Sailune/UnlinkedReferenceReviewView.swift,18,21,"Text(""",合理例外,靜態欄名或領域內容；非可執行操作文案，保留畫面語境。,"Text(""已連結文字已同步；以下文字請依上下文決定是否替換。"")",dbd714faa22a76029bfc5f7d788dcbda93fcec34455eca9acc6dae7e19942fd2
V9-2202,button,Sailune/UnlinkedReferenceReviewView.swift,23,17,Button(,待共用,原生 Button；須按動作角色、位置、命中與資料 action 判定共用外殼或具名例外。,Button(action: onDismiss) {,dbd714faa22a76029bfc5f7d788dcbda93fcec34455eca9acc6dae7e19942fd2
V9-2203,symbol,Sailune/UnlinkedReferenceReviewView.swift,24,39,SailuneSymbol.cancel,已共用,使用或定義語意圖標 key；原字形由集中表提供。,Image(systemName: SailuneSymbol.cancel.systemName),dbd714faa22a76029bfc5f7d788dcbda93fcec34455eca9acc6dae7e19942fd2
V9-2204,button_style,Sailune/UnlinkedReferenceReviewView.swift,26,17,.buttonStyle(,待共用,原生樣式；需與同語意按鈕比對，不能只按 style 名稱批量替換。,.buttonStyle(.plain),dbd714faa22a76029bfc5f7d788dcbda93fcec34455eca9acc6dae7e19942fd2
V9-2205,accessibility,Sailune/UnlinkedReferenceReviewView.swift,28,17,.help(,待共用,直接提示或輔助描述；需核對同操作名稱及可點擊對象。,".help(""暫不處理"")",dbd714faa22a76029bfc5f7d788dcbda93fcec34455eca9acc6dae7e19942fd2
V9-2206,button,Sailune/UnlinkedReferenceReviewView.swift,32,17,Button(,待共用,原生 Button；須按動作角色、位置、命中與資料 action 判定共用外殼或具名例外。,"Button(""全選"") { candidates.indices.forEach { candidates[$0].isSelected = true } }",dbd714faa22a76029bfc5f7d788dcbda93fcec34455eca9acc6dae7e19942fd2
V9-2207,copy,Sailune/UnlinkedReferenceReviewView.swift,32,17,"Button(""",待共用,直接 Button／Label／Menu 文案；需與同功能操作名稱及例外對照。,"Button(""全選"") { candidates.indices.forEach { candidates[$0].isSelected = true } }",dbd714faa22a76029bfc5f7d788dcbda93fcec34455eca9acc6dae7e19942fd2
V9-2208,button,Sailune/UnlinkedReferenceReviewView.swift,33,17,Button(,待共用,原生 Button；須按動作角色、位置、命中與資料 action 判定共用外殼或具名例外。,"Button(""全不選"") { candidates.indices.forEach { candidates[$0].isSelected = false } }",dbd714faa22a76029bfc5f7d788dcbda93fcec34455eca9acc6dae7e19942fd2
V9-2209,copy,Sailune/UnlinkedReferenceReviewView.swift,33,17,"Button(""",待共用,直接 Button／Label／Menu 文案；需與同功能操作名稱及例外對照。,"Button(""全不選"") { candidates.indices.forEach { candidates[$0].isSelected = false } }",dbd714faa22a76029bfc5f7d788dcbda93fcec34455eca9acc6dae7e19942fd2
V9-2210,copy,Sailune/UnlinkedReferenceReviewView.swift,35,17,"Text(""",合理例外,靜態欄名或領域內容；非可執行操作文案，保留畫面語境。,"Text(""共 \(candidates.count) 處"")",dbd714faa22a76029bfc5f7d788dcbda93fcec34455eca9acc6dae7e19942fd2
V9-2211,button_style,Sailune/UnlinkedReferenceReviewView.swift,39,13,.buttonStyle(,待共用,原生樣式；需與同語意按鈕比對，不能只按 style 名稱批量替換。,.buttonStyle(.borderless),dbd714faa22a76029bfc5f7d788dcbda93fcec34455eca9acc6dae7e19942fd2
V9-2212,copy,Sailune/UnlinkedReferenceReviewView.swift,46,29,"Text(""",合理例外,靜態欄名或領域內容；非可執行操作文案，保留畫面語境。,"Text(""\(candidate.sourceLabel)：\(candidate.sourceName) → \(candidate.replacement)"")",dbd714faa22a76029bfc5f7d788dcbda93fcec34455eca9acc6dae7e19942fd2
V9-2213,copy,Sailune/UnlinkedReferenceReviewView.swift,48,29,"Text(""",合理例外,靜態欄名或領域內容；非可執行操作文案，保留畫面語境。,"Text(""\(candidate.section.title.isEmpty ? ""未命名章節"" : candidate.section.title)　\(candidate.preview)"")",dbd714faa22a76029bfc5f7d788dcbda93fcec34455eca9acc6dae7e19942fd2
V9-2214,button,Sailune/UnlinkedReferenceReviewView.swift,58,13,Button(,待共用,原生 Button；須按動作角色、位置、命中與資料 action 判定共用外殼或具名例外。,"Button(""套用已選 \(selectedCount) 處"", action: onApply)",dbd714faa22a76029bfc5f7d788dcbda93fcec34455eca9acc6dae7e19942fd2
V9-2215,copy,Sailune/UnlinkedReferenceReviewView.swift,58,13,"Button(""",待共用,直接 Button／Label／Menu 文案；需與同功能操作名稱及例外對照。,"Button(""套用已選 \(selectedCount) 處"", action: onApply)",dbd714faa22a76029bfc5f7d788dcbda93fcec34455eca9acc6dae7e19942fd2
V9-2216,button_style,Sailune/UnlinkedReferenceReviewView.swift,59,17,.buttonStyle(,待共用,原生樣式；需與同語意按鈕比對，不能只按 style 名稱批量替換。,.buttonStyle(.borderedProminent),dbd714faa22a76029bfc5f7d788dcbda93fcec34455eca9acc6dae7e19942fd2
V9-2217,surface,Sailune/UnlinkedReferenceReviewView.swift,63,9,.background(,待共用,直接背景或色值；需判定表面用途與既有 token 是否相同。,".background(Color.accentColor.opacity(0.08), in: RoundedRectangle(cornerRadius: 10))",dbd714faa22a76029bfc5f7d788dcbda93fcec34455eca9acc6dae7e19942fd2
V9-2218,symbol,Sailune/V5SettingModels.swift,35,21,SailuneSymbol.item,已共用,使用或定義語意圖標 key；原字形由集中表提供。,case .item: SailuneSymbol.item.systemName,d10b679d8bdd2818705e869c72772e98507e28831137ec4ade171a178bd7c432
V9-2219,symbol,Sailune/V5SettingModels.swift,36,24,SailuneSymbol.ability,已共用,使用或定義語意圖標 key；原字形由集中表提供。,case .ability: SailuneSymbol.ability.systemName,d10b679d8bdd2818705e869c72772e98507e28831137ec4ade171a178bd7c432
V9-2220,failure_path,Sailune/V5SettingModels.swift,2244,11,catch,待共用,失敗分支或可選錯誤；需核對主要結果、次要錯誤記錄與恢復契約。,} catch {,d10b679d8bdd2818705e869c72772e98507e28831137ec4ade171a178bd7c432
V9-2221,failure_path,Sailune/V5SettingModels.swift,2398,11,catch,待共用,失敗分支或可選錯誤；需核對主要結果、次要錯誤記錄與恢復契約。,} catch {,d10b679d8bdd2818705e869c72772e98507e28831137ec4ade171a178bd7c432
V9-2222,failure_path,Sailune/V5SettingModels.swift,2409,11,catch,待共用,失敗分支或可選錯誤；需核對主要結果、次要錯誤記錄與恢復契約。,} catch {,d10b679d8bdd2818705e869c72772e98507e28831137ec4ade171a178bd7c432
V9-2223,failure_path,Sailune/V5SettingModels.swift,2442,11,catch,待共用,失敗分支或可選錯誤；需核對主要結果、次要錯誤記錄與恢復契約。,} catch {,d10b679d8bdd2818705e869c72772e98507e28831137ec4ade171a178bd7c432
V9-2224,failure_path,Sailune/V5SettingModels.swift,2829,11,catch,待共用,失敗分支或可選錯誤；需核對主要結果、次要錯誤記錄與恢復契約。,} catch {,d10b679d8bdd2818705e869c72772e98507e28831137ec4ade171a178bd7c432
V9-2225,failure_path,Sailune/V5SettingModels.swift,2845,11,catch,待共用,失敗分支或可選錯誤；需核對主要結果、次要錯誤記錄與恢復契約。,} catch {,d10b679d8bdd2818705e869c72772e98507e28831137ec4ade171a178bd7c432
V9-2226,failure_path,Sailune/V5SettingModels.swift,2940,11,catch,待共用,失敗分支或可選錯誤；需核對主要結果、次要錯誤記錄與恢復契約。,} catch {,d10b679d8bdd2818705e869c72772e98507e28831137ec4ade171a178bd7c432
V9-2227,failure_path,SailuneTests/ItemV3Tests.swift,62,13,try?,合理例外,測試專用呼叫；不屬正式 UI 共用接線，測試清理與解析結果仍需保留測試語意。,try? FileManager.default.removeItem(at: directory),2ab3e1ab2478924c1b91fe09f85ec04e2afc96fcbf69ec33290692c924b031d0
V9-2228,failure_path,SailuneTests/ItemV3Tests.swift,114,13,try?,合理例外,測試專用呼叫；不屬正式 UI 共用接線，測試清理與解析結果仍需保留測試語意。,try? FileManager.default.removeItem(at: directory),2ab3e1ab2478924c1b91fe09f85ec04e2afc96fcbf69ec33290692c924b031d0
V9-2229,failure_path,SailuneTests/ItemV3Tests.swift,290,17,try?,合理例外,測試專用呼叫；不屬正式 UI 共用接線，測試清理與解析結果仍需保留測試語意。,try? FileManager.default.removeItem(atPath: url.path + suffix),2ab3e1ab2478924c1b91fe09f85ec04e2afc96fcbf69ec33290692c924b031d0
V9-2230,failure_path,SailuneTests/ItemV3Tests.swift,610,21,try?,合理例外,測試專用呼叫；不屬正式 UI 共用接線，測試清理與解析結果仍需保留測試語意。,try? FileManager.default.removeItem(atPath: url.path + suffix),2ab3e1ab2478924c1b91fe09f85ec04e2afc96fcbf69ec33290692c924b031d0
V9-2231,failure_path,SailuneTests/ItemV3Tests.swift,630,11,catch,合理例外,測試專用呼叫；不屬正式 UI 共用接線，測試清理與解析結果仍需保留測試語意。,} catch {,2ab3e1ab2478924c1b91fe09f85ec04e2afc96fcbf69ec33290692c924b031d0
V9-2232,failure_path,SailuneTests/ItemV3Tests.swift,837,17,try?,合理例外,測試專用呼叫；不屬正式 UI 共用接線，測試清理與解析結果仍需保留測試語意。,defer { try? FileManager.default.removeItem(at: root) },2ab3e1ab2478924c1b91fe09f85ec04e2afc96fcbf69ec33290692c924b031d0
V9-2233,failure_path,SailuneTests/ItemV3Tests.swift,888,17,try?,合理例外,測試專用呼叫；不屬正式 UI 共用接線，測試清理與解析結果仍需保留測試語意。,defer { try? FileManager.default.removeItem(at: root) },2ab3e1ab2478924c1b91fe09f85ec04e2afc96fcbf69ec33290692c924b031d0
V9-2234,failure_path,SailuneTests/ItemV3Tests.swift,916,17,try?,合理例外,測試專用呼叫；不屬正式 UI 共用接線，測試清理與解析結果仍需保留測試語意。,defer { try? FileManager.default.removeItem(at: root) },2ab3e1ab2478924c1b91fe09f85ec04e2afc96fcbf69ec33290692c924b031d0
V9-2235,failure_path,SailuneTests/ItemV3Tests.swift,1117,13,try?,合理例外,測試專用呼叫；不屬正式 UI 共用接線，測試清理與解析結果仍需保留測試語意。,try? FileManager.default.removeItem(at: mapDirectory),2ab3e1ab2478924c1b91fe09f85ec04e2afc96fcbf69ec33290692c924b031d0
V9-2236,failure_path,SailuneTests/MapV7Tests.swift,242,13,try?,合理例外,測試專用呼叫；不屬正式 UI 共用接線，測試清理與解析結果仍需保留測試語意。,try? FileManager.default.removeItem(at: directory),60c6daf85b02bfdb29809691d586e70764dd5d865b2399f6f7c8cee0f68f84ae
V9-2237,failure_path,SailuneTests/MapV7Tests.swift,345,13,try?,合理例外,測試專用呼叫；不屬正式 UI 共用接線，測試清理與解析結果仍需保留測試語意。,try? FileManager.default.removeItem(at: directory),60c6daf85b02bfdb29809691d586e70764dd5d865b2399f6f7c8cee0f68f84ae
V9-2238,failure_path,SailuneTests/MapV7Tests.swift,417,17,try?,合理例外,測試專用呼叫；不屬正式 UI 共用接線，測試清理與解析結果仍需保留測試語意。,defer { try? FileManager.default.removeItem(at: directory) },60c6daf85b02bfdb29809691d586e70764dd5d865b2399f6f7c8cee0f68f84ae
V9-2239,failure_path,SailuneTests/MapV7Tests.swift,507,13,try?,合理例外,測試專用呼叫；不屬正式 UI 共用接線，測試清理與解析結果仍需保留測試語意。,try? FileManager.default.removeItem(at: directory),60c6daf85b02bfdb29809691d586e70764dd5d865b2399f6f7c8cee0f68f84ae
V9-2240,failure_path,SailuneTests/MapV7Tests.swift,634,17,try?,合理例外,測試專用呼叫；不屬正式 UI 共用接線，測試清理與解析結果仍需保留測試語意。,defer { try? FileManager.default.removeItem(at: directory) },60c6daf85b02bfdb29809691d586e70764dd5d865b2399f6f7c8cee0f68f84ae
V9-2241,failure_path,SailuneTests/SailuneAITests.swift,9,17,try?,合理例外,測試專用呼叫；不屬正式 UI 共用接線，測試清理與解析結果仍需保留測試語意。,defer { try? FileManager.default.removeItem(at: root) },469717b99ef6198b2091a1afd149320bed09ef706fa61715eb7de6dbac0662db
V9-2242,failure_path,SailuneTests/SailuneAITests.swift,51,17,try?,合理例外,測試專用呼叫；不屬正式 UI 共用接線，測試清理與解析結果仍需保留測試語意。,defer { try? FileManager.default.removeItem(at: root) },469717b99ef6198b2091a1afd149320bed09ef706fa61715eb7de6dbac0662db
V9-2243,failure_path,SailuneTests/SailuneAITests.swift,208,11,catch,合理例外,測試專用呼叫；不屬正式 UI 共用接線，測試清理與解析結果仍需保留測試語意。,} catch SailuneAIClientError.serverError(let status) {,469717b99ef6198b2091a1afd149320bed09ef706fa61715eb7de6dbac0662db
V9-2244,failure_path,SailuneTests/SailuneAITests.swift,243,25,try?,合理例外,測試專用呼叫；不屬正式 UI 共用接線，測試清理與解析結果仍需保留測試語意。,let object = try? JSONSerialization.jsonObject(with: body) as? [String: Any] {,469717b99ef6198b2091a1afd149320bed09ef706fa61715eb7de6dbac0662db
V9-2245,failure_path,SailuneTests/SailuneAITests.swift,282,25,try?,合理例外,測試專用呼叫；不屬正式 UI 共用接線，測試清理與解析結果仍需保留測試語意。,let object = try? JSONSerialization.jsonObject(with: body) as? [String: Any] {,469717b99ef6198b2091a1afd149320bed09ef706fa61715eb7de6dbac0662db
V9-2246,failure_path,SailuneTests/V42OutlineTests.swift,1641,13,try?,合理例外,測試專用呼叫；不屬正式 UI 共用接線，測試清理與解析結果仍需保留測試語意。,try? FileManager.default.removeItem(atPath: url.path + suffix),cb6411d2379140e794220da504c77b44e6e4b2166de2bc943d763be390ae1209
V9-2247,failure_path,SailuneTests/V5SettingsTests.swift,360,17,try?,合理例外,測試專用呼叫；不屬正式 UI 共用接線，測試清理與解析結果仍需保留測試語意。,defer { try? FileManager.default.removeItem(at: directory) },0537d7c61df9e9d0a6813252b5f2c1172b24c761b4acff2df4b6c3c9b765ffe0
V9-2248,failure_path,SailuneTests/V5SettingsTests.swift,417,17,try?,合理例外,測試專用呼叫；不屬正式 UI 共用接線，測試清理與解析結果仍需保留測試語意。,defer { try? FileManager.default.removeItem(at: directory) },0537d7c61df9e9d0a6813252b5f2c1172b24c761b4acff2df4b6c3c9b765ffe0
V9-2249,failure_path,SailuneTests/V5SettingsTests.swift,692,17,try?,合理例外,測試專用呼叫；不屬正式 UI 共用接線，測試清理與解析結果仍需保留測試語意。,defer { try? FileManager.default.removeItem(at: directory) },0537d7c61df9e9d0a6813252b5f2c1172b24c761b4acff2df4b6c3c9b765ffe0
V9-2250,failure_path,SailuneTests/V5SettingsTests.swift,739,17,try?,合理例外,測試專用呼叫；不屬正式 UI 共用接線，測試清理與解析結果仍需保留測試語意。,defer { try? FileManager.default.removeItem(at: directory) },0537d7c61df9e9d0a6813252b5f2c1172b24c761b4acff2df4b6c3c9b765ffe0
V9-2251,failure_path,SailuneTests/V5SettingsTests.swift,791,17,try?,合理例外,測試專用呼叫；不屬正式 UI 共用接線，測試清理與解析結果仍需保留測試語意。,defer { try? FileManager.default.removeItem(at: directory) },0537d7c61df9e9d0a6813252b5f2c1172b24c761b4acff2df4b6c3c9b765ffe0
V9-2252,failure_path,SailuneTests/V5SettingsTests.swift,840,17,try?,合理例外,測試專用呼叫；不屬正式 UI 共用接線，測試清理與解析結果仍需保留測試語意。,defer { try? FileManager.default.removeItem(at: directory) },0537d7c61df9e9d0a6813252b5f2c1172b24c761b4acff2df4b6c3c9b765ffe0
V9-2253,failure_path,SailuneTests/V5SettingsTests.swift,946,17,try?,合理例外,測試專用呼叫；不屬正式 UI 共用接線，測試清理與解析結果仍需保留測試語意。,defer { try? FileManager.default.removeItem(at: directory) },0537d7c61df9e9d0a6813252b5f2c1172b24c761b4acff2df4b6c3c9b765ffe0
V9-2254,failure_path,SailuneTests/V5SettingsTests.swift,1173,17,try?,合理例外,測試專用呼叫；不屬正式 UI 共用接線，測試清理與解析結果仍需保留測試語意。,defer { try? FileManager.default.removeItem(at: directory) },0537d7c61df9e9d0a6813252b5f2c1172b24c761b4acff2df4b6c3c9b765ffe0
V9-2255,failure_path,SailuneTests/V5SettingsTests.swift,1194,17,try?,合理例外,測試專用呼叫；不屬正式 UI 共用接線，測試清理與解析結果仍需保留測試語意。,defer { try? FileManager.default.removeItem(at: directory) },0537d7c61df9e9d0a6813252b5f2c1172b24c761b4acff2df4b6c3c9b765ffe0
V9-2256,failure_path,SailuneTests/V5SettingsTests.swift,1333,17,try?,合理例外,測試專用呼叫；不屬正式 UI 共用接線，測試清理與解析結果仍需保留測試語意。,defer { try? FileManager.default.removeItem(at: directory) },0537d7c61df9e9d0a6813252b5f2c1172b24c761b4acff2df4b6c3c9b765ffe0
