id,reviewed_status,evidence_and_disposition,work_item,verification_state
V9-0001,合理例外,此原生 Button 以 Label 同時提供文字與語意圖標，保留導覽／新增／刪除的領域 action；文案及圖標各有固定 ID 共用或例外，ButtonStyle 和實際命中仍獨立驗收。,docs/work-items/v9-frozen-inventory.md,來源 Label 按鈕已核對；位置／hit-test／鍵盤／Light／Dark 待驗收
V9-0002,已共用,"V9.1ao 已依凍結 ID 將原操作標題接至 SailuneActionCopy，原繁體中文值、closure、role、style 及圖標不變；現行來源：HStack { Button(action: onBack) { Label(SailuneActionCopy.back, systemImage: SailuneSymbol.back.systemName) }.buttonStyle(.plain); Spacer() }",docs/work-items/v9.1ao-repeated-action-copy.md,65 個固定 ID 靜態核對、String Catalog JSON 及主機無簽章 Debug build 通過；GUI／VoiceOver 待驗收
V9-0003,已共用,來源已讀取 SailuneSymbol 語意 key；同功能字形是否一致依集中表與畫面驗收。,docs/work-items/v9-frozen-inventory.md,來源語意已複核；字形與輔助功能畫面驗收待完成
V9-0004,待共用,原生 .plain 樣式常見於圖標／整列控制；需與對應 Button ID 一起核對角色、28 pt 命中及是否需具名共用 variant。,docs/work-items/v9-frozen-inventory.md,來源 style 已核對；實際 hit-test／Light／Dark 待驗收
V9-0005,已共用,V9.1av 已把原色值來源改讀 SailuneTheme.controlSurface，保留原 shape、opacity 與層級；雙重 regex ID 指向同一色值表達式時共同標記。,docs/work-items/v9.1av-frozen-surfaces.md,21 個現行來源、原色值、無簽章 macOS Debug build 與 git diff --check 通過；Light／Dark／hover 實際畫面待驗收
V9-0006,合理例外,目前固定清單中僅此處使用的領域文案「能力設定」；沒有同功能重複證據，保留具名畫面語境。,docs/work-items/v9-frozen-inventory.md,字面值／重複群已核對；實際文案與輔助描述待畫面驗收
V9-0007,已共用,來源已讀取 SailuneSymbol 語意 key；同功能字形是否一致依集中表與畫面驗收。,docs/work-items/v9-frozen-inventory.md,來源語意已複核；字形與輔助功能畫面驗收待完成
V9-0008,已共用,來源已引用共用單行／搜尋欄位或位於其實作；原 Binding 與外層行為仍須依畫面核對。,docs/work-items/v9-frozen-inventory.md,來源分類已複核；具體 UI／資料驗收待完成
V9-0009,合理例外,畫面標題、欄位名稱或領域狀態的靜態文字；不是 Button／Menu 操作命令。,docs/work-items/v9-frozen-inventory.md,字面值／重複群已核對；實際文案與輔助描述待畫面驗收
V9-0010,合理例外,"來源以 SwiftUI 原生 Button 的標題參數承載文字或文字加圖標；保留原生角色／焦點／可用狀態，文案與圖標分別由固定 copy／symbol ID 審核，不為此控制另造相同 Button 外殼。來源：Button(name.isEmpty ? ""未命名角色"" : name) { onOpenCharacter(character) }",docs/work-items/v9-frozen-inventory.md,來源原生標題按鈕已核對；位置／實際 hit-test／鍵盤與 Light／Dark 待驗收
V9-0011,合理例外,採 macOS 原生 .link 樣式，保留平台語意；此例外只涵蓋 style，按鈕位置／命中與操作文案仍依對應 Button ID 驗收。,docs/work-items/v9-frozen-inventory.md,來源 style 已核對；實際 hit-test／Light／Dark 待驗收
V9-0012,合理例外,目前固定清單中僅此處使用的領域文案「連接角色」；沒有同功能重複證據，保留具名畫面語境。,docs/work-items/v9-frozen-inventory.md,字面值／重複群已核對；實際文案與輔助描述待畫面驗收
V9-0013,合理例外,"來源以 SwiftUI 原生 Button 的標題參數承載文字或文字加圖標；保留原生角色／焦點／可用狀態，文案與圖標分別由固定 copy／symbol ID 審核，不為此控制另造相同 Button 外殼。來源：Button(character.realName.isEmpty ? ""未命名角色"" : character.realName) {",docs/work-items/v9-frozen-inventory.md,來源原生標題按鈕已核對；位置／實際 hit-test／鍵盤與 Light／Dark 待驗收
V9-0014,待共用,原生 .borderless 樣式常見於圖標／整列控制；需與對應 Button ID 一起核對角色、28 pt 命中及是否需具名共用 variant。,docs/work-items/v9-frozen-inventory.md,來源 style 已核對；實際 hit-test／Light／Dark 待驗收
V9-0015,合理例外,"來源以 SwiftUI 原生 Button 的標題參數承載文字或文字加圖標；保留原生角色／焦點／可用狀態，文案與圖標分別由固定 copy／symbol ID 審核，不為此控制另造相同 Button 外殼。來源：Button(""刪除能力"", systemImage: SailuneSymbol.delete.systemName, role: .destructive) { deleteAbility() }",docs/work-items/v9-frozen-inventory.md,來源原生標題按鈕已核對；位置／實際 hit-test／鍵盤與 Light／Dark 待驗收
V9-0016,合理例外,目前固定清單中僅此處使用的領域文案「刪除能力」；沒有同功能重複證據，保留具名畫面語境。,docs/work-items/v9-frozen-inventory.md,字面值／重複群已核對；實際文案與輔助描述待畫面驗收
V9-0017,已共用,來源已讀取 SailuneSymbol 語意 key；同功能字形是否一致依集中表與畫面驗收。,docs/work-items/v9-frozen-inventory.md,來源語意已複核；字形與輔助功能畫面驗收待完成
V9-0018,合理例外,畫面標題、欄位名稱或領域狀態的靜態文字；不是 Button／Menu 操作命令。,docs/work-items/v9-frozen-inventory.md,字面值／重複群已核對；實際文案與輔助描述待畫面驗收
V9-0019,合理例外,畫面標題、欄位名稱或領域狀態的靜態文字；不是 Button／Menu 操作命令。,docs/work-items/v9-frozen-inventory.md,字面值／重複群已核對；實際文案與輔助描述待畫面驗收
V9-0020,已共用,來源已引用共用單行／搜尋欄位或位於其實作；原 Binding 與外層行為仍須依畫面核對。,docs/work-items/v9-frozen-inventory.md,來源分類已複核；具體 UI／資料驗收待完成
V9-0021,待共用,純圖標或 iconOnly 按鈕候選；依凍結位置核對 28 pt 命中、間距、help／accessibility、原 action 及禁用條件。 凍結來源：Button(role: .destructive) { abilityStore.deleteAbilityLevel(level) } label: { Image(systemName: SailuneSymbol.delete.systemName) }.buttonStyle(.plain,docs/work-items/v9-frozen-inventory.md,來源按鈕型態已列；實際命中／鍵盤／Light／Dark 待驗收
V9-0022,已共用,來源已讀取 SailuneSymbol 語意 key；同功能字形是否一致依集中表與畫面驗收。,docs/work-items/v9-frozen-inventory.md,來源語意已複核；字形與輔助功能畫面驗收待完成
V9-0023,待共用,原生 .plain 樣式常見於圖標／整列控制；需與對應 Button ID 一起核對角色、28 pt 命中及是否需具名共用 variant。,docs/work-items/v9-frozen-inventory.md,來源 style 已核對；實際 hit-test／Light／Dark 待驗收
V9-0024,已共用,來源已引用共用單行／搜尋欄位或位於其實作；原 Binding 與外層行為仍須依畫面核對。,docs/work-items/v9-frozen-inventory.md,來源分類已複核；具體 UI／資料驗收待完成
V9-0025,已共用,來源已引用共用單行／搜尋欄位或位於其實作；原 Binding 與外層行為仍須依畫面核對。,docs/work-items/v9-frozen-inventory.md,來源分類已複核；具體 UI／資料驗收待完成
V9-0026,已共用,來源已引用共用單行／搜尋欄位或位於其實作；原 Binding 與外層行為仍須依畫面核對。,docs/work-items/v9-frozen-inventory.md,來源分類已複核；具體 UI／資料驗收待完成
V9-0027,已共用,"背景引用已命名的 theme／AppTheme 色彩來源；用途與 Light／Dark 對照仍需畫面驗收。 凍結來源：.padding(8).background(SailuneTheme.subtleSurface, in: RoundedRectangle(cornerRadius: 7))",docs/work-items/v9-frozen-inventory.md,來源色彩用途已分類；Light／Dark 與 hit-testing 待驗收
V9-0028,已共用,"背景引用已命名的 theme／AppTheme 色彩來源；用途與 Light／Dark 對照仍需畫面驗收。 凍結來源：.padding(8).background(SailuneTheme.subtleSurface, in: RoundedRectangle(cornerRadius: 7))",docs/work-items/v9-frozen-inventory.md,來源色彩用途已分類；Light／Dark 與 hit-testing 待驗收
V9-0029,合理例外,"來源以 SwiftUI 原生 Button 的標題參數承載文字或文字加圖標；保留原生角色／焦點／可用狀態，文案與圖標分別由固定 copy／symbol ID 審核，不為此控制另造相同 Button 外殼。來源：Button(""新增等級"", systemImage: SailuneSymbol.add.systemName) {",docs/work-items/v9-frozen-inventory.md,來源原生標題按鈕已核對；位置／實際 hit-test／鍵盤與 Light／Dark 待驗收
V9-0030,已共用,"V9.1ao 已依凍結 ID 將原操作標題接至 SailuneActionCopy，原繁體中文值、closure、role、style 及圖標不變；現行來源：Button(SailuneActionCopy.addLevel, systemImage: SailuneSymbol.add.systemName) {",docs/work-items/v9.1ao-repeated-action-copy.md,65 個固定 ID 靜態核對、String Catalog JSON 及主機無簽章 Debug build 通過；GUI／VoiceOver 待驗收
V9-0031,已共用,來源已讀取 SailuneSymbol 語意 key；同功能字形是否一致依集中表與畫面驗收。,docs/work-items/v9-frozen-inventory.md,來源語意已複核；字形與輔助功能畫面驗收待完成
V9-0032,待共用,原生 .borderless 樣式常見於圖標／整列控制；需與對應 Button ID 一起核對角色、28 pt 命中及是否需具名共用 variant。,docs/work-items/v9-frozen-inventory.md,來源 style 已核對；實際 hit-test／Light／Dark 待驗收
V9-0033,合理例外,"catch 呼叫領域錯誤回報 callback；此處是領域失敗處理，不宜僅為共用化抽成統一資料 action。來源分支：modelContext.rollback() presentDeletionMessage(""能力未刪除。\n\n\(error.localizedDescription)"")",docs/work-items/v9-frozen-inventory.md,來源分支已複核；故障注入或 GUI 呈現仍待相關驗收
V9-0034,已共用,來源已引用共用單行／搜尋欄位或位於其實作；原 Binding 與外層行為仍須依畫面核對。,docs/work-items/v9-frozen-inventory.md,來源分類已複核；具體 UI／資料驗收待完成
V9-0035,合理例外,"來源以 SwiftUI 原生 Button 的標題參數承載文字或文字加圖標；保留原生角色／焦點／可用狀態，文案與圖標分別由固定 copy／symbol ID 審核，不為此控制另造相同 Button 外殼。來源：Button(ability.name.isEmpty ? ""未命名能力"" : ability.name) { onOpen(ability) }",docs/work-items/v9-frozen-inventory.md,來源原生標題按鈕已核對；位置／實際 hit-test／鍵盤與 Light／Dark 待驗收
V9-0036,待共用,原生 .plain 樣式常見於圖標／整列控制；需與對應 Button ID 一起核對角色、28 pt 命中及是否需具名共用 variant。,docs/work-items/v9-frozen-inventory.md,來源 style 已核對；實際 hit-test／Light／Dark 待驗收
V9-0037,合理例外,"來源以 SwiftUI 原生 Button 的標題參數承載文字或文字加圖標；保留原生角色／焦點／可用狀態，文案與圖標分別由固定 copy／symbol ID 審核，不為此控制另造相同 Button 外殼。來源：Button(SailuneActionCopy.delete, role: .destructive) { deleteTarget = ability }",docs/work-items/v9-frozen-inventory.md,來源原生標題按鈕已核對；位置／實際 hit-test／鍵盤與 Light／Dark 待驗收
V9-0038,已共用,已讀取 SailuneActionCopy 或位於其實作；原中文值由集中資源提供。,docs/work-items/v9-frozen-inventory.md,字面值／重複群已核對；實際文案與輔助描述待畫面驗收
V9-0039,待共用,原生 .plain 樣式常見於圖標／整列控制；需與對應 Button ID 一起核對角色、28 pt 命中及是否需具名共用 variant。,docs/work-items/v9-frozen-inventory.md,來源 style 已核對；實際 hit-test／Light／Dark 待驗收
V9-0040,已共用,背景引用已命名的 theme／AppTheme 色彩來源；用途與 Light／Dark 對照仍需畫面驗收。 凍結來源：.background(Color.workspacePanelBackground),docs/work-items/v9-frozen-inventory.md,來源色彩用途已分類；Light／Dark 與 hit-testing 待驗收
V9-0041,合理例外,"來源以 SwiftUI 原生 Button 的標題參數承載文字或文字加圖標；保留原生角色／焦點／可用狀態，文案與圖標分別由固定 copy／symbol ID 審核，不為此控制另造相同 Button 外殼。來源：Button(""新增能力"", systemImage: SailuneSymbol.add.systemName, action: addAbility)",docs/work-items/v9-frozen-inventory.md,來源原生標題按鈕已核對；位置／實際 hit-test／鍵盤與 Light／Dark 待驗收
V9-0042,合理例外,目前固定清單中僅此處使用的領域文案「新增能力」；沒有同功能重複證據，保留具名畫面語境。,docs/work-items/v9-frozen-inventory.md,字面值／重複群已核對；實際文案與輔助描述待畫面驗收
V9-0043,已共用,來源已讀取 SailuneSymbol 語意 key；同功能字形是否一致依集中表與畫面驗收。,docs/work-items/v9-frozen-inventory.md,來源語意已複核；字形與輔助功能畫面驗收待完成
V9-0044,待共用,"確認流程候選；需核對標題、破壞後果、取消、預設角色及 Store action，僅呈現外殼可共用。 凍結來源：.confirmationDialog(""刪除能力？"", isPresented: Binding(",docs/work-items/v9-frozen-inventory.md,來源呈現類型已核對；失敗／取消／GUI 待驗收
V9-0045,合理例外,"來源以 SwiftUI 原生 Button 的標題參數承載文字或文字加圖標；保留原生角色／焦點／可用狀態，文案與圖標分別由固定 copy／symbol ID 審核，不為此控制另造相同 Button 外殼。來源：Button(SailuneActionCopy.delete, role: .destructive) { delete(ability) }",docs/work-items/v9-frozen-inventory.md,來源原生標題按鈕已核對；位置／實際 hit-test／鍵盤與 Light／Dark 待驗收
V9-0046,已共用,已讀取 SailuneActionCopy 或位於其實作；原中文值由集中資源提供。,docs/work-items/v9-frozen-inventory.md,字面值／重複群已核對；實際文案與輔助描述待畫面驗收
V9-0047,合理例外,"原生文字 Button；已使用 SailuneActionCopy 共用標題。保留 macOS 原生控制以承載此處 action；對應 button_style／copy ID 仍獨立審核，位置與實際命中須畫面驗收。凍結來源：Button(SailuneActionCopy.cancel, role: .cancel) { deleteTarget = nil }",docs/work-items/v9-frozen-inventory.md,來源確認為文字 Button；位置／鍵盤焦點／實際命中及 Light／Dark 待驗收
V9-0048,已共用,已讀取 SailuneActionCopy 或位於其實作；原中文值由集中資源提供。,docs/work-items/v9-frozen-inventory.md,字面值／重複群已核對；實際文案與輔助描述待畫面驗收
V9-0049,合理例外,"領域錯誤／結果標題與狀態綁定由原畫面提供，確認按鈕已讀取 SailuneActionCopy.acknowledge，系統 .alert 提供共同呈現；保留領域內容與原 action。凍結來源：.alert(""能力刪除未完成"", isPresented: Binding(",docs/work-items/v9-frozen-inventory.md,來源確認共用確認文案；實際錯誤呈現與鍵盤／VoiceOver 待驗收
V9-0050,合理例外,原生文字 Button；已使用 SailuneActionCopy 共用標題。保留 macOS 原生控制以承載此處 action；對應 button_style／copy ID 仍獨立審核，位置與實際命中須畫面驗收。凍結來源：)) { Button(SailuneActionCopy.acknowledge) { deletionErrorMessage = nil } } message: {,docs/work-items/v9-frozen-inventory.md,來源確認為文字 Button；位置／鍵盤焦點／實際命中及 Light／Dark 待驗收
V9-0051,已共用,已讀取 SailuneActionCopy 或位於其實作；原中文值由集中資源提供。,docs/work-items/v9-frozen-inventory.md,字面值／重複群已核對；實際文案與輔助描述待畫面驗收
V9-0052,合理例外,"領域錯誤／結果標題與狀態綁定由原畫面提供，確認按鈕已讀取 SailuneActionCopy.acknowledge，系統 .alert 提供共同呈現；保留領域內容與原 action。凍結來源：.alert(""能力建立未完成"", isPresented: Binding(",docs/work-items/v9-frozen-inventory.md,來源確認共用確認文案；實際錯誤呈現與鍵盤／VoiceOver 待驗收
V9-0053,合理例外,原生文字 Button；已使用 SailuneActionCopy 共用標題。保留 macOS 原生控制以承載此處 action；對應 button_style／copy ID 仍獨立審核，位置與實際命中須畫面驗收。凍結來源：)) { Button(SailuneActionCopy.acknowledge) { creationErrorMessage = nil } } message: {,docs/work-items/v9-frozen-inventory.md,來源確認為文字 Button；位置／鍵盤焦點／實際命中及 Light／Dark 待驗收
V9-0054,已共用,已讀取 SailuneActionCopy 或位於其實作；原中文值由集中資源提供。,docs/work-items/v9-frozen-inventory.md,字面值／重複群已核對；實際文案與輔助描述待畫面驗收
V9-0055,合理例外,"catch 明確向上拋出領域／原錯誤，保留呼叫端決策；此處是領域失敗處理，不宜僅為共用化抽成統一資料 action。來源分支：modelContext.delete(ability) do { try modelContext.save() } catch { abilityCreationLogger.error(""Compensating ability save failed; registration error remains primary: \(String(describing: error), privacy: .private)"") } throw error",docs/work-items/v9-frozen-inventory.md,來源分支已複核；故障注入或 GUI 呈現仍待相關驗收
V9-0056,合理例外,"catch 明確記錄診斷或 Store 錯誤，保留原操作結果；此處是領域失敗處理，不宜僅為共用化抽成統一資料 action。來源分支：abilityCreationLogger.error(""Compensating ability save failed; registration error remains primary: \(String(describing: error), privacy: .private)"")",docs/work-items/v9-frozen-inventory.md,來源分支已複核；故障注入或 GUI 呈現仍待相關驗收
V9-0057,合理例外,catch 明確設定錯誤呈現／狀態，保留領域提示；此處是領域失敗處理，不宜僅為共用化抽成統一資料 action。來源分支：modelContext.rollback() creationErrorMessage = error.localizedDescription,docs/work-items/v9-frozen-inventory.md,來源分支已複核；故障注入或 GUI 呈現仍待相關驗收
V9-0058,合理例外,catch 明確設定錯誤呈現／狀態，保留領域提示；此處是領域失敗處理，不宜僅為共用化抽成統一資料 action。來源分支：modelContext.rollback() deletionErrorMessage = error.localizedDescription,docs/work-items/v9-frozen-inventory.md,來源分支已複核；故障注入或 GUI 呈現仍待相關驗收
V9-0059,合理例外,"catch 明確記錄診斷或 Store 錯誤，保留原操作結果；此處是領域失敗處理，不宜僅為共用化抽成統一資料 action。來源分支：context.rollback() do { try reload() } catch { Self.logger.error(""Reload after save rollback failed: \(String(describing: error), privacy: .private)"") } let nsError = error as NSError persistenceErrorMessage = ""\(nsError.domain) \(nsError.code)：\(nsError.localizedDescription)""",docs/work-items/v9-frozen-inventory.md,來源分支已複核；故障注入或 GUI 呈現仍待相關驗收
V9-0060,合理例外,"領域 catch 在同一來源行明確顯示錯誤、拋出具名錯誤或 private 記錄；其資料結果依原領域契約保留，沒有共用 catch 外殼的必要。原語句：catch { Self.logger.error(""Reload after save rollback failed: \(String(describing: error), privacy: .private)"") }",docs/work-items/v9-frozen-inventory.md,來源已見明確錯誤出口；故障注入與 GUI 呈現尚待驗收
V9-0061,合理例外,"catch 明確向上拋出領域／原錯誤，保留呼叫端決策；此處是領域失敗處理，不宜僅為共用化抽成統一資料 action。來源分支：context.rollback() do { try reload() } catch { Self.logger.error(""Reload after link registration rollback failed: \(String(describing: error), privacy: .private)"") } let nsError = error as NSError persistenceErrorMessage = ""\(nsError.domain) \(nsError.code)：\(nsError.localizedDescription)"" throw err",docs/work-items/v9-frozen-inventory.md,來源分支已複核；故障注入或 GUI 呈現仍待相關驗收
V9-0062,合理例外,"領域 catch 在同一來源行明確顯示錯誤、拋出具名錯誤或 private 記錄；其資料結果依原領域契約保留，沒有共用 catch 外殼的必要。原語句：catch { Self.logger.error(""Reload after link registration rollback failed: \(String(describing: error), privacy: .private)"") }",docs/work-items/v9-frozen-inventory.md,來源已見明確錯誤出口；故障注入與 GUI 呈現尚待驗收
V9-0063,合理例外,"catch 明確向上拋出領域／原錯誤，保留呼叫端決策；此處是領域失敗處理，不宜僅為共用化抽成統一資料 action。來源分支：context.rollback() do { try reload() } catch { Self.logger.error(""Reload after legacy migration rollback failed: \(String(describing: error), privacy: .private)"") } throw error",docs/work-items/v9-frozen-inventory.md,來源分支已複核；故障注入或 GUI 呈現仍待相關驗收
V9-0064,合理例外,"領域 catch 在同一來源行明確顯示錯誤、拋出具名錯誤或 private 記錄；其資料結果依原領域契約保留，沒有共用 catch 外殼的必要。原語句：catch { Self.logger.error(""Reload after legacy migration rollback failed: \(String(describing: error), privacy: .private)"") }",docs/work-items/v9-frozen-inventory.md,來源已見明確錯誤出口；故障注入與 GUI 呈現尚待驗收
V9-0065,合理例外,"catch 明確向上拋出領域／原錯誤，保留呼叫端決策；此處是領域失敗處理，不宜僅為共用化抽成統一資料 action。來源分支：context.rollback() do { try reload() } catch { Self.logger.error(""Reload after reconciliation rollback failed: \(String(describing: error), privacy: .private)"") } throw error",docs/work-items/v9-frozen-inventory.md,來源分支已複核；故障注入或 GUI 呈現仍待相關驗收
V9-0066,合理例外,"領域 catch 在同一來源行明確顯示錯誤、拋出具名錯誤或 private 記錄；其資料結果依原領域契約保留，沒有共用 catch 外殼的必要。原語句：catch { Self.logger.error(""Reload after reconciliation rollback failed: \(String(describing: error), privacy: .private)"") }",docs/work-items/v9-frozen-inventory.md,來源已見明確錯誤出口；故障注入與 GUI 呈現尚待驗收
V9-0067,合理例外,"採系統材質／bar 背景，語意與固定表面色不同；保留平台呈現。 凍結來源：.background(.regularMaterial, in: shape)",docs/work-items/v9-frozen-inventory.md,來源色彩用途已分類；Light／Dark 與 hit-testing 待驗收
V9-0068,合理例外,"浮動 Inspector 面板的材質描邊，屬 AppTheme 整體面板層級。 來源：.overlay(shape.stroke(Color.secondary.opacity(0.14), lineWidth: 1))",docs/work-items/v9-frozen-inventory.md,來源色彩用途已分類；Light／Dark／hover 實際畫面待驗收
V9-0069,合理例外,畫面標題、欄位名稱或領域狀態的靜態文字；不是 Button／Menu 操作命令。,docs/work-items/v9-frozen-inventory.md,字面值／重複群已核對；實際文案與輔助描述待畫面驗收
V9-0070,已共用,來源已引用共用單行／搜尋欄位或位於其實作；原 Binding 與外層行為仍須依畫面核對。,docs/work-items/v9-frozen-inventory.md,來源分類已複核；具體 UI／資料驗收待完成
V9-0071,合理例外,畫面標題、欄位名稱或領域狀態的靜態文字；不是 Button／Menu 操作命令。,docs/work-items/v9-frozen-inventory.md,字面值／重複群已核對；實際文案與輔助描述待畫面驗收
V9-0072,合理例外,"來源以 SwiftUI 原生 Button 的標題參數承載文字或文字加圖標；保留原生角色／焦點／可用狀態，文案與圖標分別由固定 copy／symbol ID 審核，不為此控制另造相同 Button 外殼。來源：Button(""建立完整備份"", systemImage: ""externaldrive.badge.plus"") { createBackup() }",docs/work-items/v9-frozen-inventory.md,來源原生標題按鈕已核對；位置／實際 hit-test／鍵盤與 Light／Dark 待驗收
V9-0073,合理例外,目前固定清單中僅此處使用的領域文案「建立完整備份」；沒有同功能重複證據，保留具名畫面語境。,docs/work-items/v9-frozen-inventory.md,字面值／重複群已核對；實際文案與輔助描述待畫面驗收
V9-0074,合理例外,完整備份建立的外接磁碟新增圖標；與一般新增、匯出檔案及地圖匯入不同。 目前凍結清單沒有同一語意的第二個呼叫點，不為單一用途新增共用 key；若日後出現同義功能另版本再審。,docs/work-items/v9-frozen-inventory.md,來源語意已核對；實際字形／Light／Dark／VoiceOver 待驗收
V9-0075,合理例外,"來源以 SwiftUI 原生 Button 的標題參數承載文字或文字加圖標；保留原生角色／焦點／可用狀態，文案與圖標分別由固定 copy／symbol ID 審核，不為此控制另造相同 Button 外殼。來源：Button(""從備份還原"", systemImage: ""arrow.counterclockwise"") { scheduleRestore() }",docs/work-items/v9-frozen-inventory.md,來源原生標題按鈕已核對；位置／實際 hit-test／鍵盤與 Light／Dark 待驗收
V9-0076,合理例外,目前固定清單中僅此處使用的領域文案「從備份還原」；沒有同功能重複證據，保留具名畫面語境。,docs/work-items/v9-frozen-inventory.md,字面值／重複群已核對；實際文案與輔助描述待畫面驗收
V9-0077,合理例外,從備份還原的回轉箭頭；與編輯器復原按鈕的資料復位後果不同。 目前凍結清單沒有同一語意的第二個呼叫點，不為單一用途新增共用 key；若日後出現同義功能另版本再審。,docs/work-items/v9-frozen-inventory.md,來源語意已核對；實際字形／Light／Dark／VoiceOver 待驗收
V9-0078,合理例外,畫面標題、欄位名稱或領域狀態的靜態文字；不是 Button／Menu 操作命令。,docs/work-items/v9-frozen-inventory.md,字面值／重複群已核對；實際文案與輔助描述待畫面驗收
V9-0079,已共用,V9.1au 作者簡介兩處均改用 SailuneAuthorBioEditor；保留各自 100／110 pt、高度、6 pt 圓角描邊、原 Binding，設定頁 placeholder 原值保留。,docs/work-items/v9.1au-author-bio-editor.md,兩處來源、參數與無簽章 macOS Debug build、git diff --check 通過；GUI／CJK／首行待驗收
V9-0080,合理例外,畫面標題、欄位名稱或領域狀態的靜態文字；不是 Button／Menu 操作命令。,docs/work-items/v9-frozen-inventory.md,字面值／重複群已核對；實際文案與輔助描述待畫面驗收
V9-0081,合理例外,原生文字 Button；已使用 SailuneActionCopy 共用標題。保留 macOS 原生控制以承載此處 action；對應 button_style／copy ID 仍獨立審核，位置與實際命中須畫面驗收。凍結來源：Button(SailuneActionCopy.done) {,docs/work-items/v9-frozen-inventory.md,來源確認為文字 Button；位置／鍵盤焦點／實際命中及 Light／Dark 待驗收
V9-0082,已共用,已讀取 SailuneActionCopy 或位於其實作；原中文值由集中資源提供。,docs/work-items/v9-frozen-inventory.md,字面值／重複群已核對；實際文案與輔助描述待畫面驗收
V9-0083,合理例外,採 macOS 原生 .borderedProminent 樣式，保留平台語意；此例外只涵蓋 style，按鈕位置／命中與操作文案仍依對應 Button ID 驗收。,docs/work-items/v9-frozen-inventory.md,來源 style 已核對；實際 hit-test／Light／Dark 待驗收
V9-0084,合理例外,"領域錯誤／結果標題與狀態綁定由原畫面提供，確認按鈕已讀取 SailuneActionCopy.acknowledge，系統 .alert 提供共同呈現；保留領域內容與原 action。凍結來源：.alert(dataOperationFailed ? ""資料作業失敗"" : ""資料作業完成"", isPresented: Binding(",docs/work-items/v9-frozen-inventory.md,來源確認共用確認文案；實際錯誤呈現與鍵盤／VoiceOver 待驗收
V9-0085,合理例外,原生文字 Button；已使用 SailuneActionCopy 共用標題。保留 macOS 原生控制以承載此處 action；對應 button_style／copy ID 仍獨立審核，位置與實際命中須畫面驗收。凍結來源：Button(SailuneActionCopy.acknowledge) { dataOperationMessage = nil },docs/work-items/v9-frozen-inventory.md,來源確認為文字 Button；位置／鍵盤焦點／實際命中及 Light／Dark 待驗收
V9-0086,已共用,已讀取 SailuneActionCopy 或位於其實作；原中文值由集中資源提供。,docs/work-items/v9-frozen-inventory.md,字面值／重複群已核對；實際文案與輔助描述待畫面驗收
V9-0087,合理例外,作者頭像控制的系統強調色漸層，不是一般內容底色。 來源：.background(Color.accentColor.gradient) // 使用系統強調色,docs/work-items/v9-frozen-inventory.md,來源色彩用途已分類；Light／Dark／hover 實際畫面待驗收
V9-0088,合理例外,畫面標題、欄位名稱或領域狀態的靜態文字；不是 Button／Menu 操作命令。,docs/work-items/v9-frozen-inventory.md,字面值／重複群已核對；實際文案與輔助描述待畫面驗收
V9-0089,合理例外,catch 明確設定錯誤呈現／狀態，保留領域提示；此處是領域失敗處理，不宜僅為共用化抽成統一資料 action。來源分支：dataOperationFailed = true dataOperationMessage = error.localizedDescription,docs/work-items/v9-frozen-inventory.md,來源分支已複核；故障注入或 GUI 呈現仍待相關驗收
V9-0090,合理例外,catch 明確設定錯誤呈現／狀態，保留領域提示；此處是領域失敗處理，不宜僅為共用化抽成統一資料 action。來源分支：dataOperationFailed = true dataOperationMessage = error.localizedDescription,docs/work-items/v9-frozen-inventory.md,來源分支已複核；故障注入或 GUI 呈現仍待相關驗收
V9-0091,合理例外,"原生文字 Button；領域字面標題另由 copy 家族核對是否同功能。保留 macOS 原生控制以承載此處 action；對應 button_style／copy ID 仍獨立審核，位置與實際命中須畫面驗收。凍結來源：Button(""不選擇"") {",docs/work-items/v9-frozen-inventory.md,來源確認為文字 Button；位置／鍵盤焦點／實際命中及 Light／Dark 待驗收
V9-0092,已共用,V9.1ao 已依凍結 ID 將原操作標題接至 SailuneActionCopy，原繁體中文值、closure、role、style 及圖標不變；現行來源：Button(SailuneActionCopy.clearSelection) {,docs/work-items/v9.1ao-repeated-action-copy.md,65 個固定 ID 靜態核對、String Catalog JSON 及主機無簽章 Debug build 通過；GUI／VoiceOver 待驗收
V9-0093,合理例外,"原生文字 Button；領域字面標題另由 copy 家族核對是否同功能。保留 macOS 原生控制以承載此處 action；對應 button_style／copy ID 仍獨立審核，位置與實際命中須畫面驗收。凍結來源：Button(""選擇\(displayedPreset.title)"") {",docs/work-items/v9-frozen-inventory.md,來源確認為文字 Button；位置／鍵盤焦點／實際命中及 Light／Dark 待驗收
V9-0094,已共用,V9.1ao 已依凍結 ID 將原操作標題接至 SailuneActionCopy，原繁體中文值、closure、role、style 及圖標不變；現行來源：Button(SailuneActionCopy.selectPreset(displayedPreset.title)) {,docs/work-items/v9.1ao-repeated-action-copy.md,65 個固定 ID 靜態核對、String Catalog JSON 及主機無簽章 Debug build 通過；GUI／VoiceOver 待驗收
V9-0095,合理例外,採 macOS 原生 .borderedProminent 樣式，保留平台語意；此例外只涵蓋 style，按鈕位置／命中與操作文案仍依對應 Button ID 驗收。,docs/work-items/v9-frozen-inventory.md,來源 style 已核對；實際 hit-test／Light／Dark 待驗收
V9-0096,合理例外,採系統材質／bar 背景，語意與固定表面色不同；保留平台呈現。 凍結來源：.background(.bar),docs/work-items/v9-frozen-inventory.md,來源色彩用途已分類；Light／Dark 與 hit-testing 待驗收
V9-0097,已共用,"V9.1as 原字形由 SailuneSymbol.belief 提供；功能、文字與位置不變。原命中：systemImage: ""hands.sparkles""",docs/work-items/v9.1as-frozen-symbol-groups.md,固定 ID、原字形與主機無簽章 macOS Debug build、git diff --check 通過；Light／Dark／VoiceOver 待驗收
V9-0098,合理例外,原生文字 Button；已使用 SailuneActionCopy 共用標題。保留 macOS 原生控制以承載此處 action；對應 button_style／copy ID 仍獨立審核，位置與實際命中須畫面驗收。凍結來源：Button(SailuneActionCopy.close) { dismiss() },docs/work-items/v9-frozen-inventory.md,來源確認為文字 Button；位置／鍵盤焦點／實際命中及 Light／Dark 待驗收
V9-0099,已共用,已讀取 SailuneActionCopy 或位於其實作；原中文值由集中資源提供。,docs/work-items/v9-frozen-inventory.md,字面值／重複群已核對；實際文案與輔助描述待畫面驗收
V9-0100,合理例外,畫面標題、欄位名稱或領域狀態的靜態文字；不是 Button／Menu 操作命令。,docs/work-items/v9-frozen-inventory.md,字面值／重複群已核對；實際文案與輔助描述待畫面驗收
V9-0101,合理例外,畫面標題、欄位名稱或領域狀態的靜態文字；不是 Button／Menu 操作命令。,docs/work-items/v9-frozen-inventory.md,字面值／重複群已核對；實際文案與輔助描述待畫面驗收
V9-0102,合理例外,"catch 明確記錄診斷或 Store 錯誤，保留原操作結果；此處是領域失敗處理，不宜僅為共用化抽成統一資料 action。來源分支：coverReadLogger.error(""Custom cover read failed: \(error.localizedDescription, privacy: .private)"") return nil",docs/work-items/v9-frozen-inventory.md,來源分支已複核；故障注入或 GUI 呈現仍待相關驗收
V9-0103,合理例外,"catch 明確記錄診斷或 Store 錯誤，保留原操作結果；此處是領域失敗處理，不宜僅為共用化抽成統一資料 action。來源分支：if storedValue.trimmingCharacters(in: .whitespacesAndNewlines).hasPrefix(""{"") { storyBackgroundCodingLogger.error( ""Failed to decode structured story background; preserving the original text. \(String(describing: error), privacy: .private)"" ) } }",docs/work-items/v9-frozen-inventory.md,來源分支已複核；故障注入或 GUI 呈現仍待相關驗收
V9-0104,合理例外,"catch 明確記錄診斷或 Store 錯誤，保留原操作結果；此處是領域失敗處理，不宜僅為共用化抽成統一資料 action。來源分支：storyBackgroundCodingLogger.error( ""Failed to encode structured story background; returning the other background text. \(String(describing: error), privacy: .private)"" )",docs/work-items/v9-frozen-inventory.md,來源分支已複核；故障注入或 GUI 呈現仍待相關驗收
V9-0105,合理例外,畫面標題、欄位名稱或領域狀態的靜態文字；不是 Button／Menu 操作命令。,docs/work-items/v9-frozen-inventory.md,字面值／重複群已核對；實際文案與輔助描述待畫面驗收
V9-0106,已共用,"直接使用或定義 SailuneIconButton；28 pt 命中、位置及資料 action 仍需畫面驗收。 凍結來源：SailuneIconButton(symbol: .close, label: SailuneActionCopy.closeStoryBackground) {",docs/work-items/v9-frozen-inventory.md,來源按鈕型態已列；實際命中／鍵盤／Light／Dark 待驗收
V9-0107,已共用,已讀取 SailuneActionCopy 或位於其實作；原中文值由集中資源提供。,docs/work-items/v9-frozen-inventory.md,字面值／重複群已核對；實際文案與輔助描述待畫面驗收
V9-0108,合理例外,"採系統材質／bar 背景，語意與固定表面色不同；保留平台呈現。 凍結來源：.background(.regularMaterial, in: RoundedRectangle(cornerRadius: 14, style: .continuous))",docs/work-items/v9-frozen-inventory.md,來源色彩用途已分類；Light／Dark 與 hit-testing 待驗收
V9-0109,合理例外,"書籍封面區的卡片描邊，與可輸入欄外框不同。 來源：.stroke(Color.secondary.opacity(0.22), lineWidth: 1)",docs/work-items/v9-frozen-inventory.md,來源色彩用途已分類；Light／Dark／hover 實際畫面待驗收
V9-0110,合理例外,"來源以 SwiftUI 原生 Button 的標題參數承載文字或文字加圖標；保留原生角色／焦點／可用狀態，文案與圖標分別由固定 copy／symbol ID 審核，不為此控制另造相同 Button 外殼。來源：Button(""更換封面…"", systemImage: ""photo"") {",docs/work-items/v9-frozen-inventory.md,來源原生標題按鈕已核對；位置／實際 hit-test／鍵盤與 Light／Dark 待驗收
V9-0111,合理例外,目前固定清單中僅此處使用的領域文案「更換封面…」；沒有同功能重複證據，保留具名畫面語境。,docs/work-items/v9-frozen-inventory.md,字面值／重複群已核對；實際文案與輔助描述待畫面驗收
V9-0112,已共用,"V9.1as 原字形由 SailuneSymbol.imageAsset 提供；功能、文字與位置不變。原命中：systemImage: ""photo""",docs/work-items/v9.1as-frozen-symbol-groups.md,固定 ID、原字形與主機無簽章 macOS Debug build、git diff --check 通過；Light／Dark／VoiceOver 待驗收
V9-0113,合理例外,封面右鍵 contextMenu 的原生破壞性 Label 選項；自訂 icon 按鈕會變更系統選單命中契約。 詳見 docs/v9-freeze/review-button-contexts.md。,docs/work-items/v9-frozen-inventory.md,來源契約複核；實際命中／鍵盤／Light／Dark 待驗收
V9-0114,合理例外,目前固定清單中僅此處使用的領域文案「移除封面」；沒有同功能重複證據，保留具名畫面語境。,docs/work-items/v9-frozen-inventory.md,字面值／重複群已核對；實際文案與輔助描述待畫面驗收
V9-0115,已共用,來源已讀取 SailuneSymbol 語意 key；同功能字形是否一致依集中表與畫面驗收。,docs/work-items/v9-frozen-inventory.md,來源語意已複核；字形與輔助功能畫面驗收待完成
V9-0116,合理例外,來源包含領域目標、特定操作方式或精確縮放／檔案語意，保留原生 help／AX 文字；逐項理由見 docs/v9-freeze/review-accessibility-domain-text.md。,docs/work-items/v9-frozen-inventory.md,來源文字及相鄰控制已核對；實際 hover／VoiceOver 待驗收
V9-0117,合理例外,來源包含領域目標、特定操作方式或精確縮放／檔案語意，保留原生 help／AX 文字；逐項理由見 docs/v9-freeze/review-accessibility-domain-text.md。,docs/work-items/v9-frozen-inventory.md,來源文字及相鄰控制已核對；實際 hover／VoiceOver 待驗收
V9-0118,合理例外,畫面標題、欄位名稱或領域狀態的靜態文字；不是 Button／Menu 操作命令。,docs/work-items/v9-frozen-inventory.md,字面值／重複群已核對；實際文案與輔助描述待畫面驗收
V9-0119,已共用,來源已引用共用單行／搜尋欄位或位於其實作；原 Binding 與外層行為仍須依畫面核對。,docs/work-items/v9-frozen-inventory.md,來源分類已複核；具體 UI／資料驗收待完成
V9-0120,合理例外,畫面標題、欄位名稱或領域狀態的靜態文字；不是 Button／Menu 操作命令。,docs/work-items/v9-frozen-inventory.md,字面值／重複群已核對；實際文案與輔助描述待畫面驗收
V9-0121,已共用,來源已引用共用單行／搜尋欄位或位於其實作；原 Binding 與外層行為仍須依畫面核對。,docs/work-items/v9-frozen-inventory.md,來源分類已複核；具體 UI／資料驗收待完成
V9-0122,合理例外,畫面標題、欄位名稱或領域狀態的靜態文字；不是 Button／Menu 操作命令。,docs/work-items/v9-frozen-inventory.md,字面值／重複群已核對；實際文案與輔助描述待畫面驗收
V9-0123,合理例外,使用 axis: .vertical 或多行 lineLimit，具有與單行表單不同的高度、換行及輸入契約；保留原生多行 TextField。,docs/work-items/v9-frozen-inventory.md,來源分類已複核；具體 UI／資料驗收待完成
V9-0124,待共用,純圖標或 iconOnly 按鈕候選；依凍結位置核對 28 pt 命中、間距、help／accessibility、原 action 及禁用條件。 凍結來源：Button(action: onOpenBackground) {,docs/work-items/v9-frozen-inventory.md,來源按鈕型態已列；實際命中／鍵盤／Light／Dark 待驗收
V9-0125,合理例外,畫面標題、欄位名稱或領域狀態的靜態文字；不是 Button／Menu 操作命令。,docs/work-items/v9-frozen-inventory.md,字面值／重複群已核對；實際文案與輔助描述待畫面驗收
V9-0126,已共用,來源已讀取 SailuneSymbol 語意 key；同功能字形是否一致依集中表與畫面驗收。,docs/work-items/v9-frozen-inventory.md,來源語意已複核；字形與輔助功能畫面驗收待完成
V9-0127,已共用,"背景引用已命名的 theme／AppTheme 色彩來源；用途與 Light／Dark 對照仍需畫面驗收。 凍結來源：.background(SailuneTheme.navigationCardSurface, in: RoundedRectangle(cornerRadius: 10))",docs/work-items/v9-frozen-inventory.md,來源色彩用途已分類；Light／Dark 與 hit-testing 待驗收
V9-0128,已共用,"背景引用已命名的 theme／AppTheme 色彩來源；用途與 Light／Dark 對照仍需畫面驗收。 凍結來源：.background(SailuneTheme.navigationCardSurface, in: RoundedRectangle(cornerRadius: 10))",docs/work-items/v9-frozen-inventory.md,來源色彩用途已分類；Light／Dark 與 hit-testing 待驗收
V9-0129,待共用,原生 .plain 樣式常見於圖標／整列控制；需與對應 Button ID 一起核對角色、28 pt 命中及是否需具名共用 variant。,docs/work-items/v9-frozen-inventory.md,來源 style 已核對；實際 hit-test／Light／Dark 待驗收
V9-0130,合理例外,來源包含領域目標、特定操作方式或精確縮放／檔案語意，保留原生 help／AX 文字；逐項理由見 docs/v9-freeze/review-accessibility-domain-text.md。,docs/work-items/v9-frozen-inventory.md,來源文字及相鄰控制已核對；實際 hover／VoiceOver 待驗收
V9-0131,合理例外,畫面標題、欄位名稱或領域狀態的靜態文字；不是 Button／Menu 操作命令。,docs/work-items/v9-frozen-inventory.md,字面值／重複群已核對；實際文案與輔助描述待畫面驗收
V9-0132,合理例外,畫面標題、欄位名稱或領域狀態的靜態文字；不是 Button／Menu 操作命令。,docs/work-items/v9-frozen-inventory.md,字面值／重複群已核對；實際文案與輔助描述待畫面驗收
V9-0133,合理例外,畫面標題、欄位名稱或領域狀態的靜態文字；不是 Button／Menu 操作命令。,docs/work-items/v9-frozen-inventory.md,字面值／重複群已核對；實際文案與輔助描述待畫面驗收
V9-0134,已共用,背景引用已命名的 theme／AppTheme 色彩來源；用途與 Light／Dark 對照仍需畫面驗收。 凍結來源：.background(Color.appBackground),docs/work-items/v9-frozen-inventory.md,來源色彩用途已分類；Light／Dark 與 hit-testing 待驗收
V9-0135,待共用,"錯誤或結果 alert 候選；需核對同類標題、詳細訊息、確認按鈕與錯誤出口後決定共用呈現外殼。 凍結來源：.alert(""無法更新封面"", isPresented: Binding(",docs/work-items/v9-frozen-inventory.md,來源呈現類型已核對；失敗／取消／GUI 待驗收
V9-0136,合理例外,"原生文字 Button；已使用 SailuneActionCopy 共用標題。保留 macOS 原生控制以承載此處 action；對應 button_style／copy ID 仍獨立審核，位置與實際命中須畫面驗收。凍結來源：Button(SailuneActionCopy.acknowledge, role: .cancel) { coverOperationError = nil }",docs/work-items/v9-frozen-inventory.md,來源確認為文字 Button；位置／鍵盤焦點／實際命中及 Light／Dark 待驗收
V9-0137,已共用,已讀取 SailuneActionCopy 或位於其實作；原中文值由集中資源提供。,docs/work-items/v9-frozen-inventory.md,字面值／重複群已核對；實際文案與輔助描述待畫面驗收
V9-0138,合理例外,"catch 明確設定錯誤呈現／狀態，保留領域提示；此處是領域失敗處理，不宜僅為共用化抽成統一資料 action。來源分支：coverOperationError = ""封面沒有變更。\n\n\(error.localizedDescription)""",docs/work-items/v9-frozen-inventory.md,來源分支已複核；故障注入或 GUI 呈現仍待相關驗收
V9-0139,合理例外,"catch 明確設定錯誤呈現／狀態，保留領域提示；此處是領域失敗處理，不宜僅為共用化抽成統一資料 action。來源分支：coverOperationError = ""封面沒有變更。\n\n\(error.localizedDescription)""",docs/work-items/v9-frozen-inventory.md,來源分支已複核；故障注入或 GUI 呈現仍待相關驗收
V9-0140,合理例外,畫面標題、欄位名稱或領域狀態的靜態文字；不是 Button／Menu 操作命令。,docs/work-items/v9-frozen-inventory.md,字面值／重複群已核對；實際文案與輔助描述待畫面驗收
V9-0141,已共用,已讀取 SailuneActionCopy 或位於其實作；原中文值由集中資源提供。,docs/work-items/v9-frozen-inventory.md,字面值／重複群已核對；實際文案與輔助描述待畫面驗收
V9-0142,已共用,來源已讀取 SailuneSymbol 語意 key；同功能字形是否一致依集中表與畫面驗收。,docs/work-items/v9-frozen-inventory.md,來源語意已複核；字形與輔助功能畫面驗收待完成
V9-0143,已共用,已讀取 SailuneActionCopy 或位於其實作；原中文值由集中資源提供。,docs/work-items/v9-frozen-inventory.md,字面值／重複群已核對；實際文案與輔助描述待畫面驗收
V9-0144,已共用,來源已讀取 SailuneSymbol 語意 key；同功能字形是否一致依集中表與畫面驗收。,docs/work-items/v9-frozen-inventory.md,來源語意已複核；字形與輔助功能畫面驗收待完成
V9-0145,合理例外,目前固定清單中僅此處使用的領域文案「匯出」；沒有同功能重複證據，保留具名畫面語境。,docs/work-items/v9-frozen-inventory.md,字面值／重複群已核對；實際文案與輔助描述待畫面驗收
V9-0146,已共用,來源已讀取 SailuneSymbol 語意 key；同功能字形是否一致依集中表與畫面驗收。,docs/work-items/v9-frozen-inventory.md,來源語意已複核；字形與輔助功能畫面驗收待完成
V9-0147,合理例外,來源包含領域目標、特定操作方式或精確縮放／檔案語意，保留原生 help／AX 文字；逐項理由見 docs/v9-freeze/review-accessibility-domain-text.md。,docs/work-items/v9-frozen-inventory.md,來源文字及相鄰控制已核對；實際 hover／VoiceOver 待驗收
V9-0148,已共用,"V9.1ao 已依凍結 ID 將原操作標題接至 SailuneActionCopy，原繁體中文值、closure、role、style 及圖標不變；現行來源：Label(SailuneActionCopy.addVolume, systemImage: SailuneSymbol.addVolume.systemName).labelStyle(.iconOnly)",docs/work-items/v9.1ao-repeated-action-copy.md,65 個固定 ID 靜態核對、String Catalog JSON 及主機無簽章 Debug build 通過；GUI／VoiceOver 待驗收
V9-0149,已共用,來源已讀取 SailuneSymbol 語意 key；同功能字形是否一致依集中表與畫面驗收。,docs/work-items/v9-frozen-inventory.md,來源語意已複核；字形與輔助功能畫面驗收待完成
V9-0150,待共用,原生 .borderless 樣式常見於圖標／整列控制；需與對應 Button ID 一起核對角色、28 pt 命中及是否需具名共用 variant。,docs/work-items/v9-frozen-inventory.md,來源 style 已核對；實際 hit-test／Light／Dark 待驗收
V9-0151,已共用,V9.1ax 固定重複描述「新增卷」已接 SailuneActionCopy 或 SailuneAccessibilityCopy 單一來源；原文字逐字相同。,docs/work-items/v9.1ax-repeated-accessibility-copy.md,String Catalog JSON 與主機無簽章 Debug build 通過；hover／VoiceOver 待驗收
V9-0152,已共用,背景引用已命名的 theme／AppTheme 色彩來源；用途與 Light／Dark 對照仍需畫面驗收。 凍結來源：.background(Color.appBackground),docs/work-items/v9-frozen-inventory.md,來源色彩用途已分類；Light／Dark 與 hit-testing 待驗收
V9-0153,待共用,"DIALOG-04：alert 同標題「確認刪除」共 2 處；需比較取消／破壞性角色、message 與 Store action，只有外殼相同才共用。凍結來源：.alert(""確認刪除"",",docs/work-items/v9-frozen-inventory.md,來源呈現類型已核對；失敗／取消／GUI 待驗收
V9-0154,合理例外,"原生文字 Button；已使用 SailuneActionCopy 共用標題。保留 macOS 原生控制以承載此處 action；對應 button_style／copy ID 仍獨立審核，位置與實際命中須畫面驗收。凍結來源：Button(SailuneActionCopy.cancel, role: .cancel) { }",docs/work-items/v9-frozen-inventory.md,來源確認為文字 Button；位置／鍵盤焦點／實際命中及 Light／Dark 待驗收
V9-0155,已共用,已讀取 SailuneActionCopy 或位於其實作；原中文值由集中資源提供。,docs/work-items/v9-frozen-inventory.md,字面值／重複群已核對；實際文案與輔助描述待畫面驗收
V9-0156,合理例外,"來源以 SwiftUI 原生 Button 的標題參數承載文字或文字加圖標；保留原生角色／焦點／可用狀態，文案與圖標分別由固定 copy／symbol ID 審核，不為此控制另造相同 Button 外殼。來源：Button(SailuneActionCopy.delete, role: .destructive) { performDelete(target) }",docs/work-items/v9-frozen-inventory.md,來源原生標題按鈕已核對；位置／實際 hit-test／鍵盤與 Light／Dark 待驗收
V9-0157,已共用,已讀取 SailuneActionCopy 或位於其實作；原中文值由集中資源提供。,docs/work-items/v9-frozen-inventory.md,字面值／重複群已核對；實際文案與輔助描述待畫面驗收
V9-0158,合理例外,畫面標題、欄位名稱或領域狀態的靜態文字；不是 Button／Menu 操作命令。,docs/work-items/v9-frozen-inventory.md,字面值／重複群已核對；實際文案與輔助描述待畫面驗收
V9-0159,合理例外,畫面標題、欄位名稱或領域狀態的靜態文字；不是 Button／Menu 操作命令。,docs/work-items/v9-frozen-inventory.md,字面值／重複群已核對；實際文案與輔助描述待畫面驗收
V9-0160,合理例外,"原生文字 Button；領域字面標題另由 copy 家族核對是否同功能。保留 macOS 原生控制以承載此處 action；對應 button_style／copy ID 仍獨立審核，位置與實際命中須畫面驗收。凍結來源：Button(""復原"") { restore(undoTarget) }",docs/work-items/v9-frozen-inventory.md,來源確認為文字 Button；位置／鍵盤焦點／實際命中及 Light／Dark 待驗收
V9-0161,已共用,V9.1ao 已依凍結 ID 將原操作標題接至 SailuneActionCopy，原繁體中文值、closure、role、style 及圖標不變；現行來源：Button(SailuneActionCopy.restore) { restore(undoTarget) },docs/work-items/v9.1ao-repeated-action-copy.md,65 個固定 ID 靜態核對、String Catalog JSON 及主機無簽章 Debug build 通過；GUI／VoiceOver 待驗收
V9-0162,合理例外,採 macOS 原生 .borderedProminent 樣式，保留平台語意；此例外只涵蓋 style，按鈕位置／命中與操作文案仍依對應 Button ID 驗收。,docs/work-items/v9-frozen-inventory.md,來源 style 已核對；實際 hit-test／Light／Dark 待驗收
V9-0163,合理例外,"採系統材質／bar 背景，語意與固定表面色不同；保留平台呈現。 凍結來源：.background(.regularMaterial, in: RoundedRectangle(cornerRadius: 10))",docs/work-items/v9-frozen-inventory.md,來源色彩用途已分類；Light／Dark 與 hit-testing 待驗收
V9-0164,合理例外,此處表示領域資料類型、靜態狀態或專用空狀態；未證實是跨畫面的相同操作，保留具名語境而不與同字形操作混用。,docs/work-items/v9-frozen-inventory.md,來源語意已複核；字形與輔助功能畫面驗收待完成
V9-0165,合理例外,畫面標題、欄位名稱或領域狀態的靜態文字；不是 Button／Menu 操作命令。,docs/work-items/v9-frozen-inventory.md,字面值／重複群已核對；實際文案與輔助描述待畫面驗收
V9-0166,合理例外,"原生文字 Button；領域字面標題另由 copy 家族核對是否同功能。保留 macOS 原生控制以承載此處 action；對應 button_style／copy ID 仍獨立審核，位置與實際命中須畫面驗收。凍結來源：Button(""新增第一卷"") { addVolume() }.buttonStyle(.borderedProminent)",docs/work-items/v9-frozen-inventory.md,來源確認為文字 Button；位置／鍵盤焦點／實際命中及 Light／Dark 待驗收
V9-0167,合理例外,目前固定清單中僅此處使用的領域文案「新增第一卷」；沒有同功能重複證據，保留具名畫面語境。,docs/work-items/v9-frozen-inventory.md,字面值／重複群已核對；實際文案與輔助描述待畫面驗收
V9-0168,合理例外,採 macOS 原生 .borderedProminent 樣式，保留平台語意；此例外只涵蓋 style，按鈕位置／命中與操作文案仍依對應 Button ID 驗收。,docs/work-items/v9-frozen-inventory.md,來源 style 已核對；實際 hit-test／Light／Dark 待驗收
V9-0169,合理例外,畫面標題、欄位名稱或領域狀態的靜態文字；不是 Button／Menu 操作命令。,docs/work-items/v9-frozen-inventory.md,字面值／重複群已核對；實際文案與輔助描述待畫面驗收
V9-0170,合理例外,"來源以 SwiftUI 原生 Button 的標題參數承載文字或文字加圖標；保留原生角色／焦點／可用狀態，文案與圖標分別由固定 copy／symbol ID 審核，不為此控制另造相同 Button 外殼。來源：Button(""新增第一節"", systemImage: SailuneSymbol.add.systemName) { addSection(to: volume) }",docs/work-items/v9-frozen-inventory.md,來源原生標題按鈕已核對；位置／實際 hit-test／鍵盤與 Light／Dark 待驗收
V9-0171,已共用,"V9.1ao 已依凍結 ID 將原操作標題接至 SailuneActionCopy，原繁體中文值、closure、role、style 及圖標不變；現行來源：Button(SailuneActionCopy.addFirstSection, systemImage: SailuneSymbol.add.systemName) { addSection(to: volume) }",docs/work-items/v9.1ao-repeated-action-copy.md,65 個固定 ID 靜態核對、String Catalog JSON 及主機無簽章 Debug build 通過；GUI／VoiceOver 待驗收
V9-0172,已共用,來源已讀取 SailuneSymbol 語意 key；同功能字形是否一致依集中表與畫面驗收。,docs/work-items/v9-frozen-inventory.md,來源語意已複核；字形與輔助功能畫面驗收待完成
V9-0173,合理例外,採 macOS 原生 .borderedProminent 樣式，保留平台語意；此例外只涵蓋 style，按鈕位置／命中與操作文案仍依對應 Button ID 驗收。,docs/work-items/v9-frozen-inventory.md,來源 style 已核對；實際 hit-test／Light／Dark 待驗收
V9-0174,已共用,背景引用已命名的 theme／AppTheme 色彩來源；用途與 Light／Dark 對照仍需畫面驗收。 凍結來源：.background(Color.appBackground),docs/work-items/v9-frozen-inventory.md,來源色彩用途已分類；Light／Dark 與 hit-testing 待驗收
V9-0175,已共用,來源已讀取 SailuneSymbol 語意 key；同功能字形是否一致依集中表與畫面驗收。,docs/work-items/v9-frozen-inventory.md,來源語意已複核；字形與輔助功能畫面驗收待完成
V9-0176,待共用,原生 .borderless 樣式常見於圖標／整列控制；需與對應 Button ID 一起核對角色、28 pt 命中及是否需具名共用 variant。,docs/work-items/v9-frozen-inventory.md,來源 style 已核對；實際 hit-test／Light／Dark 待驗收
V9-0177,已共用,V9.1ax 固定重複描述「在此卷新增節」已接 SailuneActionCopy 或 SailuneAccessibilityCopy 單一來源；原文字逐字相同。,docs/work-items/v9.1ax-repeated-accessibility-copy.md,String Catalog JSON 與主機無簽章 Debug build 通過；hover／VoiceOver 待驗收
V9-0178,已共用,"V9.1ao 已依凍結 ID 將原操作標題接至 SailuneActionCopy，原繁體中文值、closure、role、style 及圖標不變；現行來源：Button { addSection(to: volume) } label: { Label(SailuneActionCopy.addSection, systemImage: SailuneSymbol.addSection.systemName) }",docs/work-items/v9.1ao-repeated-action-copy.md,65 個固定 ID 靜態核對、String Catalog JSON 及主機無簽章 Debug build 通過；GUI／VoiceOver 待驗收
V9-0179,已共用,來源已讀取 SailuneSymbol 語意 key；同功能字形是否一致依集中表與畫面驗收。,docs/work-items/v9-frozen-inventory.md,來源語意已複核；字形與輔助功能畫面驗收待完成
V9-0180,已共用,"V9.1ao 已依凍結 ID 將原操作標題接至 SailuneActionCopy，原繁體中文值、closure、role、style 及圖標不變；現行來源：Button { addVolume() } label: { Label(SailuneActionCopy.addVolume, systemImage: SailuneSymbol.addVolume.systemName) }",docs/work-items/v9.1ao-repeated-action-copy.md,65 個固定 ID 靜態核對、String Catalog JSON 及主機無簽章 Debug build 通過；GUI／VoiceOver 待驗收
V9-0181,已共用,來源已讀取 SailuneSymbol 語意 key；同功能字形是否一致依集中表與畫面驗收。,docs/work-items/v9-frozen-inventory.md,來源語意已複核；字形與輔助功能畫面驗收待完成
V9-0182,合理例外,此原生 Button 以 Label 同時提供文字與語意圖標，保留導覽／新增／刪除的領域 action；文案及圖標各有固定 ID 共用或例外，ButtonStyle 和實際命中仍獨立驗收。,docs/work-items/v9-frozen-inventory.md,來源 Label 按鈕已核對；位置／hit-test／鍵盤／Light／Dark 待驗收
V9-0183,已共用,"V9.1ao 已依凍結 ID 將原操作標題接至 SailuneActionCopy，原繁體中文值、closure、role、style 及圖標不變；現行來源：Button(role: .destructive) { deleteTarget = .volume(volume) } label: { Label(SailuneActionCopy.deleteVolume, systemImage: SailuneSymbol.delete.systemName) }",docs/work-items/v9.1ao-repeated-action-copy.md,65 個固定 ID 靜態核對、String Catalog JSON 及主機無簽章 Debug build 通過；GUI／VoiceOver 待驗收
V9-0184,已共用,來源已讀取 SailuneSymbol 語意 key；同功能字形是否一致依集中表與畫面驗收。,docs/work-items/v9-frozen-inventory.md,來源語意已複核；字形與輔助功能畫面驗收待完成
V9-0185,已共用,V9.1as 節文件圖標統一讀取 SailuneSymbol.sectionDocument；原 doc.text 字形與畫面用途不變。,docs/work-items/v9.1as-frozen-symbol-groups.md,固定來源與無簽章 macOS Debug build 通過；GUI／VoiceOver 待驗收
V9-0186,合理例外,畫面標題、欄位名稱或領域狀態的靜態文字；不是 Button／Menu 操作命令。,docs/work-items/v9-frozen-inventory.md,字面值／重複群已核對；實際文案與輔助描述待畫面驗收
V9-0187,已共用,"V9.1ao 已依凍結 ID 將原操作標題接至 SailuneActionCopy，原繁體中文值、closure、role、style 及圖標不變；現行來源：Button { startRenaming(id: section.id, currentName: section.title) } label: { Label(SailuneActionCopy.rename, systemImage: SailuneSymbol.edit.systemName) }",docs/work-items/v9.1ao-repeated-action-copy.md,65 個固定 ID 靜態核對、String Catalog JSON 及主機無簽章 Debug build 通過；GUI／VoiceOver 待驗收
V9-0188,已共用,來源已讀取 SailuneSymbol 語意 key；同功能字形是否一致依集中表與畫面驗收。,docs/work-items/v9-frozen-inventory.md,來源語意已複核；字形與輔助功能畫面驗收待完成
V9-0189,已共用,"V9.1ao 已依凍結 ID 將原操作標題接至 SailuneActionCopy，原繁體中文值、closure、role、style 及圖標不變；現行來源：} label: { Label(SailuneActionCopy.addSection, systemImage: SailuneSymbol.addSection.systemName) }",docs/work-items/v9.1ao-repeated-action-copy.md,65 個固定 ID 靜態核對、String Catalog JSON 及主機無簽章 Debug build 通過；GUI／VoiceOver 待驗收
V9-0190,已共用,來源已讀取 SailuneSymbol 語意 key；同功能字形是否一致依集中表與畫面驗收。,docs/work-items/v9-frozen-inventory.md,來源語意已複核；字形與輔助功能畫面驗收待完成
V9-0191,合理例外,此原生 Button 以 Label 同時提供文字與語意圖標，保留導覽／新增／刪除的領域 action；文案及圖標各有固定 ID 共用或例外，ButtonStyle 和實際命中仍獨立驗收。,docs/work-items/v9-frozen-inventory.md,來源 Label 按鈕已核對；位置／hit-test／鍵盤／Light／Dark 待驗收
V9-0192,已共用,"V9.1ao 已依凍結 ID 將原操作標題接至 SailuneActionCopy，原繁體中文值、closure、role、style 及圖標不變；現行來源：Button(role: .destructive) { deleteTarget = .section(section) } label: { Label(SailuneActionCopy.deleteSection, systemImage: SailuneSymbol.delete.systemName) }",docs/work-items/v9.1ao-repeated-action-copy.md,65 個固定 ID 靜態核對、String Catalog JSON 及主機無簽章 Debug build 通過；GUI／VoiceOver 待驗收
V9-0193,已共用,來源已讀取 SailuneSymbol 語意 key；同功能字形是否一致依集中表與畫面驗收。,docs/work-items/v9-frozen-inventory.md,來源語意已複核；字形與輔助功能畫面驗收待完成
V9-0194,已共用,"V9.1as 原字形由 SailuneSymbol.reorderHandle 提供；功能、文字與位置不變。原命中：systemName: ""line.3.horizontal""",docs/work-items/v9.1as-frozen-symbol-groups.md,固定 ID、原字形與主機無簽章 macOS Debug build、git diff --check 通過；Light／Dark／VoiceOver 待驗收
V9-0195,合理例外,來源包含領域目標、特定操作方式或精確縮放／檔案語意，保留原生 help／AX 文字；逐項理由見 docs/v9-freeze/review-accessibility-domain-text.md。,docs/work-items/v9-frozen-inventory.md,來源文字及相鄰控制已核對；實際 hover／VoiceOver 待驗收
V9-0196,合理例外,改名或名稱欄具 FocusState、提交或焦點副作用；保留專用輸入直到另有等價具名 variant。,docs/work-items/v9-frozen-inventory.md,來源分類已複核；具體 UI／資料驗收待完成
V9-0197,已共用,來源已讀取 SailuneSymbol 語意 key；同功能字形是否一致依集中表與畫面驗收。,docs/work-items/v9-frozen-inventory.md,來源語意已複核；字形與輔助功能畫面驗收待完成
V9-0198,待共用,原生 .borderless 樣式常見於圖標／整列控制；需與對應 Button ID 一起核對角色、28 pt 命中及是否需具名共用 variant。,docs/work-items/v9-frozen-inventory.md,來源 style 已核對；實際 hit-test／Light／Dark 待驗收
V9-0199,已共用,V9.1ax 固定重複描述「確認 (Enter)」已接 SailuneActionCopy 或 SailuneAccessibilityCopy 單一來源；原文字逐字相同。,docs/work-items/v9.1ax-repeated-accessibility-copy.md,String Catalog JSON 與主機無簽章 Debug build 通過；hover／VoiceOver 待驗收
V9-0200,已共用,來源已讀取 SailuneSymbol 語意 key；同功能字形是否一致依集中表與畫面驗收。,docs/work-items/v9-frozen-inventory.md,來源語意已複核；字形與輔助功能畫面驗收待完成
V9-0201,待共用,原生 .borderless 樣式常見於圖標／整列控制；需與對應 Button ID 一起核對角色、28 pt 命中及是否需具名共用 variant。,docs/work-items/v9-frozen-inventory.md,來源 style 已核對；實際 hit-test／Light／Dark 待驗收
V9-0202,已共用,V9.1ax 固定重複描述「取消」已接 SailuneActionCopy 或 SailuneAccessibilityCopy 單一來源；原文字逐字相同。,docs/work-items/v9.1ax-repeated-accessibility-copy.md,String Catalog JSON 與主機無簽章 Debug build 通過；hover／VoiceOver 待驗收
V9-0203,合理例外,領域 catch 在同一來源行明確顯示錯誤、拋出具名錯誤或 private 記錄；其資料結果依原領域契約保留，沒有共用 catch 外殼的必要。原語句：catch { presentPersistenceError(error) },docs/work-items/v9-frozen-inventory.md,來源已見明確錯誤出口；故障注入與 GUI 呈現尚待驗收
V9-0204,合理例外,領域 catch 在同一來源行明確顯示錯誤、拋出具名錯誤或 private 記錄；其資料結果依原領域契約保留，沒有共用 catch 外殼的必要。原語句：catch { modelContext.rollback(); presentPersistenceError(error) },docs/work-items/v9-frozen-inventory.md,來源已見明確錯誤出口；故障注入與 GUI 呈現尚待驗收
V9-0205,合理例外,此處表示領域資料類型、靜態狀態或專用空狀態；未證實是跨畫面的相同操作，保留具名語境而不與同字形操作混用。,docs/work-items/v9-frozen-inventory.md,來源語意已複核；字形與輔助功能畫面驗收待完成
V9-0206,待共用,原生 .borderless 樣式常見於圖標／整列控制；需與對應 Button ID 一起核對角色、28 pt 命中及是否需具名共用 variant。,docs/work-items/v9-frozen-inventory.md,來源 style 已核對；實際 hit-test／Light／Dark 待驗收
V9-0207,合理例外,來源包含領域目標、特定操作方式或精確縮放／檔案語意，保留原生 help／AX 文字；逐項理由見 docs/v9-freeze/review-accessibility-domain-text.md。,docs/work-items/v9-frozen-inventory.md,來源文字及相鄰控制已核對；實際 hover／VoiceOver 待驗收
V9-0208,合理例外,來源包含領域目標、特定操作方式或精確縮放／檔案語意，保留原生 help／AX 文字；逐項理由見 docs/v9-freeze/review-accessibility-domain-text.md。,docs/work-items/v9-frozen-inventory.md,來源文字及相鄰控制已核對；實際 hover／VoiceOver 待驗收
V9-0209,已共用,來源已讀取 SailuneSymbol 語意 key；同功能字形是否一致依集中表與畫面驗收。,docs/work-items/v9-frozen-inventory.md,來源語意已複核；字形與輔助功能畫面驗收待完成
V9-0210,待共用,原生 .borderless 樣式常見於圖標／整列控制；需與對應 Button ID 一起核對角色、28 pt 命中及是否需具名共用 variant。,docs/work-items/v9-frozen-inventory.md,來源 style 已核對；實際 hit-test／Light／Dark 待驗收
V9-0211,合理例外,來源包含領域目標、特定操作方式或精確縮放／檔案語意，保留原生 help／AX 文字；逐項理由見 docs/v9-freeze/review-accessibility-domain-text.md。,docs/work-items/v9-frozen-inventory.md,來源文字及相鄰控制已核對；實際 hover／VoiceOver 待驗收
V9-0212,合理例外,來源包含領域目標、特定操作方式或精確縮放／檔案語意，保留原生 help／AX 文字；逐項理由見 docs/v9-freeze/review-accessibility-domain-text.md。,docs/work-items/v9-frozen-inventory.md,來源文字及相鄰控制已核對；實際 hover／VoiceOver 待驗收
V9-0213,合理例外,內容型系統 sheet 承載此領域編輯流程；不與刪除／錯誤提示共用資料 action，仍需核對取消與焦點。 凍結來源：.sheet(isPresented: $showingNarrativeEditor) {,docs/work-items/v9-frozen-inventory.md,來源呈現類型已核對；失敗／取消／GUI 待驗收
V9-0214,合理例外,內容型系統 sheet 承載此領域編輯流程；不與刪除／錯誤提示共用資料 action，仍需核對取消與焦點。 凍結來源：.sheet(isPresented: $showingTimelineEditor) {,docs/work-items/v9-frozen-inventory.md,來源呈現類型已核對；失敗／取消／GUI 待驗收
V9-0215,合理例外,畫面標題、欄位名稱或領域狀態的靜態文字；不是 Button／Menu 操作命令。,docs/work-items/v9-frozen-inventory.md,字面值／重複群已核對；實際文案與輔助描述待畫面驗收
V9-0216,合理例外,畫面標題、欄位名稱或領域狀態的靜態文字；不是 Button／Menu 操作命令。,docs/work-items/v9-frozen-inventory.md,字面值／重複群已核對；實際文案與輔助描述待畫面驗收
V9-0217,合理例外,畫面標題、欄位名稱或領域狀態的靜態文字；不是 Button／Menu 操作命令。,docs/work-items/v9-frozen-inventory.md,字面值／重複群已核對；實際文案與輔助描述待畫面驗收
V9-0218,合理例外,原生文字 Button；已使用 SailuneActionCopy 共用標題。保留 macOS 原生控制以承載此處 action；對應 button_style／copy ID 仍獨立審核，位置與實際命中須畫面驗收。凍結來源：Button(SailuneActionCopy.cancel) { dismiss() },docs/work-items/v9-frozen-inventory.md,來源確認為文字 Button；位置／鍵盤焦點／實際命中及 Light／Dark 待驗收
V9-0219,已共用,已讀取 SailuneActionCopy 或位於其實作；原中文值由集中資源提供。,docs/work-items/v9-frozen-inventory.md,字面值／重複群已核對；實際文案與輔助描述待畫面驗收
V9-0220,合理例外,原生文字 Button；已使用 SailuneActionCopy 共用標題。保留 macOS 原生控制以承載此處 action；對應 button_style／copy ID 仍獨立審核，位置與實際命中須畫面驗收。凍結來源：Button(SailuneActionCopy.save) {,docs/work-items/v9-frozen-inventory.md,來源確認為文字 Button；位置／鍵盤焦點／實際命中及 Light／Dark 待驗收
V9-0221,已共用,已讀取 SailuneActionCopy 或位於其實作；原中文值由集中資源提供。,docs/work-items/v9-frozen-inventory.md,字面值／重複群已核對；實際文案與輔助描述待畫面驗收
V9-0222,合理例外,畫面標題、欄位名稱或領域狀態的靜態文字；不是 Button／Menu 操作命令。,docs/work-items/v9-frozen-inventory.md,字面值／重複群已核對；實際文案與輔助描述待畫面驗收
V9-0223,合理例外,畫面標題、欄位名稱或領域狀態的靜態文字；不是 Button／Menu 操作命令。,docs/work-items/v9-frozen-inventory.md,字面值／重複群已核對；實際文案與輔助描述待畫面驗收
V9-0224,合理例外,數值／日期欄具寬度、數字過濾或格式化契約；不改用一般文字欄位。,docs/work-items/v9-frozen-inventory.md,來源分類已複核；具體 UI／資料驗收待完成
V9-0225,合理例外,數值／日期欄具寬度、數字過濾或格式化契約；不改用一般文字欄位。,docs/work-items/v9-frozen-inventory.md,來源分類已複核；具體 UI／資料驗收待完成
V9-0226,合理例外,數值／日期欄具寬度、數字過濾或格式化契約；不改用一般文字欄位。,docs/work-items/v9-frozen-inventory.md,來源分類已複核；具體 UI／資料驗收待完成
V9-0227,合理例外,原生文字 Button；已使用 SailuneActionCopy 共用標題。保留 macOS 原生控制以承載此處 action；對應 button_style／copy ID 仍獨立審核，位置與實際命中須畫面驗收。凍結來源：Button(SailuneActionCopy.cancel) { dismiss() },docs/work-items/v9-frozen-inventory.md,來源確認為文字 Button；位置／鍵盤焦點／實際命中及 Light／Dark 待驗收
V9-0228,已共用,已讀取 SailuneActionCopy 或位於其實作；原中文值由集中資源提供。,docs/work-items/v9-frozen-inventory.md,字面值／重複群已核對；實際文案與輔助描述待畫面驗收
V9-0229,合理例外,原生文字 Button；已使用 SailuneActionCopy 共用標題。保留 macOS 原生控制以承載此處 action；對應 button_style／copy ID 仍獨立審核，位置與實際命中須畫面驗收。凍結來源：Button(SailuneActionCopy.save) {,docs/work-items/v9-frozen-inventory.md,來源確認為文字 Button；位置／鍵盤焦點／實際命中及 Light／Dark 待驗收
V9-0230,已共用,已讀取 SailuneActionCopy 或位於其實作；原中文值由集中資源提供。,docs/work-items/v9-frozen-inventory.md,字面值／重複群已核對；實際文案與輔助描述待畫面驗收
V9-0231,合理例外,畫面標題、欄位名稱或領域狀態的靜態文字；不是 Button／Menu 操作命令。,docs/work-items/v9-frozen-inventory.md,字面值／重複群已核對；實際文案與輔助描述待畫面驗收
V9-0232,合理例外,描述依目前資料或狀態即時組成；不能以固定通用動作文字取代，需核對可讀性及對象。,docs/work-items/v9-frozen-inventory.md,來源描述已分類；VoiceOver／滑鼠提示仍待驗收
V9-0233,待共用,原生 .plain 樣式常見於圖標／整列控制；需與對應 Button ID 一起核對角色、28 pt 命中及是否需具名共用 variant。,docs/work-items/v9-frozen-inventory.md,來源 style 已核對；實際 hit-test／Light／Dark 待驗收
V9-0234,合理例外,描述依目前資料或狀態即時組成；不能以固定通用動作文字取代，需核對可讀性及對象。,docs/work-items/v9-frozen-inventory.md,來源描述已分類；VoiceOver／滑鼠提示仍待驗收
V9-0235,合理例外,內容型系統 sheet 承載此領域編輯流程；不與刪除／錯誤提示共用資料 action，仍需核對取消與焦點。 凍結來源：.sheet(isPresented: $showingTimestampEditor) {,docs/work-items/v9-frozen-inventory.md,來源呈現類型已核對；失敗／取消／GUI 待驗收
V9-0236,合理例外,畫面標題、欄位名稱或領域狀態的靜態文字；不是 Button／Menu 操作命令。,docs/work-items/v9-frozen-inventory.md,字面值／重複群已核對；實際文案與輔助描述待畫面驗收
V9-0237,合理例外,畫面標題、欄位名稱或領域狀態的靜態文字；不是 Button／Menu 操作命令。,docs/work-items/v9-frozen-inventory.md,字面值／重複群已核對；實際文案與輔助描述待畫面驗收
V9-0238,合理例外,畫面標題、欄位名稱或領域狀態的靜態文字；不是 Button／Menu 操作命令。,docs/work-items/v9-frozen-inventory.md,字面值／重複群已核對；實際文案與輔助描述待畫面驗收
V9-0239,合理例外,畫面標題、欄位名稱或領域狀態的靜態文字；不是 Button／Menu 操作命令。,docs/work-items/v9-frozen-inventory.md,字面值／重複群已核對；實際文案與輔助描述待畫面驗收
V9-0240,合理例外,畫面標題、欄位名稱或領域狀態的靜態文字；不是 Button／Menu 操作命令。,docs/work-items/v9-frozen-inventory.md,字面值／重複群已核對；實際文案與輔助描述待畫面驗收
V9-0241,合理例外,目前固定清單中僅此處使用的領域文案「請先在敘事大綱建立故事線。」；沒有同功能重複證據，保留具名畫面語境。,docs/work-items/v9-frozen-inventory.md,字面值／重複群已核對；實際文案與輔助描述待畫面驗收
V9-0242,已共用,來源已讀取 SailuneSymbol 語意 key；同功能字形是否一致依集中表與畫面驗收。,docs/work-items/v9-frozen-inventory.md,來源語意已複核；字形與輔助功能畫面驗收待完成
V9-0243,合理例外,原生文字 Button；已使用 SailuneActionCopy 共用標題。保留 macOS 原生控制以承載此處 action；對應 button_style／copy ID 仍獨立審核，位置與實際命中須畫面驗收。凍結來源：Button(SailuneActionCopy.cancel) { dismiss() }.keyboardShortcut(.cancelAction),docs/work-items/v9-frozen-inventory.md,來源確認為文字 Button；位置／鍵盤焦點／實際命中及 Light／Dark 待驗收
V9-0244,已共用,已讀取 SailuneActionCopy 或位於其實作；原中文值由集中資源提供。,docs/work-items/v9-frozen-inventory.md,字面值／重複群已核對；實際文案與輔助描述待畫面驗收
V9-0245,合理例外,"來源以 SwiftUI 原生 Button 的標題參數承載文字或文字加圖標；保留原生角色／焦點／可用狀態，文案與圖標分別由固定 copy／symbol ID 審核，不為此控制另造相同 Button 外殼。來源：Button(existingNode == nil ? ""建立"" : ""儲存"", action: saveTimestamp)",docs/work-items/v9-frozen-inventory.md,來源原生標題按鈕已核對；位置／實際 hit-test／鍵盤與 Light／Dark 待驗收
V9-0246,待共用,"錯誤或結果 alert 候選；需核對同類標題、詳細訊息、確認按鈕與錯誤出口後決定共用呈現外殼。 凍結來源：.alert(""無法儲存定位"", isPresented: Binding(",docs/work-items/v9-frozen-inventory.md,來源呈現類型已核對；失敗／取消／GUI 待驗收
V9-0247,合理例外,"原生文字 Button；已使用 SailuneActionCopy 共用標題。保留 macOS 原生控制以承載此處 action；對應 button_style／copy ID 仍獨立審核，位置與實際命中須畫面驗收。凍結來源：Button(SailuneActionCopy.acknowledge, role: .cancel) { saveErrorMessage = nil }",docs/work-items/v9-frozen-inventory.md,來源確認為文字 Button；位置／鍵盤焦點／實際命中及 Light／Dark 待驗收
V9-0248,已共用,已讀取 SailuneActionCopy 或位於其實作；原中文值由集中資源提供。,docs/work-items/v9-frozen-inventory.md,字面值／重複群已核對；實際文案與輔助描述待畫面驗收
V9-0249,合理例外,數值／日期欄具寬度、數字過濾或格式化契約；不改用一般文字欄位。,docs/work-items/v9-frozen-inventory.md,來源分類已複核；具體 UI／資料驗收待完成
V9-0250,合理例外,catch 明確設定錯誤呈現／狀態，保留領域提示；此處是領域失敗處理，不宜僅為共用化抽成統一資料 action。來源分支：saveErrorMessage = error.localizedDescription,docs/work-items/v9-frozen-inventory.md,來源分支已複核；故障注入或 GUI 呈現仍待相關驗收
V9-0251,已共用,來源已引用共用單行／搜尋欄位或位於其實作；原 Binding 與外層行為仍須依畫面核對。,docs/work-items/v9-frozen-inventory.md,來源分類已複核；具體 UI／資料驗收待完成
V9-0252,待共用,"純圖標或 iconOnly 按鈕候選；依凍結位置核對 28 pt 命中、間距、help／accessibility、原 action 及禁用條件。 凍結來源：Button(role: .destructive, action: onDelete) { Image(systemName: SailuneSymbol.delete.systemName) }.buttonStyle(.plain)",docs/work-items/v9-frozen-inventory.md,來源按鈕型態已列；實際命中／鍵盤／Light／Dark 待驗收
V9-0253,已共用,來源已讀取 SailuneSymbol 語意 key；同功能字形是否一致依集中表與畫面驗收。,docs/work-items/v9-frozen-inventory.md,來源語意已複核；字形與輔助功能畫面驗收待完成
V9-0254,待共用,原生 .plain 樣式常見於圖標／整列控制；需與對應 Button ID 一起核對角色、28 pt 命中及是否需具名共用 variant。,docs/work-items/v9-frozen-inventory.md,來源 style 已核對；實際 hit-test／Light／Dark 待驗收
V9-0255,已共用,來源已引用共用單行／搜尋欄位或位於其實作；原 Binding 與外層行為仍須依畫面核對。,docs/work-items/v9-frozen-inventory.md,來源分類已複核；具體 UI／資料驗收待完成
V9-0256,合理例外,畫面標題、欄位名稱或領域狀態的靜態文字；不是 Button／Menu 操作命令。,docs/work-items/v9-frozen-inventory.md,字面值／重複群已核對；實際文案與輔助描述待畫面驗收
V9-0257,合理例外,"來源以 SwiftUI 原生 Button 的標題參數承載文字或文字加圖標；保留原生角色／焦點／可用狀態，文案與圖標分別由固定 copy／symbol ID 審核，不為此控制另造相同 Button 外殼。來源：Button(""新增歷史"", systemImage: SailuneSymbol.add.systemName, action: addHistory)",docs/work-items/v9-frozen-inventory.md,來源原生標題按鈕已核對；位置／實際 hit-test／鍵盤與 Light／Dark 待驗收
V9-0258,已共用,"V9.1ao 已依凍結 ID 將原操作標題接至 SailuneActionCopy，原繁體中文值、closure、role、style 及圖標不變；現行來源：Button(SailuneActionCopy.addHistory, systemImage: SailuneSymbol.add.systemName, action: addHistory)",docs/work-items/v9.1ao-repeated-action-copy.md,65 個固定 ID 靜態核對、String Catalog JSON 及主機無簽章 Debug build 通過；GUI／VoiceOver 待驗收
V9-0259,已共用,來源已讀取 SailuneSymbol 語意 key；同功能字形是否一致依集中表與畫面驗收。,docs/work-items/v9-frozen-inventory.md,來源語意已複核；字形與輔助功能畫面驗收待完成
V9-0260,已共用,V9.1as 對應固定語意組，保留原字形與 action：SailuneSymbol.relatedCharacters,docs/work-items/v9.1as-frozen-symbol-groups.md,固定 ID 原字形與主機無簽章 Debug build 通過；實際 GUI／VoiceOver 待驗收
V9-0261,待共用,"純圖標或 iconOnly 按鈕候選；依凍結位置核對 28 pt 命中、間距、help／accessibility、原 action 及禁用條件。 凍結來源：Button(role: .destructive, action: onDelete) { Image(systemName: SailuneSymbol.delete.systemName) }.buttonStyle(.plain)",docs/work-items/v9-frozen-inventory.md,來源按鈕型態已列；實際命中／鍵盤／Light／Dark 待驗收
V9-0262,已共用,來源已讀取 SailuneSymbol 語意 key；同功能字形是否一致依集中表與畫面驗收。,docs/work-items/v9-frozen-inventory.md,來源語意已複核；字形與輔助功能畫面驗收待完成
V9-0263,待共用,原生 .plain 樣式常見於圖標／整列控制；需與對應 Button ID 一起核對角色、28 pt 命中及是否需具名共用 variant。,docs/work-items/v9-frozen-inventory.md,來源 style 已核對；實際 hit-test／Light／Dark 待驗收
V9-0264,已共用,已接入共用 InsetTextEditor，原 Binding 與最小高度保留；仍需代表畫面驗收首行、焦點和組字。,docs/work-items/v9.1x-field-first-line-inset-audit.md,待實際 UI 驗收
V9-0265,合理例外,目前固定清單中僅此處使用的領域文案「歷史描述不可空白」；沒有同功能重複證據，保留具名畫面語境。,docs/work-items/v9-frozen-inventory.md,字面值／重複群已核對；實際文案與輔助描述待畫面驗收
V9-0266,已共用,來源已讀取 SailuneSymbol 語意 key；同功能字形是否一致依集中表與畫面驗收。,docs/work-items/v9-frozen-inventory.md,來源語意已複核；字形與輔助功能畫面驗收待完成
V9-0267,已共用,"背景引用已命名的 theme／AppTheme 色彩來源；用途與 Light／Dark 對照仍需畫面驗收。 凍結來源：.background(SailuneTheme.subtleSurface, in: RoundedRectangle(cornerRadius: 8))",docs/work-items/v9-frozen-inventory.md,來源色彩用途已分類；Light／Dark 與 hit-testing 待驗收
V9-0268,已共用,"背景引用已命名的 theme／AppTheme 色彩來源；用途與 Light／Dark 對照仍需畫面驗收。 凍結來源：.background(SailuneTheme.subtleSurface, in: RoundedRectangle(cornerRadius: 8))",docs/work-items/v9-frozen-inventory.md,來源色彩用途已分類；Light／Dark 與 hit-testing 待驗收
V9-0269,已共用,來源已引用共用單行／搜尋欄位或位於其實作；原 Binding 與外層行為仍須依畫面核對。,docs/work-items/v9-frozen-inventory.md,來源分類已複核；具體 UI／資料驗收待完成
V9-0270,待共用,"純圖標或 iconOnly 按鈕候選；依凍結位置核對 28 pt 命中、間距、help／accessibility、原 action 及禁用條件。 凍結來源：Button(role: .destructive, action: onDelete) { Image(systemName: SailuneSymbol.delete.systemName) }.buttonStyle(.plain)",docs/work-items/v9-frozen-inventory.md,來源按鈕型態已列；實際命中／鍵盤／Light／Dark 待驗收
V9-0271,已共用,來源已讀取 SailuneSymbol 語意 key；同功能字形是否一致依集中表與畫面驗收。,docs/work-items/v9-frozen-inventory.md,來源語意已複核；字形與輔助功能畫面驗收待完成
V9-0272,待共用,原生 .plain 樣式常見於圖標／整列控制；需與對應 Button ID 一起核對角色、28 pt 命中及是否需具名共用 variant。,docs/work-items/v9-frozen-inventory.md,來源 style 已核對；實際 hit-test／Light／Dark 待驗收
V9-0273,已共用,來源已引用共用單行／搜尋欄位或位於其實作；原 Binding 與外層行為仍須依畫面核對。,docs/work-items/v9-frozen-inventory.md,來源分類已複核；具體 UI／資料驗收待完成
V9-0274,待共用,"純圖標或 iconOnly 按鈕候選；依凍結位置核對 28 pt 命中、間距、help／accessibility、原 action 及禁用條件。 凍結來源：Button(role: .destructive, action: onDelete) { Image(systemName: SailuneSymbol.delete.systemName) }.buttonStyle(.plain)",docs/work-items/v9-frozen-inventory.md,來源按鈕型態已列；實際命中／鍵盤／Light／Dark 待驗收
V9-0275,已共用,來源已讀取 SailuneSymbol 語意 key；同功能字形是否一致依集中表與畫面驗收。,docs/work-items/v9-frozen-inventory.md,來源語意已複核；字形與輔助功能畫面驗收待完成
V9-0276,待共用,原生 .plain 樣式常見於圖標／整列控制；需與對應 Button ID 一起核對角色、28 pt 命中及是否需具名共用 variant。,docs/work-items/v9-frozen-inventory.md,來源 style 已核對；實際 hit-test／Light／Dark 待驗收
V9-0277,已共用,來源已引用共用單行／搜尋欄位或位於其實作；原 Binding 與外層行為仍須依畫面核對。,docs/work-items/v9-frozen-inventory.md,來源分類已複核；具體 UI／資料驗收待完成
V9-0278,合理例外,此原生 Button 以 Label 同時提供文字與語意圖標，保留導覽／新增／刪除的領域 action；文案及圖標各有固定 ID 共用或例外，ButtonStyle 和實際命中仍獨立驗收。,docs/work-items/v9-frozen-inventory.md,來源 Label 按鈕已核對；位置／hit-test／鍵盤／Light／Dark 待驗收
V9-0279,已共用,來源已讀取 SailuneSymbol 語意 key；同功能字形是否一致依集中表與畫面驗收。,docs/work-items/v9-frozen-inventory.md,來源語意已複核；字形與輔助功能畫面驗收待完成
V9-0280,待共用,原生 .borderless 樣式常見於圖標／整列控制；需與對應 Button ID 一起核對角色、28 pt 命中及是否需具名共用 variant。,docs/work-items/v9-frozen-inventory.md,來源 style 已核對；實際 hit-test／Light／Dark 待驗收
V9-0281,合理例外,"catch 明確設定錯誤呈現／狀態，保留領域提示；此處是領域失敗處理，不宜僅為共用化抽成統一資料 action。來源分支：modelContext.rollback() deletionErrorMessage = ""角色刪除失敗，資料未變更。""",docs/work-items/v9-frozen-inventory.md,來源分支已複核；故障注入或 GUI 呈現仍待相關驗收
V9-0282,待共用,錯誤或結果 alert 候選；需核對同類標題、詳細訊息、確認按鈕與錯誤出口後決定共用呈現外殼。 凍結來源：.alert(,docs/work-items/v9-frozen-inventory.md,來源呈現類型已核對；失敗／取消／GUI 待驗收
V9-0283,合理例外,"原生文字 Button；已使用 SailuneActionCopy 共用標題。保留 macOS 原生控制以承載此處 action；對應 button_style／copy ID 仍獨立審核，位置與實際命中須畫面驗收。凍結來源：Button(SailuneActionCopy.acknowledge, role: .cancel) { deletionErrorMessage = nil }",docs/work-items/v9-frozen-inventory.md,來源確認為文字 Button；位置／鍵盤焦點／實際命中及 Light／Dark 待驗收
V9-0284,已共用,已讀取 SailuneActionCopy 或位於其實作；原中文值由集中資源提供。,docs/work-items/v9-frozen-inventory.md,字面值／重複群已核對；實際文案與輔助描述待畫面驗收
V9-0285,已共用,來源已引用共用單行／搜尋欄位或位於其實作；原 Binding 與外層行為仍須依畫面核對。,docs/work-items/v9-frozen-inventory.md,來源分類已複核；具體 UI／資料驗收待完成
V9-0286,合理例外,角色列 swipeActions 的原生破壞性 Label 選項；共用文案／符號已接，滑動命中交由系統。 詳見 docs/v9-freeze/review-button-contexts.md。,docs/work-items/v9-frozen-inventory.md,來源契約複核；實際命中／鍵盤／Light／Dark 待驗收
V9-0287,已共用,已讀取 SailuneActionCopy 或位於其實作；原中文值由集中資源提供。,docs/work-items/v9-frozen-inventory.md,字面值／重複群已核對；實際文案與輔助描述待畫面驗收
V9-0288,已共用,來源已讀取 SailuneSymbol 語意 key；同功能字形是否一致依集中表與畫面驗收。,docs/work-items/v9-frozen-inventory.md,來源語意已複核；字形與輔助功能畫面驗收待完成
V9-0289,已共用,背景引用已命名的 theme／AppTheme 色彩來源；用途與 Light／Dark 對照仍需畫面驗收。 凍結來源：.background(Color.workspacePanelBackground),docs/work-items/v9-frozen-inventory.md,來源色彩用途已分類；Light／Dark 與 hit-testing 待驗收
V9-0290,待共用,原生文字或選單動作按鈕；依來源行中的具名操作核對角色、同功能文案、位置與命中。 凍結來源：Button(action: onAdd) {,docs/work-items/v9-frozen-inventory.md,來源按鈕型態已列；實際命中／鍵盤／Light／Dark 待驗收
V9-0291,合理例外,目前固定清單中僅此處使用的領域文案「新增角色」；沒有同功能重複證據，保留具名畫面語境。,docs/work-items/v9-frozen-inventory.md,字面值／重複群已核對；實際文案與輔助描述待畫面驗收
V9-0292,已共用,來源已讀取 SailuneSymbol 語意 key；同功能字形是否一致依集中表與畫面驗收。,docs/work-items/v9-frozen-inventory.md,來源語意已複核；字形與輔助功能畫面驗收待完成
V9-0293,待共用,原生 .plain 樣式常見於圖標／整列控制；需與對應 Button ID 一起核對角色、28 pt 命中及是否需具名共用 variant。,docs/work-items/v9-frozen-inventory.md,來源 style 已核對；實際 hit-test／Light／Dark 待驗收
V9-0294,合理例外,角色操作狀態的 accent 底色，由角色畫面條件顯示。 來源：.background(Color.accentColor.opacity(0.1)),docs/work-items/v9-frozen-inventory.md,來源色彩用途已分類；Light／Dark／hover 實際畫面待驗收
V9-0295,待共用,錯誤或結果 alert 候選；需核對同類標題、詳細訊息、確認按鈕與錯誤出口後決定共用呈現外殼。 凍結來源：.alert(,docs/work-items/v9-frozen-inventory.md,來源呈現類型已核對；失敗／取消／GUI 待驗收
V9-0296,合理例外,"原生文字 Button；已使用 SailuneActionCopy 共用標題。保留 macOS 原生控制以承載此處 action；對應 button_style／copy ID 仍獨立審核，位置與實際命中須畫面驗收。凍結來源：Button(SailuneActionCopy.cancel, role: .cancel) { deleteTarget = nil }",docs/work-items/v9-frozen-inventory.md,來源確認為文字 Button；位置／鍵盤焦點／實際命中及 Light／Dark 待驗收
V9-0297,已共用,已讀取 SailuneActionCopy 或位於其實作；原中文值由集中資源提供。,docs/work-items/v9-frozen-inventory.md,字面值／重複群已核對；實際文案與輔助描述待畫面驗收
V9-0298,合理例外,"來源以 SwiftUI 原生 Button 的標題參數承載文字或文字加圖標；保留原生角色／焦點／可用狀態，文案與圖標分別由固定 copy／symbol ID 審核，不為此控制另造相同 Button 外殼。來源：Button(SailuneActionCopy.delete, role: .destructive) {",docs/work-items/v9-frozen-inventory.md,來源原生標題按鈕已核對；位置／實際 hit-test／鍵盤與 Light／Dark 待驗收
V9-0299,已共用,已讀取 SailuneActionCopy 或位於其實作；原中文值由集中資源提供。,docs/work-items/v9-frozen-inventory.md,字面值／重複群已核對；實際文案與輔助描述待畫面驗收
V9-0300,合理例外,畫面標題、欄位名稱或領域狀態的靜態文字；不是 Button／Menu 操作命令。,docs/work-items/v9-frozen-inventory.md,字面值／重複群已核對；實際文案與輔助描述待畫面驗收
V9-0301,待共用,原生 .plain 樣式常見於圖標／整列控制；需與對應 Button ID 一起核對角色、28 pt 命中及是否需具名共用 variant。,docs/work-items/v9-frozen-inventory.md,來源 style 已核對；實際 hit-test／Light／Dark 待驗收
V9-0302,合理例外,"來源以 SwiftUI 原生 Button 的標題參數承載文字或文字加圖標；保留原生角色／焦點／可用狀態，文案與圖標分別由固定 copy／symbol ID 審核，不為此控制另造相同 Button 外殼。來源：Button(SailuneActionCopy.delete, role: .destructive, action: onDelete)",docs/work-items/v9-frozen-inventory.md,來源原生標題按鈕已核對；位置／實際 hit-test／鍵盤與 Light／Dark 待驗收
V9-0303,已共用,已讀取 SailuneActionCopy 或位於其實作；原中文值由集中資源提供。,docs/work-items/v9-frozen-inventory.md,字面值／重複群已核對；實際文案與輔助描述待畫面驗收
V9-0304,待共用,原生 .plain 樣式常見於圖標／整列控制；需與對應 Button ID 一起核對角色、28 pt 命中及是否需具名共用 variant。,docs/work-items/v9-frozen-inventory.md,來源 style 已核對；實際 hit-test／Light／Dark 待驗收
V9-0305,待共用,原生文字或選單動作按鈕；依來源行中的具名操作核對角色、同功能文案、位置與命中。 凍結來源：Button(action: onBack) {,docs/work-items/v9-frozen-inventory.md,來源按鈕型態已列；實際命中／鍵盤／Light／Dark 待驗收
V9-0306,合理例外,目前固定清單中僅此處使用的領域文案「返回列表」；沒有同功能重複證據，保留具名畫面語境。,docs/work-items/v9-frozen-inventory.md,字面值／重複群已核對；實際文案與輔助描述待畫面驗收
V9-0307,已共用,來源已讀取 SailuneSymbol 語意 key；同功能字形是否一致依集中表與畫面驗收。,docs/work-items/v9-frozen-inventory.md,來源語意已複核；字形與輔助功能畫面驗收待完成
V9-0308,待共用,原生 .plain 樣式常見於圖標／整列控制；需與對應 Button ID 一起核對角色、28 pt 命中及是否需具名共用 variant。,docs/work-items/v9-frozen-inventory.md,來源 style 已核對；實際 hit-test／Light／Dark 待驗收
V9-0309,已共用,V9.1av 已把原色值來源改讀 SailuneTheme.controlSurface，保留原 shape、opacity 與層級；雙重 regex ID 指向同一色值表達式時共同標記。,docs/work-items/v9.1av-frozen-surfaces.md,21 個現行來源、原色值、無簽章 macOS Debug build 與 git diff --check 通過；Light／Dark／hover 實際畫面待驗收
V9-0310,已共用,來源已讀取 SailuneSymbol 語意 key；同功能字形是否一致依集中表與畫面驗收。,docs/work-items/v9-frozen-inventory.md,來源語意已複核；字形與輔助功能畫面驗收待完成
V9-0311,已共用,來源已讀取 SailuneSymbol 語意 key；同功能字形是否一致依集中表與畫面驗收。,docs/work-items/v9-frozen-inventory.md,來源語意已複核；字形與輔助功能畫面驗收待完成
V9-0312,待共用,原生 .plain 樣式常見於圖標／整列控制；需與對應 Button ID 一起核對角色、28 pt 命中及是否需具名共用 variant。,docs/work-items/v9-frozen-inventory.md,來源 style 已核對；實際 hit-test／Light／Dark 待驗收
V9-0313,合理例外,"角色資料的警示橙色表面，應與一般灰色卡片區分。 來源：.background(Color.orange.opacity(0.1), in: RoundedRectangle(cornerRadius: 8))",docs/work-items/v9-frozen-inventory.md,來源色彩用途已分類；Light／Dark／hover 實際畫面待驗收
V9-0314,合理例外,此處表示領域資料類型、靜態狀態或專用空狀態；未證實是跨畫面的相同操作，保留具名語境而不與同字形操作混用。,docs/work-items/v9-frozen-inventory.md,來源語意已複核；字形與輔助功能畫面驗收待完成
V9-0315,合理例外,此處表示領域資料類型、靜態狀態或專用空狀態；未證實是跨畫面的相同操作，保留具名語境而不與同字形操作混用。,docs/work-items/v9-frozen-inventory.md,來源語意已複核；字形與輔助功能畫面驗收待完成
V9-0316,合理例外,畫面標題、欄位名稱或領域狀態的靜態文字；不是 Button／Menu 操作命令。,docs/work-items/v9-frozen-inventory.md,字面值／重複群已核對；實際文案與輔助描述待畫面驗收
V9-0317,合理例外,畫面標題、欄位名稱或領域狀態的靜態文字；不是 Button／Menu 操作命令。,docs/work-items/v9-frozen-inventory.md,字面值／重複群已核對；實際文案與輔助描述待畫面驗收
V9-0318,合理例外,畫面標題、欄位名稱或領域狀態的靜態文字；不是 Button／Menu 操作命令。,docs/work-items/v9-frozen-inventory.md,字面值／重複群已核對；實際文案與輔助描述待畫面驗收
V9-0319,已共用,V9.1ap 接入 SailuneFormTextField；原 title／Binding、後續字體與事件保持；原顯式圓角樣式由共用元件提供。欄名：出身 (家族/地位),docs/work-items/v9.1ap-five-rounded-fields.md,五個來源與無簽章 macOS Debug build、git diff --check 通過；CJK／首行／focus GUI 待驗收
V9-0320,合理例外,畫面標題、欄位名稱或領域狀態的靜態文字；不是 Button／Menu 操作命令。,docs/work-items/v9-frozen-inventory.md,字面值／重複群已核對；實際文案與輔助描述待畫面驗收
V9-0321,已共用,已接入共用 InsetTextEditor，原 Binding 與最小高度保留；仍需代表畫面驗收首行、焦點和組字。,docs/work-items/v9.1x-field-first-line-inset-audit.md,待實際 UI 驗收
V9-0322,合理例外,此處表示領域資料類型、靜態狀態或專用空狀態；未證實是跨畫面的相同操作，保留具名語境而不與同字形操作混用。,docs/work-items/v9-frozen-inventory.md,來源語意已複核；字形與輔助功能畫面驗收待完成
V9-0323,合理例外,此處表示領域資料類型、靜態狀態或專用空狀態；未證實是跨畫面的相同操作，保留具名語境而不與同字形操作混用。,docs/work-items/v9-frozen-inventory.md,來源語意已複核；字形與輔助功能畫面驗收待完成
V9-0324,已共用,來源已讀取 SailuneSymbol 語意 key；同功能字形是否一致依集中表與畫面驗收。,docs/work-items/v9-frozen-inventory.md,來源語意已複核；字形與輔助功能畫面驗收待完成
V9-0325,合理例外,此處表示領域資料類型、靜態狀態或專用空狀態；未證實是跨畫面的相同操作，保留具名語境而不與同字形操作混用。,docs/work-items/v9-frozen-inventory.md,來源語意已複核；字形與輔助功能畫面驗收待完成
V9-0326,合理例外,此處表示領域資料類型、靜態狀態或專用空狀態；未證實是跨畫面的相同操作，保留具名語境而不與同字形操作混用。,docs/work-items/v9-frozen-inventory.md,來源語意已複核；字形與輔助功能畫面驗收待完成
V9-0327,已共用,來源已讀取 SailuneSymbol 語意 key；同功能字形是否一致依集中表與畫面驗收。,docs/work-items/v9-frozen-inventory.md,來源語意已複核；字形與輔助功能畫面驗收待完成
V9-0328,已共用,來源已讀取 SailuneSymbol 語意 key；同功能字形是否一致依集中表與畫面驗收。,docs/work-items/v9-frozen-inventory.md,來源語意已複核；字形與輔助功能畫面驗收待完成
V9-0329,待共用,原生文字或選單動作按鈕；依來源行中的具名操作核對角色、同功能文案、位置與命中。 凍結來源：Button(action: onShowGraph) {,docs/work-items/v9-frozen-inventory.md,來源按鈕型態已列；實際命中／鍵盤／Light／Dark 待驗收
V9-0330,合理例外,目前固定清單中僅此處使用的領域文案「開啟關係網」；沒有同功能重複證據，保留具名畫面語境。,docs/work-items/v9-frozen-inventory.md,字面值／重複群已核對；實際文案與輔助描述待畫面驗收
V9-0331,已共用,來源已讀取 SailuneSymbol 語意 key；同功能字形是否一致依集中表與畫面驗收。,docs/work-items/v9-frozen-inventory.md,來源語意已複核；字形與輔助功能畫面驗收待完成
V9-0332,合理例外,採 macOS 原生 .bordered 樣式，保留平台語意；此例外只涵蓋 style，按鈕位置／命中與操作文案仍依對應 Button ID 驗收。,docs/work-items/v9-frozen-inventory.md,來源 style 已核對；實際 hit-test／Light／Dark 待驗收
V9-0333,合理例外,此處表示領域資料類型、靜態狀態或專用空狀態；未證實是跨畫面的相同操作，保留具名語境而不與同字形操作混用。,docs/work-items/v9-frozen-inventory.md,來源語意已複核；字形與輔助功能畫面驗收待完成
V9-0334,合理例外,畫面標題、欄位名稱或領域狀態的靜態文字；不是 Button／Menu 操作命令。,docs/work-items/v9-frozen-inventory.md,字面值／重複群已核對；實際文案與輔助描述待畫面驗收
V9-0335,合理例外,一般文字欄位候選；逐欄核對現有 style、Binding、提交／保存及畫面後接入共用元件。,docs/work-items/v9-frozen-inventory.md,來源分類已複核；具體 UI／資料驗收待完成
V9-0336,合理例外,角色卡片摘要直接採 .plain 與次要字級／顏色；改用一般圓角欄會改畫面。 此例外只涵蓋欄位共用外殼，首行／focus GUI 仍依驗收清單檢查。,docs/work-items/v9-frozen-inventory.md,來源欄位與父容器契約已核對；CJK／focus／首行 GUI 待驗收
V9-0337,合理例外,"catch 明確設定錯誤呈現／狀態，保留領域提示；此處是領域失敗處理，不宜僅為共用化抽成統一資料 action。來源分支：modelContext.rollback() referenceErrorMessage = ""角色名稱同步失敗，變更已復原。"" return",docs/work-items/v9-frozen-inventory.md,來源分支已複核；故障注入或 GUI 呈現仍待相關驗收
V9-0338,合理例外,"catch 明確設定錯誤呈現／狀態，保留領域提示；此處是領域失敗處理，不宜僅為共用化抽成統一資料 action。來源分支：modelContext.rollback() referenceErrorMessage = ""別名同步失敗，變更已復原。"" return",docs/work-items/v9-frozen-inventory.md,來源分支已複核；故障注入或 GUI 呈現仍待相關驗收
V9-0339,合理例外,可取消 Task.sleep 的取消出口；停止過時掃描／選取路由，不涉及資料寫入；此處是領域失敗處理，不宜僅為共用化抽成統一資料 action。來源分支：return,docs/work-items/v9-frozen-inventory.md,來源分支已複核；故障注入或 GUI 呈現仍待相關驗收
V9-0340,合理例外,"catch 明確設定錯誤呈現／狀態，保留領域提示；此處是領域失敗處理，不宜僅為共用化抽成統一資料 action。來源分支：modelContext.rollback() referenceErrorMessage = ""正文名稱替換失敗，內容已復原。""",docs/work-items/v9-frozen-inventory.md,來源分支已複核；故障注入或 GUI 呈現仍待相關驗收
V9-0341,已共用,已接入共用 InsetTextEditor，原 Binding 與最小高度保留；仍需代表畫面驗收首行、焦點和組字。,docs/work-items/v9.1x-field-first-line-inset-audit.md,待實際 UI 驗收
V9-0342,已共用,來源已引用共用單行／搜尋欄位或位於其實作；原 Binding 與外層行為仍須依畫面核對。,docs/work-items/v9-frozen-inventory.md,來源分類已複核；具體 UI／資料驗收待完成
V9-0343,合理例外,"來源以 SwiftUI 原生 Button 的標題參數承載文字或文字加圖標；保留原生角色／焦點／可用狀態，文案與圖標分別由固定 copy／symbol ID 審核，不為此控制另造相同 Button 外殼。來源：Button(SailuneActionCopy.delete, role: .destructive) {",docs/work-items/v9-frozen-inventory.md,來源原生標題按鈕已核對；位置／實際 hit-test／鍵盤與 Light／Dark 待驗收
V9-0344,已共用,已讀取 SailuneActionCopy 或位於其實作；原中文值由集中資源提供。,docs/work-items/v9-frozen-inventory.md,字面值／重複群已核對；實際文案與輔助描述待畫面驗收
V9-0345,待共用,原生 .plain 樣式常見於圖標／整列控制；需與對應 Button ID 一起核對角色、28 pt 命中及是否需具名共用 variant。,docs/work-items/v9-frozen-inventory.md,來源 style 已核對；實際 hit-test／Light／Dark 待驗收
V9-0346,合理例外,"來源以 SwiftUI 原生 Button 的標題參數承載文字或文字加圖標；保留原生角色／焦點／可用狀態，文案與圖標分別由固定 copy／symbol ID 審核，不為此控制另造相同 Button 外殼。來源：Button(power.name.isEmpty ? ""未命名勢力"" : power.name) {",docs/work-items/v9-frozen-inventory.md,來源原生標題按鈕已核對；位置／實際 hit-test／鍵盤與 Light／Dark 待驗收
V9-0347,合理例外,目前固定清單中僅此處使用的領域文案「新增所屬勢力」；沒有同功能重複證據，保留具名畫面語境。,docs/work-items/v9-frozen-inventory.md,字面值／重複群已核對；實際文案與輔助描述待畫面驗收
V9-0348,已共用,來源已讀取 SailuneSymbol 語意 key；同功能字形是否一致依集中表與畫面驗收。,docs/work-items/v9-frozen-inventory.md,來源語意已複核；字形與輔助功能畫面驗收待完成
V9-0349,待共用,"錯誤或結果 alert 候選；需核對同類標題、詳細訊息、確認按鈕與錯誤出口後決定共用呈現外殼。 凍結來源：.alert(""無法更新所屬勢力"", isPresented: Binding(",docs/work-items/v9-frozen-inventory.md,來源呈現類型已核對；失敗／取消／GUI 待驗收
V9-0350,合理例外,"原生文字 Button；已使用 SailuneActionCopy 共用標題。保留 macOS 原生控制以承載此處 action；對應 button_style／copy ID 仍獨立審核，位置與實際命中須畫面驗收。凍結來源：Button(SailuneActionCopy.acknowledge, role: .cancel) { errorMessage = nil }",docs/work-items/v9-frozen-inventory.md,來源確認為文字 Button；位置／鍵盤焦點／實際命中及 Light／Dark 待驗收
V9-0351,已共用,已讀取 SailuneActionCopy 或位於其實作；原中文值由集中資源提供。,docs/work-items/v9-frozen-inventory.md,字面值／重複群已核對；實際文案與輔助描述待畫面驗收
V9-0352,合理例外,領域 catch 在同一來源行明確顯示錯誤、拋出具名錯誤或 private 記錄；其資料結果依原領域契約保留，沒有共用 catch 外殼的必要。原語句：catch { errorMessage = error.localizedDescription },docs/work-items/v9-frozen-inventory.md,來源已見明確錯誤出口；故障注入與 GUI 呈現尚待驗收
V9-0353,合理例外,領域 catch 在同一來源行明確顯示錯誤、拋出具名錯誤或 private 記錄；其資料結果依原領域契約保留，沒有共用 catch 外殼的必要。原語句：catch { errorMessage = error.localizedDescription },docs/work-items/v9-frozen-inventory.md,來源已見明確錯誤出口；故障注入與 GUI 呈現尚待驗收
V9-0354,合理例外,catch 明確設定錯誤呈現／狀態，保留領域提示；此處是領域失敗處理，不宜僅為共用化抽成統一資料 action。來源分支：errorMessage = error.localizedDescription,docs/work-items/v9-frozen-inventory.md,來源分支已複核；故障注入或 GUI 呈現仍待相關驗收
V9-0355,合理例外,目前固定清單中僅此處使用的領域文案「正文引用」；沒有同功能重複證據，保留具名畫面語境。,docs/work-items/v9-frozen-inventory.md,字面值／重複群已核對；實際文案與輔助描述待畫面驗收
V9-0356,已共用,"V9.1as 原字形由 SailuneSymbol.linkedReference 提供；功能、文字與位置不變。原命中：systemImage: ""link""",docs/work-items/v9.1as-frozen-symbol-groups.md,固定 ID、原字形與主機無簽章 macOS Debug build、git diff --check 通過；Light／Dark／VoiceOver 待驗收
V9-0357,待共用,原生 .plain 樣式常見於圖標／整列控制；需與對應 Button ID 一起核對角色、28 pt 命中及是否需具名共用 variant。,docs/work-items/v9-frozen-inventory.md,來源 style 已核對；實際 hit-test／Light／Dark 待驗收
V9-0358,合理例外,描述依目前資料或狀態即時組成；不能以固定通用動作文字取代，需核對可讀性及對象。,docs/work-items/v9-frozen-inventory.md,來源描述已分類；VoiceOver／滑鼠提示仍待驗收
V9-0359,合理例外,畫面標題、欄位名稱或領域狀態的靜態文字；不是 Button／Menu 操作命令。,docs/work-items/v9-frozen-inventory.md,字面值／重複群已核對；實際文案與輔助描述待畫面驗收
V9-0360,合理例外,畫面標題、欄位名稱或領域狀態的靜態文字；不是 Button／Menu 操作命令。,docs/work-items/v9-frozen-inventory.md,字面值／重複群已核對；實際文案與輔助描述待畫面驗收
V9-0361,已共用,"背景引用已命名的 theme／AppTheme 色彩來源；用途與 Light／Dark 對照仍需畫面驗收。 凍結來源：.background(SailuneTheme.subtleSurface, in: RoundedRectangle(cornerRadius: 8))",docs/work-items/v9-frozen-inventory.md,來源色彩用途已分類；Light／Dark 與 hit-testing 待驗收
V9-0362,已共用,"背景引用已命名的 theme／AppTheme 色彩來源；用途與 Light／Dark 對照仍需畫面驗收。 凍結來源：.background(SailuneTheme.subtleSurface, in: RoundedRectangle(cornerRadius: 8))",docs/work-items/v9-frozen-inventory.md,來源色彩用途已分類；Light／Dark 與 hit-testing 待驗收
V9-0363,合理例外,"原生文字 Button；領域字面標題另由 copy 家族核對是否同功能。保留 macOS 原生控制以承載此處 action；對應 button_style／copy ID 仍獨立審核，位置與實際命中須畫面驗收。凍結來源：Button(""第 \(sectionNumber(section, in: book)) 節｜\(section.title)"") {",docs/work-items/v9-frozen-inventory.md,來源確認為文字 Button；位置／鍵盤焦點／實際命中及 Light／Dark 待驗收
V9-0364,合理例外,"目前固定清單中僅此處使用的領域文案「第 \(sectionNumber(section, in: book)) 節｜\(section.title)」；沒有同功能重複證據，保留具名畫面語境。",docs/work-items/v9-frozen-inventory.md,字面值／重複群已核對；實際文案與輔助描述待畫面驗收
V9-0365,合理例外,採 macOS 原生 .link 樣式，保留平台語意；此例外只涵蓋 style，按鈕位置／命中與操作文案仍依對應 Button ID 驗收。,docs/work-items/v9-frozen-inventory.md,來源 style 已核對；實際 hit-test／Light／Dark 待驗收
V9-0366,已共用,V9.1av 已把原色值來源改讀 SailuneTheme.controlSurface，保留原 shape、opacity 與層級；雙重 regex ID 指向同一色值表達式時共同標記。,docs/work-items/v9.1av-frozen-surfaces.md,21 個現行來源、原色值、無簽章 macOS Debug build 與 git diff --check 通過；Light／Dark／hover 實際畫面待驗收
V9-0367,已共用,V9.1av 相同用途的描邊或淡色卡片背景改讀 SailuneTheme.characterSectionBorder；外層 .background 與內層色值的雙重 regex ID 均對應同一已共用表達式。,docs/work-items/v9.1av-frozen-surfaces.md,原色值／形狀與主機無簽章 Debug build、git diff --check 通過；Light／Dark GUI 待驗收
V9-0368,合理例外,"角色折疊區圖標底色，與整區背景是不同層次。 來源：.background(Color.accentColor.opacity(0.1), in: RoundedRectangle(cornerRadius: 7))",docs/work-items/v9-frozen-inventory.md,來源色彩用途已分類；Light／Dark／hover 實際畫面待驗收
V9-0369,待共用,原生 .plain 樣式常見於圖標／整列控制；需與對應 Button ID 一起核對角色、28 pt 命中及是否需具名共用 variant。,docs/work-items/v9-frozen-inventory.md,來源 style 已核對；實際 hit-test／Light／Dark 待驗收
V9-0370,合理例外,描述依目前資料或狀態即時組成；不能以固定通用動作文字取代，需核對可讀性及對象。,docs/work-items/v9-frozen-inventory.md,來源描述已分類；VoiceOver／滑鼠提示仍待驗收
V9-0371,已共用,V9.1av 已把原色值來源改讀 SailuneTheme.controlSurface，保留原 shape、opacity 與層級；雙重 regex ID 指向同一色值表達式時共同標記。,docs/work-items/v9.1av-frozen-surfaces.md,21 個現行來源、原色值、無簽章 macOS Debug build 與 git diff --check 通過；Light／Dark／hover 實際畫面待驗收
V9-0372,已共用,V9.1av 相同用途的描邊或淡色卡片背景改讀 SailuneTheme.characterSectionBorder；外層 .background 與內層色值的雙重 regex ID 均對應同一已共用表達式。,docs/work-items/v9.1av-frozen-surfaces.md,原色值／形狀與主機無簽章 Debug build、git diff --check 通過；Light／Dark GUI 待驗收
V9-0373,合理例外,畫面標題、欄位名稱或領域狀態的靜態文字；不是 Button／Menu 操作命令。,docs/work-items/v9-frozen-inventory.md,字面值／重複群已核對；實際文案與輔助描述待畫面驗收
V9-0374,合理例外,數值／日期欄具寬度、數字過濾或格式化契約；不改用一般文字欄位。,docs/work-items/v9-frozen-inventory.md,來源分類已複核；具體 UI／資料驗收待完成
V9-0375,合理例外,畫面標題、欄位名稱或領域狀態的靜態文字；不是 Button／Menu 操作命令。,docs/work-items/v9-frozen-inventory.md,字面值／重複群已核對；實際文案與輔助描述待畫面驗收
V9-0376,合理例外,畫面標題、欄位名稱或領域狀態的靜態文字；不是 Button／Menu 操作命令。,docs/work-items/v9-frozen-inventory.md,字面值／重複群已核對；實際文案與輔助描述待畫面驗收
V9-0377,已共用,V9.1ap 接入 SailuneFormTextField；原 title／Binding、後續字體與事件保持；原顯式圓角樣式由共用元件提供。欄名：季節 (例: 梅雨季),docs/work-items/v9.1ap-five-rounded-fields.md,五個來源與無簽章 macOS Debug build、git diff --check 通過；CJK／首行／focus GUI 待驗收
V9-0378,合理例外,目前固定清單中僅此處使用的領域文案「新增別名」；沒有同功能重複證據，保留具名畫面語境。,docs/work-items/v9-frozen-inventory.md,字面值／重複群已核對；實際文案與輔助描述待畫面驗收
V9-0379,已共用,來源已讀取 SailuneSymbol 語意 key；同功能字形是否一致依集中表與畫面驗收。,docs/work-items/v9-frozen-inventory.md,來源語意已複核；字形與輔助功能畫面驗收待完成
V9-0380,待共用,原生 .borderless 樣式常見於圖標／整列控制；需與對應 Button ID 一起核對角色、28 pt 命中及是否需具名共用 variant。,docs/work-items/v9-frozen-inventory.md,來源 style 已核對；實際 hit-test／Light／Dark 待驗收
V9-0381,待共用,錯誤或結果 alert 候選；需核對同類標題、詳細訊息、確認按鈕與錯誤出口後決定共用呈現外殼。 凍結來源：.alert(,docs/work-items/v9-frozen-inventory.md,來源呈現類型已核對；失敗／取消／GUI 待驗收
V9-0382,合理例外,"原生文字 Button；已使用 SailuneActionCopy 共用標題。保留 macOS 原生控制以承載此處 action；對應 button_style／copy ID 仍獨立審核，位置與實際命中須畫面驗收。凍結來源：Button(SailuneActionCopy.acknowledge, role: .cancel) { deletionErrorMessage = nil }",docs/work-items/v9-frozen-inventory.md,來源確認為文字 Button；位置／鍵盤焦點／實際命中及 Light／Dark 待驗收
V9-0383,已共用,已讀取 SailuneActionCopy 或位於其實作；原中文值由集中資源提供。,docs/work-items/v9-frozen-inventory.md,字面值／重複群已核對；實際文案與輔助描述待畫面驗收
V9-0384,合理例外,"catch 明確設定錯誤呈現／狀態，保留領域提示；此處是領域失敗處理，不宜僅為共用化抽成統一資料 action。來源分支：modelContext.rollback() deletionErrorMessage = ""別名刪除失敗，正文與角色資料均未變更。"" return",docs/work-items/v9-frozen-inventory.md,來源分支已複核；故障注入或 GUI 呈現仍待相關驗收
V9-0385,合理例外,改名或名稱欄具 FocusState、提交或焦點副作用；保留專用輸入直到另有等價具名 variant。,docs/work-items/v9-frozen-inventory.md,來源分類已複核；具體 UI／資料驗收待完成
V9-0386,已共用,來源已引用共用單行／搜尋欄位或位於其實作；原 Binding 與外層行為仍須依畫面核對。,docs/work-items/v9-frozen-inventory.md,來源分類已複核；具體 UI／資料驗收待完成
V9-0387,待共用,"純圖標或 iconOnly 按鈕候選；依凍結位置核對 28 pt 命中、間距、help／accessibility、原 action 及禁用條件。 凍結來源：Button(role: .destructive, action: onDelete) { Image(systemName: SailuneSymbol.delete.systemName) }.buttonStyle(.plain)",docs/work-items/v9-frozen-inventory.md,來源按鈕型態已列；實際命中／鍵盤／Light／Dark 待驗收
V9-0388,已共用,來源已讀取 SailuneSymbol 語意 key；同功能字形是否一致依集中表與畫面驗收。,docs/work-items/v9-frozen-inventory.md,來源語意已複核；字形與輔助功能畫面驗收待完成
V9-0389,待共用,原生 .plain 樣式常見於圖標／整列控制；需與對應 Button ID 一起核對角色、28 pt 命中及是否需具名共用 variant。,docs/work-items/v9-frozen-inventory.md,來源 style 已核對；實際 hit-test／Light／Dark 待驗收
V9-0390,合理例外,"來源以 SwiftUI 原生 Button 的標題參數承載文字或文字加圖標；保留原生角色／焦點／可用狀態，文案與圖標分別由固定 copy／symbol ID 審核，不為此控制另造相同 Button 外殼。來源：Button(ability.name.isEmpty ? ""未命名能力"" : ability.name) {",docs/work-items/v9-frozen-inventory.md,來源原生標題按鈕已核對；位置／實際 hit-test／鍵盤與 Light／Dark 待驗收
V9-0391,合理例外,目前固定清單中僅此處使用的領域文案「連接能力」；沒有同功能重複證據，保留具名畫面語境。,docs/work-items/v9-frozen-inventory.md,字面值／重複群已核對；實際文案與輔助描述待畫面驗收
V9-0392,合理例外,角色能力連結新增圖標；不同於單純連結參照或一般新增。 目前凍結清單沒有同一語意的第二個呼叫點，不為單一用途新增共用 key；若日後出現同義功能另版本再審。,docs/work-items/v9-frozen-inventory.md,來源語意已核對；實際字形／Light／Dark／VoiceOver 待驗收
V9-0393,待共用,原生 .borderless 樣式常見於圖標／整列控制；需與對應 Button ID 一起核對角色、28 pt 命中及是否需具名共用 variant。,docs/work-items/v9-frozen-inventory.md,來源 style 已核對；實際 hit-test／Light／Dark 待驗收
V9-0394,合理例外,"來源以 SwiftUI 原生 Button 的標題參數承載文字或文字加圖標；保留原生角色／焦點／可用狀態，文案與圖標分別由固定 copy／symbol ID 審核，不為此控制另造相同 Button 外殼。來源：Button(ability.name.isEmpty ? ""未命名能力"" : ability.name) { onOpenAbility(ability) }",docs/work-items/v9-frozen-inventory.md,來源原生標題按鈕已核對；位置／實際 hit-test／鍵盤與 Light／Dark 待驗收
V9-0395,合理例外,採 macOS 原生 .link 樣式，保留平台語意；此例外只涵蓋 style，按鈕位置／命中與操作文案仍依對應 Button ID 驗收。,docs/work-items/v9-frozen-inventory.md,來源 style 已核對；實際 hit-test／Light／Dark 待驗收
V9-0396,合理例外,畫面標題、欄位名稱或領域狀態的靜態文字；不是 Button／Menu 操作命令。,docs/work-items/v9-frozen-inventory.md,字面值／重複群已核對；實際文案與輔助描述待畫面驗收
V9-0397,待共用,"純圖標或 iconOnly 按鈕候選；依凍結位置核對 28 pt 命中、間距、help／accessibility、原 action 及禁用條件。 凍結來源：Button(role: .destructive, action: onDelete) { Image(systemName: SailuneSymbol.delete.systemName) }.buttonStyle(.plain)",docs/work-items/v9-frozen-inventory.md,來源按鈕型態已列；實際命中／鍵盤／Light／Dark 待驗收
V9-0398,已共用,來源已讀取 SailuneSymbol 語意 key；同功能字形是否一致依集中表與畫面驗收。,docs/work-items/v9-frozen-inventory.md,來源語意已複核；字形與輔助功能畫面驗收待完成
V9-0399,待共用,原生 .plain 樣式常見於圖標／整列控制；需與對應 Button ID 一起核對角色、28 pt 命中及是否需具名共用 variant。,docs/work-items/v9-frozen-inventory.md,來源 style 已核對；實際 hit-test／Light／Dark 待驗收
V9-0400,合理例外,畫面標題、欄位名稱或領域狀態的靜態文字；不是 Button／Menu 操作命令。,docs/work-items/v9-frozen-inventory.md,字面值／重複群已核對；實際文案與輔助描述待畫面驗收
V9-0401,已共用,"背景引用已命名的 theme／AppTheme 色彩來源；用途與 Light／Dark 對照仍需畫面驗收。 凍結來源：.background(SailuneTheme.subtleSurface, in: RoundedRectangle(cornerRadius: 8))",docs/work-items/v9-frozen-inventory.md,來源色彩用途已分類；Light／Dark 與 hit-testing 待驗收
V9-0402,已共用,"背景引用已命名的 theme／AppTheme 色彩來源；用途與 Light／Dark 對照仍需畫面驗收。 凍結來源：.background(SailuneTheme.subtleSurface, in: RoundedRectangle(cornerRadius: 8))",docs/work-items/v9-frozen-inventory.md,來源色彩用途已分類；Light／Dark 與 hit-testing 待驗收
V9-0403,合理例外,畫面標題、欄位名稱或領域狀態的靜態文字；不是 Button／Menu 操作命令。,docs/work-items/v9-frozen-inventory.md,字面值／重複群已核對；實際文案與輔助描述待畫面驗收
V9-0404,合理例外,畫面標題、欄位名稱或領域狀態的靜態文字；不是 Button／Menu 操作命令。,docs/work-items/v9-frozen-inventory.md,字面值／重複群已核對；實際文案與輔助描述待畫面驗收
V9-0405,待共用,純圖標或 iconOnly 按鈕候選；依凍結位置核對 28 pt 命中、間距、help／accessibility、原 action 及禁用條件。 凍結來源：Button(role: .destructive) { abilityStore.deleteHistory(entry) } label: { Image(systemName: SailuneSymbol.delete.systemName) }.buttonStyle(.plain),docs/work-items/v9-frozen-inventory.md,來源按鈕型態已列；實際命中／鍵盤／Light／Dark 待驗收
V9-0406,已共用,來源已讀取 SailuneSymbol 語意 key；同功能字形是否一致依集中表與畫面驗收。,docs/work-items/v9-frozen-inventory.md,來源語意已複核；字形與輔助功能畫面驗收待完成
V9-0407,待共用,原生 .plain 樣式常見於圖標／整列控制；需與對應 Button ID 一起核對角色、28 pt 命中及是否需具名共用 variant。,docs/work-items/v9-frozen-inventory.md,來源 style 已核對；實際 hit-test／Light／Dark 待驗收
V9-0408,合理例外,"來源以 SwiftUI 原生 Button 的標題參數承載文字或文字加圖標；保留原生角色／焦點／可用狀態，文案與圖標分別由固定 copy／symbol ID 審核，不為此控制另造相同 Button 外殼。來源：Button(""新增時間序"", systemImage: SailuneSymbol.add.systemName) {",docs/work-items/v9-frozen-inventory.md,來源原生標題按鈕已核對；位置／實際 hit-test／鍵盤與 Light／Dark 待驗收
V9-0409,合理例外,目前固定清單中僅此處使用的領域文案「新增時間序」；沒有同功能重複證據，保留具名畫面語境。,docs/work-items/v9-frozen-inventory.md,字面值／重複群已核對；實際文案與輔助描述待畫面驗收
V9-0410,已共用,來源已讀取 SailuneSymbol 語意 key；同功能字形是否一致依集中表與畫面驗收。,docs/work-items/v9-frozen-inventory.md,來源語意已複核；字形與輔助功能畫面驗收待完成
V9-0411,待共用,原生 .borderless 樣式常見於圖標／整列控制；需與對應 Button ID 一起核對角色、28 pt 命中及是否需具名共用 variant。,docs/work-items/v9-frozen-inventory.md,來源 style 已核對；實際 hit-test／Light／Dark 待驗收
V9-0412,合理例外,目前固定清單中僅此處使用的領域文案「新增外觀」；沒有同功能重複證據，保留具名畫面語境。,docs/work-items/v9-frozen-inventory.md,字面值／重複群已核對；實際文案與輔助描述待畫面驗收
V9-0413,合理例外,"原生文字 Button；領域字面標題另由 copy 家族核對是否同功能。保留 macOS 原生控制以承載此處 action；對應 button_style／copy ID 仍獨立審核，位置與實際命中須畫面驗收。凍結來源：Button(""服裝"") { add(.outfit) }",docs/work-items/v9-frozen-inventory.md,來源確認為文字 Button；位置／鍵盤焦點／實際命中及 Light／Dark 待驗收
V9-0414,合理例外,目前固定清單中僅此處使用的領域文案「服裝」；沒有同功能重複證據，保留具名畫面語境。,docs/work-items/v9-frozen-inventory.md,字面值／重複群已核對；實際文案與輔助描述待畫面驗收
V9-0415,合理例外,"原生文字 Button；領域字面標題另由 copy 家族核對是否同功能。保留 macOS 原生控制以承載此處 action；對應 button_style／copy ID 仍獨立審核，位置與實際命中須畫面驗收。凍結來源：Button(""身體特徵"") { add(.bodyFeature) }",docs/work-items/v9-frozen-inventory.md,來源確認為文字 Button；位置／鍵盤焦點／實際命中及 Light／Dark 待驗收
V9-0416,合理例外,目前固定清單中僅此處使用的領域文案「身體特徵」；沒有同功能重複證據，保留具名畫面語境。,docs/work-items/v9-frozen-inventory.md,字面值／重複群已核對；實際文案與輔助描述待畫面驗收
V9-0417,合理例外,畫面標題、欄位名稱或領域狀態的靜態文字；不是 Button／Menu 操作命令。,docs/work-items/v9-frozen-inventory.md,字面值／重複群已核對；實際文案與輔助描述待畫面驗收
V9-0418,合理例外,畫面標題、欄位名稱或領域狀態的靜態文字；不是 Button／Menu 操作命令。,docs/work-items/v9-frozen-inventory.md,字面值／重複群已核對；實際文案與輔助描述待畫面驗收
V9-0419,已共用,直接使用或定義 SailuneIconButton；28 pt 命中、位置及資料 action 仍需畫面驗收。 凍結來源：SailuneIconButton(,docs/work-items/v9-frozen-inventory.md,來源按鈕型態已列；實際命中／鍵盤／Light／Dark 待驗收
V9-0420,已共用,已讀取 SailuneActionCopy 或位於其實作；原中文值由集中資源提供。,docs/work-items/v9-frozen-inventory.md,字面值／重複群已核對；實際文案與輔助描述待畫面驗收
V9-0421,合理例外,畫面標題、欄位名稱或領域狀態的靜態文字；不是 Button／Menu 操作命令。,docs/work-items/v9-frozen-inventory.md,字面值／重複群已核對；實際文案與輔助描述待畫面驗收
V9-0422,已共用,已接入共用 InsetTextEditor，原 Binding 與最小高度保留；仍需代表畫面驗收首行、焦點和組字。,docs/work-items/v9.1x-field-first-line-inset-audit.md,待實際 UI 驗收
V9-0423,已共用,來源已引用共用單行／搜尋欄位或位於其實作；原 Binding 與外層行為仍須依畫面核對。,docs/work-items/v9-frozen-inventory.md,來源分類已複核；具體 UI／資料驗收待完成
V9-0424,合理例外,畫面標題、欄位名稱或領域狀態的靜態文字；不是 Button／Menu 操作命令。,docs/work-items/v9-frozen-inventory.md,字面值／重複群已核對；實際文案與輔助描述待畫面驗收
V9-0425,合理例外,目前固定清單中僅此處使用的領域文案「新增心理資料」；沒有同功能重複證據，保留具名畫面語境。,docs/work-items/v9-frozen-inventory.md,字面值／重複群已核對；實際文案與輔助描述待畫面驗收
V9-0426,合理例外,"原生文字 Button；領域字面標題另由 copy 家族核對是否同功能。保留 macOS 原生控制以承載此處 action；對應 button_style／copy ID 仍獨立審核，位置與實際命中須畫面驗收。凍結來源：Button(""性格"") { add(.personality) }",docs/work-items/v9-frozen-inventory.md,來源確認為文字 Button；位置／鍵盤焦點／實際命中及 Light／Dark 待驗收
V9-0427,合理例外,目前固定清單中僅此處使用的領域文案「性格」；沒有同功能重複證據，保留具名畫面語境。,docs/work-items/v9-frozen-inventory.md,字面值／重複群已核對；實際文案與輔助描述待畫面驗收
V9-0428,合理例外,"原生文字 Button；領域字面標題另由 copy 家族核對是否同功能。保留 macOS 原生控制以承載此處 action；對應 button_style／copy ID 仍獨立審核，位置與實際命中須畫面驗收。凍結來源：Button(""價值觀"") { add(.value) }",docs/work-items/v9-frozen-inventory.md,來源確認為文字 Button；位置／鍵盤焦點／實際命中及 Light／Dark 待驗收
V9-0429,合理例外,目前固定清單中僅此處使用的領域文案「價值觀」；沒有同功能重複證據，保留具名畫面語境。,docs/work-items/v9-frozen-inventory.md,字面值／重複群已核對；實際文案與輔助描述待畫面驗收
V9-0430,合理例外,"原生文字 Button；領域字面標題另由 copy 家族核對是否同功能。保留 macOS 原生控制以承載此處 action；對應 button_style／copy ID 仍獨立審核，位置與實際命中須畫面驗收。凍結來源：Button(""動機"") { add(.motivation) }",docs/work-items/v9-frozen-inventory.md,來源確認為文字 Button；位置／鍵盤焦點／實際命中及 Light／Dark 待驗收
V9-0431,合理例外,目前固定清單中僅此處使用的領域文案「動機」；沒有同功能重複證據，保留具名畫面語境。,docs/work-items/v9-frozen-inventory.md,字面值／重複群已核對；實際文案與輔助描述待畫面驗收
V9-0432,合理例外,畫面標題、欄位名稱或領域狀態的靜態文字；不是 Button／Menu 操作命令。,docs/work-items/v9-frozen-inventory.md,字面值／重複群已核對；實際文案與輔助描述待畫面驗收
V9-0433,合理例外,畫面標題、欄位名稱或領域狀態的靜態文字；不是 Button／Menu 操作命令。,docs/work-items/v9-frozen-inventory.md,字面值／重複群已核對；實際文案與輔助描述待畫面驗收
V9-0434,合理例外,畫面標題、欄位名稱或領域狀態的靜態文字；不是 Button／Menu 操作命令。,docs/work-items/v9-frozen-inventory.md,字面值／重複群已核對；實際文案與輔助描述待畫面驗收
V9-0435,待共用,"純圖標或 iconOnly 按鈕候選；依凍結位置核對 28 pt 命中、間距、help／accessibility、原 action 及禁用條件。 凍結來源：Button(role: .destructive, action: onDelete) {",docs/work-items/v9-frozen-inventory.md,來源按鈕型態已列；實際命中／鍵盤／Light／Dark 待驗收
V9-0436,合理例外,目前固定清單中僅此處使用的領域文案「刪除心理資料」；沒有同功能重複證據，保留具名畫面語境。,docs/work-items/v9-frozen-inventory.md,字面值／重複群已核對；實際文案與輔助描述待畫面驗收
V9-0437,已共用,來源已讀取 SailuneSymbol 語意 key；同功能字形是否一致依集中表與畫面驗收。,docs/work-items/v9-frozen-inventory.md,來源語意已複核；字形與輔助功能畫面驗收待完成
V9-0438,待共用,原生 .plain 樣式常見於圖標／整列控制；需與對應 Button ID 一起核對角色、28 pt 命中及是否需具名共用 variant。,docs/work-items/v9-frozen-inventory.md,來源 style 已核對；實際 hit-test／Light／Dark 待驗收
V9-0439,待共用,直接提示／輔助文字；需按固定 ID 核對操作對象、狀態、同功能用詞及是否缺少另一種描述。,docs/work-items/v9-frozen-inventory.md,來源描述已分類；VoiceOver／滑鼠提示仍待驗收
V9-0440,已共用,來源已引用共用單行／搜尋欄位或位於其實作；原 Binding 與外層行為仍須依畫面核對。,docs/work-items/v9-frozen-inventory.md,來源分類已複核；具體 UI／資料驗收待完成
V9-0441,合理例外,畫面標題、欄位名稱或領域狀態的靜態文字；不是 Button／Menu 操作命令。,docs/work-items/v9-frozen-inventory.md,字面值／重複群已核對；實際文案與輔助描述待畫面驗收
V9-0442,已共用,"背景引用已命名的 theme／AppTheme 色彩來源；用途與 Light／Dark 對照仍需畫面驗收。 凍結來源：.background(SailuneTheme.subtleSurface, in: RoundedRectangle(cornerRadius: 8, style: .continuous))",docs/work-items/v9-frozen-inventory.md,來源色彩用途已分類；Light／Dark 與 hit-testing 待驗收
V9-0443,已共用,"背景引用已命名的 theme／AppTheme 色彩來源；用途與 Light／Dark 對照仍需畫面驗收。 凍結來源：.background(SailuneTheme.subtleSurface, in: RoundedRectangle(cornerRadius: 8, style: .continuous))",docs/work-items/v9-frozen-inventory.md,來源色彩用途已分類；Light／Dark 與 hit-testing 待驗收
V9-0444,合理例外,畫面標題、欄位名稱或領域狀態的靜態文字；不是 Button／Menu 操作命令。,docs/work-items/v9-frozen-inventory.md,字面值／重複群已核對；實際文案與輔助描述待畫面驗收
V9-0445,合理例外,畫面標題、欄位名稱或領域狀態的靜態文字；不是 Button／Menu 操作命令。,docs/work-items/v9-frozen-inventory.md,字面值／重複群已核對；實際文案與輔助描述待畫面驗收
V9-0446,已共用,來源已讀取 SailuneSymbol 語意 key；同功能字形是否一致依集中表與畫面驗收。,docs/work-items/v9-frozen-inventory.md,來源語意已複核；字形與輔助功能畫面驗收待完成
V9-0447,待共用,原生 .plain 樣式常見於圖標／整列控制；需與對應 Button ID 一起核對角色、28 pt 命中及是否需具名共用 variant。,docs/work-items/v9-frozen-inventory.md,來源 style 已核對；實際 hit-test／Light／Dark 待驗收
V9-0448,待共用,直接提示／輔助文字；需按固定 ID 核對操作對象、狀態、同功能用詞及是否缺少另一種描述。,docs/work-items/v9-frozen-inventory.md,來源描述已分類；VoiceOver／滑鼠提示仍待驗收
V9-0449,待共用,"純圖標或 iconOnly 按鈕候選；依凍結位置核對 28 pt 命中、間距、help／accessibility、原 action 及禁用條件。 凍結來源：Button(role: .destructive, action: onRemoveHolder) {",docs/work-items/v9-frozen-inventory.md,來源按鈕型態已列；實際命中／鍵盤／Light／Dark 待驗收
V9-0450,已共用,來源已讀取 SailuneSymbol 語意 key；同功能字形是否一致依集中表與畫面驗收。,docs/work-items/v9-frozen-inventory.md,來源語意已複核；字形與輔助功能畫面驗收待完成
V9-0451,待共用,原生 .plain 樣式常見於圖標／整列控制；需與對應 Button ID 一起核對角色、28 pt 命中及是否需具名共用 variant。,docs/work-items/v9-frozen-inventory.md,來源 style 已核對；實際 hit-test／Light／Dark 待驗收
V9-0452,已共用,持有人移除 help 改用 SailuneActionCopy.removeHolder；文案與同一刪除 action 的標籤來源統一。,docs/work-items/v9.1ax-repeated-accessibility-copy.md,既有 ActionCopy 接線；最近一次 Debug build 尚未完成，待驗證
V9-0453,合理例外,畫面標題、欄位名稱或領域狀態的靜態文字；不是 Button／Menu 操作命令。,docs/work-items/v9-frozen-inventory.md,字面值／重複群已核對；實際文案與輔助描述待畫面驗收
V9-0454,合理例外,畫面標題、欄位名稱或領域狀態的靜態文字；不是 Button／Menu 操作命令。,docs/work-items/v9-frozen-inventory.md,字面值／重複群已核對；實際文案與輔助描述待畫面驗收
V9-0455,合理例外,"原生文字 Button；領域字面標題另由 copy 家族核對是否同功能。保留 macOS 原生控制以承載此處 action；對應 button_style／copy ID 仍獨立審核，位置與實際命中須畫面驗收。凍結來源：Button(""新增關係"", action: addRelationship).disabled(selectedTargetID == nil)",docs/work-items/v9-frozen-inventory.md,來源確認為文字 Button；位置／鍵盤焦點／實際命中及 Light／Dark 待驗收
V9-0456,已共用,"V9.1ao 已依凍結 ID 將原操作標題接至 SailuneActionCopy，原繁體中文值、closure、role、style 及圖標不變；現行來源：Button(SailuneActionCopy.addRelationship, action: addRelationship).disabled(selectedTargetID == nil)",docs/work-items/v9.1ao-repeated-action-copy.md,65 個固定 ID 靜態核對、String Catalog JSON 及主機無簽章 Debug build 通過；GUI／VoiceOver 待驗收
V9-0457,已共用,來源已引用共用單行／搜尋欄位或位於其實作；原 Binding 與外層行為仍須依畫面核對。,docs/work-items/v9-frozen-inventory.md,來源分類已複核；具體 UI／資料驗收待完成
V9-0458,已共用,來源已引用共用單行／搜尋欄位或位於其實作；原 Binding 與外層行為仍須依畫面核對。,docs/work-items/v9-frozen-inventory.md,來源分類已複核；具體 UI／資料驗收待完成
V9-0459,待共用,"純圖標或 iconOnly 按鈕候選；依凍結位置核對 28 pt 命中、間距、help／accessibility、原 action 及禁用條件。 凍結來源：Button(role: .destructive, action: onDelete) { Image(systemName: SailuneSymbol.delete.systemName) }.buttonStyle(.plain)",docs/work-items/v9-frozen-inventory.md,來源按鈕型態已列；實際命中／鍵盤／Light／Dark 待驗收
V9-0460,已共用,來源已讀取 SailuneSymbol 語意 key；同功能字形是否一致依集中表與畫面驗收。,docs/work-items/v9-frozen-inventory.md,來源語意已複核；字形與輔助功能畫面驗收待完成
V9-0461,待共用,原生 .plain 樣式常見於圖標／整列控制；需與對應 Button ID 一起核對角色、28 pt 命中及是否需具名共用 variant。,docs/work-items/v9-frozen-inventory.md,來源 style 已核對；實際 hit-test／Light／Dark 待驗收
V9-0462,待共用,原生文字或選單動作按鈕；依來源行中的具名操作核對角色、同功能文案、位置與命中。 凍結來源：Button(action: addEvent) {,docs/work-items/v9-frozen-inventory.md,來源按鈕型態已列；實際命中／鍵盤／Light／Dark 待驗收
V9-0463,已共用,"V9.1ao 已依凍結 ID 將原操作標題接至 SailuneActionCopy，原繁體中文值、closure、role、style 及圖標不變；現行來源：Label(SailuneActionCopy.addEvent, systemImage: SailuneSymbol.add.systemName)",docs/work-items/v9.1ao-repeated-action-copy.md,65 個固定 ID 靜態核對、String Catalog JSON 及主機無簽章 Debug build 通過；GUI／VoiceOver 待驗收
V9-0464,已共用,來源已讀取 SailuneSymbol 語意 key；同功能字形是否一致依集中表與畫面驗收。,docs/work-items/v9-frozen-inventory.md,來源語意已複核；字形與輔助功能畫面驗收待完成
V9-0465,待共用,原生 .borderless 樣式常見於圖標／整列控制；需與對應 Button ID 一起核對角色、28 pt 命中及是否需具名共用 variant。,docs/work-items/v9-frozen-inventory.md,來源 style 已核對；實際 hit-test／Light／Dark 待驗收
V9-0466,合理例外,"領域錯誤／結果標題與狀態綁定由原畫面提供，確認按鈕已讀取 SailuneActionCopy.acknowledge，系統 .alert 提供共同呈現；保留領域內容與原 action。凍結來源：.alert(""無法刪除事件"", isPresented: Binding(",docs/work-items/v9-frozen-inventory.md,來源確認共用確認文案；實際錯誤呈現與鍵盤／VoiceOver 待驗收
V9-0467,合理例外,原生文字 Button；已使用 SailuneActionCopy 共用標題。保留 macOS 原生控制以承載此處 action；對應 button_style／copy ID 仍獨立審核，位置與實際命中須畫面驗收。凍結來源：)) { Button(SailuneActionCopy.acknowledge) { deletionErrorMessage = nil } } message: {,docs/work-items/v9-frozen-inventory.md,來源確認為文字 Button；位置／鍵盤焦點／實際命中及 Light／Dark 待驗收
V9-0468,已共用,已讀取 SailuneActionCopy 或位於其實作；原中文值由集中資源提供。,docs/work-items/v9-frozen-inventory.md,字面值／重複群已核對；實際文案與輔助描述待畫面驗收
V9-0469,合理例外,"catch 明確設定錯誤呈現／狀態，保留領域提示；此處是領域失敗處理，不宜僅為共用化抽成統一資料 action。來源分支：modelContext.rollback() deletionErrorMessage = ""事件未刪除。\n\n\(error.localizedDescription)""",docs/work-items/v9-frozen-inventory.md,來源分支已複核；故障注入或 GUI 呈現仍待相關驗收
V9-0470,已共用,來源已引用共用單行／搜尋欄位或位於其實作；原 Binding 與外層行為仍須依畫面核對。,docs/work-items/v9-frozen-inventory.md,來源分類已複核；具體 UI／資料驗收待完成
V9-0471,待共用,"純圖標或 iconOnly 按鈕候選；依凍結位置核對 28 pt 命中、間距、help／accessibility、原 action 及禁用條件。 凍結來源：Button(role: .destructive, action: onDelete) {",docs/work-items/v9-frozen-inventory.md,來源按鈕型態已列；實際命中／鍵盤／Light／Dark 待驗收
V9-0472,已共用,來源已讀取 SailuneSymbol 語意 key；同功能字形是否一致依集中表與畫面驗收。,docs/work-items/v9-frozen-inventory.md,來源語意已複核；字形與輔助功能畫面驗收待完成
V9-0473,待共用,原生 .plain 樣式常見於圖標／整列控制；需與對應 Button ID 一起核對角色、28 pt 命中及是否需具名共用 variant。,docs/work-items/v9-frozen-inventory.md,來源 style 已核對；實際 hit-test／Light／Dark 待驗收
V9-0474,合理例外,使用 axis: .vertical 或多行 lineLimit，具有與單行表單不同的高度、換行及輸入契約；保留原生多行 TextField。,docs/work-items/v9-frozen-inventory.md,來源分類已複核；具體 UI／資料驗收待完成
V9-0475,合理例外,"來源以 SwiftUI 原生 Button 的標題參數承載文字或文字加圖標；保留原生角色／焦點／可用狀態，文案與圖標分別由固定 copy／symbol ID 審核，不為此控制另造相同 Button 外殼。來源：Button(candidate.realName.isEmpty ? ""未命名角色"" : candidate.realName) {",docs/work-items/v9-frozen-inventory.md,來源原生標題按鈕已核對；位置／實際 hit-test／鍵盤與 Light／Dark 待驗收
V9-0476,合理例外,角色新增的專用人物加號；不同於一般加號及新增副本。 目前凍結清單沒有同一語意的第二個呼叫點，不為單一用途新增共用 key；若日後出現同義功能另版本再審。,docs/work-items/v9-frozen-inventory.md,來源語意已核對；實際字形／Light／Dark／VoiceOver 待驗收
V9-0477,已共用,來源已讀取 SailuneSymbol 語意 key；同功能字形是否一致依集中表與畫面驗收。,docs/work-items/v9-frozen-inventory.md,來源語意已複核；字形與輔助功能畫面驗收待完成
V9-0478,待共用,原生 .borderless 樣式常見於圖標／整列控制；需與對應 Button ID 一起核對角色、28 pt 命中及是否需具名共用 variant。,docs/work-items/v9-frozen-inventory.md,來源 style 已核對；實際 hit-test／Light／Dark 待驗收
V9-0479,已共用,"背景引用已命名的 theme／AppTheme 色彩來源；用途與 Light／Dark 對照仍需畫面驗收。 凍結來源：.background(SailuneTheme.subtleSurface, in: RoundedRectangle(cornerRadius: 8))",docs/work-items/v9-frozen-inventory.md,來源色彩用途已分類；Light／Dark 與 hit-testing 待驗收
V9-0480,已共用,"背景引用已命名的 theme／AppTheme 色彩來源；用途與 Light／Dark 對照仍需畫面驗收。 凍結來源：.background(SailuneTheme.subtleSurface, in: RoundedRectangle(cornerRadius: 8))",docs/work-items/v9-frozen-inventory.md,來源色彩用途已分類；Light／Dark 與 hit-testing 待驗收
V9-0481,合理例外,角色事件投影的漸層、可見性圓點及 hover 表面各由狀態控制，不可併為靜態卡片色。 來源：.background(,docs/work-items/v9-frozen-inventory.md,來源色彩用途已分類；Light／Dark／hover 實際畫面待驗收
V9-0482,合理例外,畫面標題、欄位名稱或領域狀態的靜態文字；不是 Button／Menu 操作命令。,docs/work-items/v9-frozen-inventory.md,字面值／重複群已核對；實際文案與輔助描述待畫面驗收
V9-0483,合理例外,此處表示領域資料類型、靜態狀態或專用空狀態；未證實是跨畫面的相同操作，保留具名語境而不與同字形操作混用。,docs/work-items/v9-frozen-inventory.md,來源語意已複核；字形與輔助功能畫面驗收待完成
V9-0484,合理例外,畫面標題、欄位名稱或領域狀態的靜態文字；不是 Button／Menu 操作命令。,docs/work-items/v9-frozen-inventory.md,字面值／重複群已核對；實際文案與輔助描述待畫面驗收
V9-0485,合理例外,畫面標題、欄位名稱或領域狀態的靜態文字；不是 Button／Menu 操作命令。,docs/work-items/v9-frozen-inventory.md,字面值／重複群已核對；實際文案與輔助描述待畫面驗收
V9-0486,合理例外,畫面標題、欄位名稱或領域狀態的靜態文字；不是 Button／Menu 操作命令。,docs/work-items/v9-frozen-inventory.md,字面值／重複群已核對；實際文案與輔助描述待畫面驗收
V9-0487,合理例外,領域 catch 在同一來源行明確顯示錯誤、拋出具名錯誤或 private 記錄；其資料結果依原領域契約保留，沒有共用 catch 外殼的必要。原語句：catch { modelContext.rollback(); saveErrorMessage = error.localizedDescription },docs/work-items/v9-frozen-inventory.md,來源已見明確錯誤出口；故障注入與 GUI 呈現尚待驗收
V9-0488,合理例外,角色事件投影的漸層、可見性圓點及 hover 表面各由狀態控制，不可併為靜態卡片色。 來源：.fill(event.isVisible ? Color.accentColor : Color.secondary.opacity(0.15)),docs/work-items/v9-frozen-inventory.md,來源色彩用途已分類；Light／Dark／hover 實際畫面待驗收
V9-0489,合理例外,"透明或幾何量測層，非可見表面色；不混入背景色 token。 凍結來源：event.isVisible ? Color.clear : Color.secondary.opacity(0.4),",docs/work-items/v9-frozen-inventory.md,來源色彩用途已分類；Light／Dark 與 hit-testing 待驗收
V9-0490,待共用,原生 .plain 樣式常見於圖標／整列控制；需與對應 Button ID 一起核對角色、28 pt 命中及是否需具名共用 variant。,docs/work-items/v9-frozen-inventory.md,來源 style 已核對；實際 hit-test／Light／Dark 待驗收
V9-0491,已共用,V9.1ax 固定重複描述「顯示於主時間軸」已接 SailuneActionCopy 或 SailuneAccessibilityCopy 單一來源；原文字逐字相同。,docs/work-items/v9.1ax-repeated-accessibility-copy.md,String Catalog JSON 與主機無簽章 Debug build 通過；hover／VoiceOver 待驗收
V9-0492,合理例外,角色事件投影的漸層、可見性圓點及 hover 表面各由狀態控制，不可併為靜態卡片色。 來源：.background(,docs/work-items/v9-frozen-inventory.md,來源色彩用途已分類；Light／Dark／hover 實際畫面待驗收
V9-0493,合理例外,"領域錯誤／結果標題與狀態綁定由原畫面提供，確認按鈕已讀取 SailuneActionCopy.acknowledge，系統 .alert 提供共同呈現；保留領域內容與原 action。凍結來源：.alert(""事件顯示狀態無法儲存"", isPresented: Binding(",docs/work-items/v9-frozen-inventory.md,來源確認共用確認文案；實際錯誤呈現與鍵盤／VoiceOver 待驗收
V9-0494,合理例外,原生文字 Button；已使用 SailuneActionCopy 共用標題。保留 macOS 原生控制以承載此處 action；對應 button_style／copy ID 仍獨立審核，位置與實際命中須畫面驗收。凍結來源：)) { Button(SailuneActionCopy.acknowledge) { saveErrorMessage = nil } } message: {,docs/work-items/v9-frozen-inventory.md,來源確認為文字 Button；位置／鍵盤焦點／實際命中及 Light／Dark 待驗收
V9-0495,已共用,已讀取 SailuneActionCopy 或位於其實作；原中文值由集中資源提供。,docs/work-items/v9-frozen-inventory.md,字面值／重複群已核對；實際文案與輔助描述待畫面驗收
V9-0496,已共用,V9.1av 已把原色值來源改讀 SailuneTheme.windowSurface，保留原 shape、opacity 與層級；雙重 regex ID 指向同一色值表達式時共同標記。,docs/work-items/v9.1av-frozen-surfaces.md,21 個現行來源、原色值、無簽章 macOS Debug build 與 git diff --check 通過；Light／Dark／hover 實際畫面待驗收
V9-0497,已共用,V9.1av 已把原色值來源改讀 SailuneTheme.windowSurface，保留原 shape、opacity 與層級；雙重 regex ID 指向同一色值表達式時共同標記。,docs/work-items/v9.1av-frozen-surfaces.md,21 個現行來源、原色值、無簽章 macOS Debug build 與 git diff --check 通過；Light／Dark／hover 實際畫面待驗收
V9-0498,已共用,V9.1av 已把原色值來源改讀 SailuneTheme.windowSurface，保留原 shape、opacity 與層級；雙重 regex ID 指向同一色值表達式時共同標記。,docs/work-items/v9.1av-frozen-surfaces.md,21 個現行來源、原色值、無簽章 macOS Debug build 與 git diff --check 通過；Light／Dark／hover 實際畫面待驗收
V9-0499,合理例外,目前固定清單中僅此處使用的領域文案「書櫃還沒有小說」；沒有同功能重複證據，保留具名畫面語境。,docs/work-items/v9-frozen-inventory.md,字面值／重複群已核對；實際文案與輔助描述待畫面驗收
V9-0500,合理例外,此處表示領域資料類型、靜態狀態或專用空狀態；未證實是跨畫面的相同操作，保留具名語境而不與同字形操作混用。,docs/work-items/v9-frozen-inventory.md,來源語意已複核；字形與輔助功能畫面驗收待完成
V9-0501,合理例外,畫面標題、欄位名稱或領域狀態的靜態文字；不是 Button／Menu 操作命令。,docs/work-items/v9-frozen-inventory.md,字面值／重複群已核對；實際文案與輔助描述待畫面驗收
V9-0502,合理例外,"來源以 SwiftUI 原生 Button 的標題參數承載文字或文字加圖標；保留原生角色／焦點／可用狀態，文案與圖標分別由固定 copy／symbol ID 審核，不為此控制另造相同 Button 外殼。來源：Button(""建立第一本小說"", systemImage: SailuneSymbol.add.systemName) { showingNewBookSheet = true }",docs/work-items/v9-frozen-inventory.md,來源原生標題按鈕已核對；位置／實際 hit-test／鍵盤與 Light／Dark 待驗收
V9-0503,合理例外,目前固定清單中僅此處使用的領域文案「建立第一本小說」；沒有同功能重複證據，保留具名畫面語境。,docs/work-items/v9-frozen-inventory.md,字面值／重複群已核對；實際文案與輔助描述待畫面驗收
V9-0504,已共用,來源已讀取 SailuneSymbol 語意 key；同功能字形是否一致依集中表與畫面驗收。,docs/work-items/v9-frozen-inventory.md,來源語意已複核；字形與輔助功能畫面驗收待完成
V9-0505,合理例外,採 macOS 原生 .borderedProminent 樣式，保留平台語意；此例外只涵蓋 style，按鈕位置／命中與操作文案仍依對應 Button ID 驗收。,docs/work-items/v9-frozen-inventory.md,來源 style 已核對；實際 hit-test／Light／Dark 待驗收
V9-0506,已共用,來源已讀取 SailuneSymbol 語意 key；同功能字形是否一致依集中表與畫面驗收。,docs/work-items/v9-frozen-inventory.md,來源語意已複核；字形與輔助功能畫面驗收待完成
V9-0507,合理例外,畫面標題、欄位名稱或領域狀態的靜態文字；不是 Button／Menu 操作命令。,docs/work-items/v9-frozen-inventory.md,字面值／重複群已核對；實際文案與輔助描述待畫面驗收
V9-0508,待共用,原生 .plain 樣式常見於圖標／整列控制；需與對應 Button ID 一起核對角色、28 pt 命中及是否需具名共用 variant。,docs/work-items/v9-frozen-inventory.md,來源 style 已核對；實際 hit-test／Light／Dark 待驗收
V9-0509,合理例外,書卡 contextMenu 的原生破壞性 Label 選項；共用文案／符號已接，選單命中交由系統。 詳見 docs/v9-freeze/review-button-contexts.md。,docs/work-items/v9-frozen-inventory.md,來源契約複核；實際命中／鍵盤／Light／Dark 待驗收
V9-0510,已共用,已讀取 SailuneActionCopy 或位於其實作；原中文值由集中資源提供。,docs/work-items/v9-frozen-inventory.md,字面值／重複群已核對；實際文案與輔助描述待畫面驗收
V9-0511,已共用,來源已讀取 SailuneSymbol 語意 key；同功能字形是否一致依集中表與畫面驗收。,docs/work-items/v9-frozen-inventory.md,來源語意已複核；字形與輔助功能畫面驗收待完成
V9-0512,合理例外,"catch 明確設定錯誤呈現／狀態，保留領域提示；此處是領域失敗處理，不宜僅為共用化抽成統一資料 action。來源分支：bookDeletionError = ""無法刪除《\(request.title)》，內容仍完整保留。\n\n\(error.localizedDescription)""",docs/work-items/v9-frozen-inventory.md,來源分支已複核；故障注入或 GUI 呈現仍待相關驗收
V9-0513,已共用,來源已讀取 SailuneSymbol 語意 key；同功能字形是否一致依集中表與畫面驗收。,docs/work-items/v9-frozen-inventory.md,來源語意已複核；字形與輔助功能畫面驗收待完成
V9-0514,已共用,來源已讀取 SailuneSymbol 語意 key；同功能字形是否一致依集中表與畫面驗收。,docs/work-items/v9-frozen-inventory.md,來源語意已複核；字形與輔助功能畫面驗收待完成
V9-0515,合理例外,畫面標題、欄位名稱或領域狀態的靜態文字；不是 Button／Menu 操作命令。,docs/work-items/v9-frozen-inventory.md,字面值／重複群已核對；實際文案與輔助描述待畫面驗收
V9-0516,合理例外,畫面標題、欄位名稱或領域狀態的靜態文字；不是 Button／Menu 操作命令。,docs/work-items/v9-frozen-inventory.md,字面值／重複群已核對；實際文案與輔助描述待畫面驗收
V9-0517,合理例外,畫面標題、欄位名稱或領域狀態的靜態文字；不是 Button／Menu 操作命令。,docs/work-items/v9-frozen-inventory.md,字面值／重複群已核對；實際文案與輔助描述待畫面驗收
V9-0518,合理例外,畫面標題、欄位名稱或領域狀態的靜態文字；不是 Button／Menu 操作命令。,docs/work-items/v9-frozen-inventory.md,字面值／重複群已核對；實際文案與輔助描述待畫面驗收
V9-0519,合理例外,畫面標題、欄位名稱或領域狀態的靜態文字；不是 Button／Menu 操作命令。,docs/work-items/v9-frozen-inventory.md,字面值／重複群已核對；實際文案與輔助描述待畫面驗收
V9-0520,待共用,原生 .plain 樣式常見於圖標／整列控制；需與對應 Button ID 一起核對角色、28 pt 命中及是否需具名共用 variant。,docs/work-items/v9-frozen-inventory.md,來源 style 已核對；實際 hit-test／Light／Dark 待驗收
V9-0521,合理例外,"首頁帳號操作列的獨立卡片底色；同一表達式產生兩個 regex ID。 來源：.background(Color.secondary.opacity(0.08), in: RoundedRectangle(cornerRadius: 8, style: .continuous))",docs/work-items/v9-frozen-inventory.md,來源色彩用途已分類；Light／Dark／hover 實際畫面待驗收
V9-0522,合理例外,"首頁帳號操作列的獨立卡片底色；同一表達式產生兩個 regex ID。 來源：.background(Color.secondary.opacity(0.08), in: RoundedRectangle(cornerRadius: 8, style: .continuous))",docs/work-items/v9-frozen-inventory.md,來源色彩用途已分類；Light／Dark／hover 實際畫面待驗收
V9-0523,已共用,V9.1av 已把原色值來源改讀 SailuneTheme.controlSurface，保留原 shape、opacity 與層級；雙重 regex ID 指向同一色值表達式時共同標記。,docs/work-items/v9.1av-frozen-surfaces.md,21 個現行來源、原色值、無簽章 macOS Debug build 與 git diff --check 通過；Light／Dark／hover 實際畫面待驗收
V9-0524,待共用,原生 .plain 樣式常見於圖標／整列控制；需與對應 Button ID 一起核對角色、28 pt 命中及是否需具名共用 variant。,docs/work-items/v9-frozen-inventory.md,來源 style 已核對；實際 hit-test／Light／Dark 待驗收
V9-0525,合理例外,描述依目前資料或狀態即時組成；不能以固定通用動作文字取代，需核對可讀性及對象。,docs/work-items/v9-frozen-inventory.md,來源描述已分類；VoiceOver／滑鼠提示仍待驗收
V9-0526,合理例外,帳號入口的單人頭像；不同於關聯角色選取。 目前凍結清單沒有同一語意的第二個呼叫點，不為單一用途新增共用 key；若日後出現同義功能另版本再審。,docs/work-items/v9-frozen-inventory.md,來源語意已核對；實際字形／Light／Dark／VoiceOver 待驗收
V9-0527,合理例外,目前固定清單中僅此處使用的領域文案「方案」；沒有同功能重複證據，保留具名畫面語境。,docs/work-items/v9-frozen-inventory.md,字面值／重複群已核對；實際文案與輔助描述待畫面驗收
V9-0528,合理例外,此處表示領域資料類型、靜態狀態或專用空狀態；未證實是跨畫面的相同操作，保留具名語境而不與同字形操作混用。,docs/work-items/v9-frozen-inventory.md,來源語意已複核；字形與輔助功能畫面驗收待完成
V9-0529,已共用,來源已讀取 SailuneSymbol 語意 key；同功能字形是否一致依集中表與畫面驗收。,docs/work-items/v9-frozen-inventory.md,來源語意已複核；字形與輔助功能畫面驗收待完成
V9-0530,合理例外,切換帳號的多人圖標；字形雖與關聯角色相同，但帳號動作與資料對象不同。 目前凍結清單沒有同一語意的第二個呼叫點，不為單一用途新增共用 key；若日後出現同義功能另版本再審。,docs/work-items/v9-frozen-inventory.md,來源語意已核對；實際字形／Light／Dark／VoiceOver 待驗收
V9-0531,待共用,破壞性按鈕；需核對與主要動作的距離、確認／取消語意及是否只共用呈現外殼。 凍結來源：Button(role: .destructive) { } label: {,docs/work-items/v9-frozen-inventory.md,來源按鈕型態已列；實際命中／鍵盤／Light／Dark 待驗收
V9-0532,合理例外,目前固定清單中僅此處使用的領域文案「退出登入」；沒有同功能重複證據，保留具名畫面語境。,docs/work-items/v9-frozen-inventory.md,字面值／重複群已核對；實際文案與輔助描述待畫面驗收
V9-0533,合理例外,退出登入的門形箭頭；屬帳號操作而非返回導覽。 目前凍結清單沒有同一語意的第二個呼叫點，不為單一用途新增共用 key；若日後出現同義功能另版本再審。,docs/work-items/v9-frozen-inventory.md,來源語意已核對；實際字形／Light／Dark／VoiceOver 待驗收
V9-0534,待共用,原生 .plain 樣式常見於圖標／整列控制；需與對應 Button ID 一起核對角色、28 pt 命中及是否需具名共用 variant。,docs/work-items/v9-frozen-inventory.md,來源 style 已核對；實際 hit-test／Light／Dark 待驗收
V9-0535,已共用,帳號選單各項由 ContentView.accountAction helper 共用：Label 整列 contentShape、plain style、minHeight 28。 詳見 docs/v9-freeze/review-button-contexts.md。,docs/work-items/v9-frozen-inventory.md,來源契約複核；實際命中／鍵盤／Light／Dark 待驗收
V9-0536,待共用,原生 .plain 樣式常見於圖標／整列控制；需與對應 Button ID 一起核對角色、28 pt 命中及是否需具名共用 variant。,docs/work-items/v9-frozen-inventory.md,來源 style 已核對；實際 hit-test／Light／Dark 待驗收
V9-0537,合理例外,畫面標題、欄位名稱或領域狀態的靜態文字；不是 Button／Menu 操作命令。,docs/work-items/v9-frozen-inventory.md,字面值／重複群已核對；實際文案與輔助描述待畫面驗收
V9-0538,合理例外,畫面標題、欄位名稱或領域狀態的靜態文字；不是 Button／Menu 操作命令。,docs/work-items/v9-frozen-inventory.md,字面值／重複群已核對；實際文案與輔助描述待畫面驗收
V9-0539,合理例外,畫面標題、欄位名稱或領域狀態的靜態文字；不是 Button／Menu 操作命令。,docs/work-items/v9-frozen-inventory.md,字面值／重複群已核對；實際文案與輔助描述待畫面驗收
V9-0540,合理例外,首頁頭像／空白影像層的局部次要色底，與內容卡片不同；同一表達式產生兩個 regex ID。 來源：.background(Color.secondary.opacity(0.12)),docs/work-items/v9-frozen-inventory.md,來源色彩用途已分類；Light／Dark／hover 實際畫面待驗收
V9-0541,合理例外,首頁頭像／空白影像層的局部次要色底，與內容卡片不同；同一表達式產生兩個 regex ID。 來源：.background(Color.secondary.opacity(0.12)),docs/work-items/v9-frozen-inventory.md,來源色彩用途已分類；Light／Dark／hover 實際畫面待驗收
V9-0542,合理例外,畫面標題、欄位名稱或領域狀態的靜態文字；不是 Button／Menu 操作命令。,docs/work-items/v9-frozen-inventory.md,字面值／重複群已核對；實際文案與輔助描述待畫面驗收
V9-0543,合理例外,畫面標題、欄位名稱或領域狀態的靜態文字；不是 Button／Menu 操作命令。,docs/work-items/v9-frozen-inventory.md,字面值／重複群已核對；實際文案與輔助描述待畫面驗收
V9-0544,合理例外,"來源以 SwiftUI 原生 Button 的標題參數承載文字或文字加圖標；保留原生角色／焦點／可用狀態，文案與圖標分別由固定 copy／symbol ID 審核，不為此控制另造相同 Button 外殼。來源：Button(""加入圖片"", systemImage: ""photo"") {",docs/work-items/v9-frozen-inventory.md,來源原生標題按鈕已核對；位置／實際 hit-test／鍵盤與 Light／Dark 待驗收
V9-0545,合理例外,目前固定清單中僅此處使用的領域文案「加入圖片」；沒有同功能重複證據，保留具名畫面語境。,docs/work-items/v9-frozen-inventory.md,字面值／重複群已核對；實際文案與輔助描述待畫面驗收
V9-0546,已共用,"V9.1as 原字形由 SailuneSymbol.imageAsset 提供；功能、文字與位置不變。原命中：systemImage: ""photo""",docs/work-items/v9.1as-frozen-symbol-groups.md,固定 ID、原字形與主機無簽章 macOS Debug build、git diff --check 通過；Light／Dark／VoiceOver 待驗收
V9-0547,待共用,原生 .borderless 樣式常見於圖標／整列控制；需與對應 Button ID 一起核對角色、28 pt 命中及是否需具名共用 variant。,docs/work-items/v9-frozen-inventory.md,來源 style 已核對；實際 hit-test／Light／Dark 待驗收
V9-0548,已共用,來源已引用共用單行／搜尋欄位或位於其實作；原 Binding 與外層行為仍須依畫面核對。,docs/work-items/v9-frozen-inventory.md,來源分類已複核；具體 UI／資料驗收待完成
V9-0549,合理例外,畫面標題、欄位名稱或領域狀態的靜態文字；不是 Button／Menu 操作命令。,docs/work-items/v9-frozen-inventory.md,字面值／重複群已核對；實際文案與輔助描述待畫面驗收
V9-0550,已共用,V9.1au 作者簡介兩處均改用 SailuneAuthorBioEditor；保留各自 100／110 pt、高度、6 pt 圓角描邊、原 Binding，設定頁 placeholder 原值保留。,docs/work-items/v9.1au-author-bio-editor.md,兩處來源、參數與無簽章 macOS Debug build、git diff --check 通過；GUI／CJK／首行待驗收
V9-0551,合理例外,原生文字 Button；已使用 SailuneActionCopy 共用標題。保留 macOS 原生控制以承載此處 action；對應 button_style／copy ID 仍獨立審核，位置與實際命中須畫面驗收。凍結來源：Button(SailuneActionCopy.done) {,docs/work-items/v9-frozen-inventory.md,來源確認為文字 Button；位置／鍵盤焦點／實際命中及 Light／Dark 待驗收
V9-0552,已共用,已讀取 SailuneActionCopy 或位於其實作；原中文值由集中資源提供。,docs/work-items/v9-frozen-inventory.md,字面值／重複群已核對；實際文案與輔助描述待畫面驗收
V9-0553,合理例外,採 macOS 原生 .borderedProminent 樣式，保留平台語意；此例外只涵蓋 style，按鈕位置／命中與操作文案仍依對應 Button ID 驗收。,docs/work-items/v9-frozen-inventory.md,來源 style 已核對；實際 hit-test／Light／Dark 待驗收
V9-0554,合理例外,此處表示領域資料類型、靜態狀態或專用空狀態；未證實是跨畫面的相同操作，保留具名語境而不與同字形操作混用。,docs/work-items/v9-frozen-inventory.md,來源語意已複核；字形與輔助功能畫面驗收待完成
V9-0555,合理例外,"首頁圓形頭像控制的底色，形狀與登入語意專用；同一表達式產生兩個 regex ID。 來源：.background(Color.secondary.opacity(0.14), in: Circle())",docs/work-items/v9-frozen-inventory.md,來源色彩用途已分類；Light／Dark／hover 實際畫面待驗收
V9-0556,合理例外,"首頁圓形頭像控制的底色，形狀與登入語意專用；同一表達式產生兩個 regex ID。 來源：.background(Color.secondary.opacity(0.14), in: Circle())",docs/work-items/v9-frozen-inventory.md,來源色彩用途已分類；Light／Dark／hover 實際畫面待驗收
V9-0557,待共用,直接提示／輔助文字；需按固定 ID 核對操作對象、狀態、同功能用詞及是否缺少另一種描述。,docs/work-items/v9-frozen-inventory.md,來源描述已分類；VoiceOver／滑鼠提示仍待驗收
V9-0558,已共用,來源已讀取 SailuneSymbol 語意 key；同功能字形是否一致依集中表與畫面驗收。,docs/work-items/v9-frozen-inventory.md,來源語意已複核；字形與輔助功能畫面驗收待完成
V9-0559,合理例外,首頁搜尋在依可用寬度計算的動畫區，既有搜尋圖標、清除鈕、plain 樣式及 FocusState 由父容器共同控制。 此例外只涵蓋欄位共用外殼，首行／focus GUI 仍依驗收清單檢查。,docs/work-items/v9-frozen-inventory.md,來源欄位與父容器契約已核對；CJK／focus／首行 GUI 待驗收
V9-0560,已共用,來源已讀取 SailuneSymbol 語意 key；同功能字形是否一致依集中表與畫面驗收。,docs/work-items/v9-frozen-inventory.md,來源語意已複核；字形與輔助功能畫面驗收待完成
V9-0561,待共用,原生 .plain 樣式常見於圖標／整列控制；需與對應 Button ID 一起核對角色、28 pt 命中及是否需具名共用 variant。,docs/work-items/v9-frozen-inventory.md,來源 style 已核對；實際 hit-test／Light／Dark 待驗收
V9-0562,合理例外,"首頁搜尋／頂欄局部控制表面，受首頁可用寬度與 focus 結構約束；同一表達式產生兩個 regex ID。 來源：.background(Color.secondary.opacity(0.10), in: RoundedRectangle(cornerRadius: 7, style: .continuous))",docs/work-items/v9-frozen-inventory.md,來源色彩用途已分類；Light／Dark／hover 實際畫面待驗收
V9-0563,合理例外,"首頁搜尋／頂欄局部控制表面，受首頁可用寬度與 focus 結構約束；同一表達式產生兩個 regex ID。 來源：.background(Color.secondary.opacity(0.10), in: RoundedRectangle(cornerRadius: 7, style: .continuous))",docs/work-items/v9-frozen-inventory.md,來源色彩用途已分類；Light／Dark／hover 實際畫面待驗收
V9-0564,待共用,原生文字或選單動作按鈕；依來源行中的具名操作核對角色、同功能文案、位置與命中。 凍結來源：Button(action: onCreateBook) {,docs/work-items/v9-frozen-inventory.md,來源按鈕型態已列；實際命中／鍵盤／Light／Dark 待驗收
V9-0565,合理例外,目前固定清單中僅此處使用的領域文案「新建書籍」；沒有同功能重複證據，保留具名畫面語境。,docs/work-items/v9-frozen-inventory.md,字面值／重複群已核對；實際文案與輔助描述待畫面驗收
V9-0566,已共用,來源已讀取 SailuneSymbol 語意 key；同功能字形是否一致依集中表與畫面驗收。,docs/work-items/v9-frozen-inventory.md,來源語意已複核；字形與輔助功能畫面驗收待完成
V9-0567,待共用,原生 .borderless 樣式常見於圖標／整列控制；需與對應 Button ID 一起核對角色、28 pt 命中及是否需具名共用 variant。,docs/work-items/v9-frozen-inventory.md,來源 style 已核對；實際 hit-test／Light／Dark 待驗收
V9-0568,合理例外,此處表示領域資料類型、靜態狀態或專用空狀態；未證實是跨畫面的相同操作，保留具名語境而不與同字形操作混用。,docs/work-items/v9-frozen-inventory.md,來源語意已複核；字形與輔助功能畫面驗收待完成
V9-0569,合理例外,畫面標題、欄位名稱或領域狀態的靜態文字；不是 Button／Menu 操作命令。,docs/work-items/v9-frozen-inventory.md,字面值／重複群已核對；實際文案與輔助描述待畫面驗收
V9-0570,合理例外,"書籍字數膠囊的局部底色，不是一般表單面板。 來源：.background(Color.primary.opacity(0.07), in: Capsule())",docs/work-items/v9-frozen-inventory.md,來源色彩用途已分類；Light／Dark／hover 實際畫面待驗收
V9-0571,合理例外,目前固定清單中僅此處使用的領域文案「\(wordCount) 字」；沒有同功能重複證據，保留具名畫面語境。,docs/work-items/v9-frozen-inventory.md,字面值／重複群已核對；實際文案與輔助描述待畫面驗收
V9-0572,合理例外,此處表示領域資料類型、靜態狀態或專用空狀態；未證實是跨畫面的相同操作，保留具名語境而不與同字形操作混用。,docs/work-items/v9-frozen-inventory.md,來源語意已複核；字形與輔助功能畫面驗收待完成
V9-0573,合理例外,畫面標題、欄位名稱或領域狀態的靜態文字；不是 Button／Menu 操作命令。,docs/work-items/v9-frozen-inventory.md,字面值／重複群已核對；實際文案與輔助描述待畫面驗收
V9-0574,合理例外,畫面標題、欄位名稱或領域狀態的靜態文字；不是 Button／Menu 操作命令。,docs/work-items/v9-frozen-inventory.md,字面值／重複群已核對；實際文案與輔助描述待畫面驗收
V9-0575,已共用,V9.1av 已把原色值來源改讀 SailuneTheme.controlSurface，保留原 shape、opacity 與層級；雙重 regex ID 指向同一色值表達式時共同標記。,docs/work-items/v9.1av-frozen-surfaces.md,21 個現行來源、原色值、無簽章 macOS Debug build 與 git diff --check 通過；Light／Dark／hover 實際畫面待驗收
V9-0576,合理例外,原生文字 Button；已使用 SailuneActionCopy 共用標題。保留 macOS 原生控制以承載此處 action；對應 button_style／copy ID 仍獨立審核，位置與實際命中須畫面驗收。凍結來源：Button(SailuneActionCopy.cancel) { onCancel() },docs/work-items/v9-frozen-inventory.md,來源確認為文字 Button；位置／鍵盤焦點／實際命中及 Light／Dark 待驗收
V9-0577,已共用,已讀取 SailuneActionCopy 或位於其實作；原中文值由集中資源提供。,docs/work-items/v9-frozen-inventory.md,字面值／重複群已核對；實際文案與輔助描述待畫面驗收
V9-0578,合理例外,"來源以 SwiftUI 原生 Button 的標題參數承載文字或文字加圖標；保留原生角色／焦點／可用狀態，文案與圖標分別由固定 copy／symbol ID 審核，不為此控制另造相同 Button 外殼。來源：Button(""刪除書籍"", role: .destructive) { onConfirm() }",docs/work-items/v9-frozen-inventory.md,來源原生標題按鈕已核對；位置／實際 hit-test／鍵盤與 Light／Dark 待驗收
V9-0579,合理例外,目前固定清單中僅此處使用的領域文案「刪除書籍」；沒有同功能重複證據，保留具名畫面語境。,docs/work-items/v9-frozen-inventory.md,字面值／重複群已核對；實際文案與輔助描述待畫面驗收
V9-0580,已共用,V9.1av 已把原色值來源改讀 SailuneTheme.windowSurface，保留原 shape、opacity 與層級；雙重 regex ID 指向同一色值表達式時共同標記。,docs/work-items/v9.1av-frozen-surfaces.md,21 個現行來源、原色值、無簽章 macOS Debug build 與 git diff --check 通過；Light／Dark／hover 實際畫面待驗收
V9-0581,合理例外,原生文字 Button；已使用 SailuneActionCopy 共用標題。保留 macOS 原生控制以承載此處 action；對應 button_style／copy ID 仍獨立審核，位置與實際命中須畫面驗收。凍結來源：Button(SailuneActionCopy.acknowledge) { onDismiss() },docs/work-items/v9-frozen-inventory.md,來源確認為文字 Button；位置／鍵盤焦點／實際命中及 Light／Dark 待驗收
V9-0582,已共用,已讀取 SailuneActionCopy 或位於其實作；原中文值由集中資源提供。,docs/work-items/v9-frozen-inventory.md,字面值／重複群已核對；實際文案與輔助描述待畫面驗收
V9-0583,已共用,V9.1av 已把原色值來源改讀 SailuneTheme.windowSurface，保留原 shape、opacity 與層級；雙重 regex ID 指向同一色值表達式時共同標記。,docs/work-items/v9.1av-frozen-surfaces.md,21 個現行來源、原色值、無簽章 macOS Debug build 與 git diff --check 通過；Light／Dark／hover 實際畫面待驗收
V9-0584,合理例外,畫面標題、欄位名稱或領域狀態的靜態文字；不是 Button／Menu 操作命令。,docs/work-items/v9-frozen-inventory.md,字面值／重複群已核對；實際文案與輔助描述待畫面驗收
V9-0585,已共用,來源已引用共用單行／搜尋欄位或位於其實作；原 Binding 與外層行為仍須依畫面核對。,docs/work-items/v9-frozen-inventory.md,來源分類已複核；具體 UI／資料驗收待完成
V9-0586,已共用,來源已引用共用單行／搜尋欄位或位於其實作；原 Binding 與外層行為仍須依畫面核對。,docs/work-items/v9-frozen-inventory.md,來源分類已複核；具體 UI／資料驗收待完成
V9-0587,合理例外,原生文字 Button；已使用 SailuneActionCopy 共用標題。保留 macOS 原生控制以承載此處 action；對應 button_style／copy ID 仍獨立審核，位置與實際命中須畫面驗收。凍結來源：Button(SailuneActionCopy.cancel) {,docs/work-items/v9-frozen-inventory.md,來源確認為文字 Button；位置／鍵盤焦點／實際命中及 Light／Dark 待驗收
V9-0588,已共用,已讀取 SailuneActionCopy 或位於其實作；原中文值由集中資源提供。,docs/work-items/v9-frozen-inventory.md,字面值／重複群已核對；實際文案與輔助描述待畫面驗收
V9-0589,合理例外,採 macOS 原生 .bordered 樣式，保留平台語意；此例外只涵蓋 style，按鈕位置／命中與操作文案仍依對應 Button ID 驗收。,docs/work-items/v9-frozen-inventory.md,來源 style 已核對；實際 hit-test／Light／Dark 待驗收
V9-0590,合理例外,原生文字 Button；已使用 SailuneActionCopy 共用標題。保留 macOS 原生控制以承載此處 action；對應 button_style／copy ID 仍獨立審核，位置與實際命中須畫面驗收。凍結來源：Button(SailuneActionCopy.done) {,docs/work-items/v9-frozen-inventory.md,來源確認為文字 Button；位置／鍵盤焦點／實際命中及 Light／Dark 待驗收
V9-0591,已共用,已讀取 SailuneActionCopy 或位於其實作；原中文值由集中資源提供。,docs/work-items/v9-frozen-inventory.md,字面值／重複群已核對；實際文案與輔助描述待畫面驗收
V9-0592,合理例外,採 macOS 原生 .borderedProminent 樣式，保留平台語意；此例外只涵蓋 style，按鈕位置／命中與操作文案仍依對應 Button ID 驗收。,docs/work-items/v9-frozen-inventory.md,來源 style 已核對；實際 hit-test／Light／Dark 待驗收
V9-0593,合理例外,"catch 明確設定錯誤呈現／狀態，保留領域提示；此處是領域失敗處理，不宜僅為共用化抽成統一資料 action。來源分支：modelContext.rollback() let nsError = error as NSError saveError = ""\(nsError.domain) \(nsError.code)：\(nsError.localizedDescription)""",docs/work-items/v9-frozen-inventory.md,來源分支已複核；故障注入或 GUI 呈現仍待相關驗收
V9-0594,合理例外,內容型系統 sheet 承載此領域編輯流程；不與刪除／錯誤提示共用資料 action，仍需核對取消與焦點。 凍結來源：.sheet(isPresented: $showingCommandPalette) {,docs/work-items/v9-frozen-inventory.md,來源呈現類型已核對；失敗／取消／GUI 待驗收
V9-0595,合理例外,內容型系統 sheet 承載此領域編輯流程；不與刪除／錯誤提示共用資料 action，仍需核對取消與焦點。 凍結來源：.sheet(isPresented: $showingShortcutHelp) {,docs/work-items/v9-frozen-inventory.md,來源呈現類型已核對；失敗／取消／GUI 待驗收
V9-0596,合理例外,目前固定清單中僅此處使用的領域文案「指令面板」；沒有同功能重複證據，保留具名畫面語境。,docs/work-items/v9-frozen-inventory.md,字面值／重複群已核對；實際文案與輔助描述待畫面驗收
V9-0597,合理例外,編輯器指令面板的 Command 鍵符號；屬快捷指令入口。 目前凍結清單沒有同一語意的第二個呼叫點，不為單一用途新增共用 key；若日後出現同義功能另版本再審。,docs/work-items/v9-frozen-inventory.md,來源語意已核對；實際字形／Light／Dark／VoiceOver 待驗收
V9-0598,已共用,已讀取 SailuneActionCopy 或位於其實作；原中文值由集中資源提供。,docs/work-items/v9-frozen-inventory.md,字面值／重複群已核對；實際文案與輔助描述待畫面驗收
V9-0599,已共用,來源已讀取 SailuneSymbol 語意 key；同功能字形是否一致依集中表與畫面驗收。,docs/work-items/v9-frozen-inventory.md,來源語意已複核；字形與輔助功能畫面驗收待完成
V9-0600,已共用,已讀取 SailuneActionCopy 或位於其實作；原中文值由集中資源提供。,docs/work-items/v9-frozen-inventory.md,字面值／重複群已核對；實際文案與輔助描述待畫面驗收
V9-0601,已共用,來源已讀取 SailuneSymbol 語意 key；同功能字形是否一致依集中表與畫面驗收。,docs/work-items/v9-frozen-inventory.md,來源語意已複核；字形與輔助功能畫面驗收待完成
V9-0602,合理例外,目前固定清單中僅此處使用的領域文案「更多」；沒有同功能重複證據，保留具名畫面語境。,docs/work-items/v9-frozen-inventory.md,字面值／重複群已核對；實際文案與輔助描述待畫面驗收
V9-0603,已共用,來源已讀取 SailuneSymbol 語意 key；同功能字形是否一致依集中表與畫面驗收。,docs/work-items/v9-frozen-inventory.md,來源語意已複核；字形與輔助功能畫面驗收待完成
V9-0604,合理例外,目前固定清單中僅此處使用的領域文案「編輯」；沒有同功能重複證據，保留具名畫面語境。,docs/work-items/v9-frozen-inventory.md,字面值／重複群已核對；實際文案與輔助描述待畫面驗收
V9-0605,已共用,編輯模式 help 改用 SailuneActionCopy.edit；與同一按鈕 Label 共用來源。,docs/work-items/v9.1ax-repeated-accessibility-copy.md,既有 ActionCopy 接線；最近一次 Debug build 尚未完成，待驗證
V9-0606,合理例外,目前固定清單中僅此處使用的領域文案「AI 助手」；沒有同功能重複證據，保留具名畫面語境。,docs/work-items/v9-frozen-inventory.md,字面值／重複群已核對；實際文案與輔助描述待畫面驗收
V9-0607,合理例外,AI 助手入口的 sparkles；與能力資料圖標字形相同但操作語意不同。 目前凍結清單沒有同一語意的第二個呼叫點，不為單一用途新增共用 key；若日後出現同義功能另版本再審。,docs/work-items/v9-frozen-inventory.md,來源語意已核對；實際字形／Light／Dark／VoiceOver 待驗收
V9-0608,待共用,直接提示／輔助文字；需按固定 ID 核對操作對象、狀態、同功能用詞及是否缺少另一種描述。,docs/work-items/v9-frozen-inventory.md,來源描述已分類；VoiceOver／滑鼠提示仍待驗收
V9-0609,合理例外,目前固定清單中僅此處使用的領域文案「大綱」；沒有同功能重複證據，保留具名畫面語境。,docs/work-items/v9-frozen-inventory.md,字面值／重複群已核對；實際文案與輔助描述待畫面驗收
V9-0610,待共用,直接提示／輔助文字；需按固定 ID 核對操作對象、狀態、同功能用詞及是否缺少另一種描述。,docs/work-items/v9-frozen-inventory.md,來源描述已分類；VoiceOver／滑鼠提示仍待驗收
V9-0611,合理例外,目前固定清單中僅此處使用的領域文案「地圖」；沒有同功能重複證據，保留具名畫面語境。,docs/work-items/v9-frozen-inventory.md,字面值／重複群已核對；實際文案與輔助描述待畫面驗收
V9-0612,待共用,直接提示／輔助文字；需按固定 ID 核對操作對象、狀態、同功能用詞及是否缺少另一種描述。,docs/work-items/v9-frozen-inventory.md,來源描述已分類；VoiceOver／滑鼠提示仍待驗收
V9-0613,合理例外,目前固定清單中僅此處使用的領域文案「設定集」；沒有同功能重複證據，保留具名畫面語境。,docs/work-items/v9-frozen-inventory.md,字面值／重複群已核對；實際文案與輔助描述待畫面驗收
V9-0614,已共用,"V9.1as 原字形由 SailuneSymbol.settingsSidebar 提供；功能、文字與位置不變。原命中：systemImage: ""sidebar.right""",docs/work-items/v9.1as-frozen-symbol-groups.md,固定 ID、原字形與主機無簽章 macOS Debug build、git diff --check 通過；Light／Dark／VoiceOver 待驗收
V9-0615,待共用,直接提示／輔助文字；需按固定 ID 核對操作對象、狀態、同功能用詞及是否缺少另一種描述。,docs/work-items/v9-frozen-inventory.md,來源描述已分類；VoiceOver／滑鼠提示仍待驗收
V9-0616,合理例外,catch 呼叫領域錯誤回報 callback；此處是領域失敗處理，不宜僅為共用化抽成統一資料 action。來源分支：return aiChatModel.reject(error.localizedDescription),docs/work-items/v9-frozen-inventory.md,來源分支已複核；故障注入或 GUI 呈現仍待相關驗收
V9-0617,已共用,來源已讀取 SailuneSymbol 語意 key；同功能字形是否一致依集中表與畫面驗收。,docs/work-items/v9-frozen-inventory.md,來源語意已複核；字形與輔助功能畫面驗收待完成
V9-0618,合理例外,編輯器指令或節次標題輸入，與一般表單的快捷鍵／保存契約不同；保留專用欄位。,docs/work-items/v9-frozen-inventory.md,來源分類已複核；具體 UI／資料驗收待完成
V9-0619,合理例外,原生文字 Button；已使用 SailuneActionCopy 共用標題。保留 macOS 原生控制以承載此處 action；對應 button_style／copy ID 仍獨立審核，位置與實際命中須畫面驗收。凍結來源：Button(SailuneActionCopy.cancel) { dismiss() },docs/work-items/v9-frozen-inventory.md,來源確認為文字 Button；位置／鍵盤焦點／實際命中及 Light／Dark 待驗收
V9-0620,已共用,已讀取 SailuneActionCopy 或位於其實作；原中文值由集中資源提供。,docs/work-items/v9-frozen-inventory.md,字面值／重複群已核對；實際文案與輔助描述待畫面驗收
V9-0621,待共用,原生 .borderless 樣式常見於圖標／整列控制；需與對應 Button ID 一起核對角色、28 pt 命中及是否需具名共用 variant。,docs/work-items/v9-frozen-inventory.md,來源 style 已核對；實際 hit-test／Light／Dark 待驗收
V9-0622,待共用,原生 .plain 樣式常見於圖標／整列控制；需與對應 Button ID 一起核對角色、28 pt 命中及是否需具名共用 variant。,docs/work-items/v9-frozen-inventory.md,來源 style 已核對；實際 hit-test／Light／Dark 待驗收
V9-0623,合理例外,畫面標題、欄位名稱或領域狀態的靜態文字；不是 Button／Menu 操作命令。,docs/work-items/v9-frozen-inventory.md,字面值／重複群已核對；實際文案與輔助描述待畫面驗收
V9-0624,合理例外,原生文字 Button；已使用 SailuneActionCopy 共用標題。保留 macOS 原生控制以承載此處 action；對應 button_style／copy ID 仍獨立審核，位置與實際命中須畫面驗收。凍結來源：Button(SailuneActionCopy.done) { dismiss() },docs/work-items/v9-frozen-inventory.md,來源確認為文字 Button；位置／鍵盤焦點／實際命中及 Light／Dark 待驗收
V9-0625,已共用,已讀取 SailuneActionCopy 或位於其實作；原中文值由集中資源提供。,docs/work-items/v9-frozen-inventory.md,字面值／重複群已核對；實際文案與輔助描述待畫面驗收
V9-0626,待共用,原生文字或選單動作按鈕；依來源行中的具名操作核對角色、同功能文案、位置與命中。 凍結來源：Button(action: addVolume) {,docs/work-items/v9-frozen-inventory.md,來源按鈕型態已列；實際命中／鍵盤／Light／Dark 待驗收
V9-0627,已共用,"V9.1ao 已依凍結 ID 將原操作標題接至 SailuneActionCopy，原繁體中文值、closure、role、style 及圖標不變；現行來源：Label(SailuneActionCopy.addVolume, systemImage: SailuneSymbol.addVolume.systemName)",docs/work-items/v9.1ao-repeated-action-copy.md,65 個固定 ID 靜態核對、String Catalog JSON 及主機無簽章 Debug build 通過；GUI／VoiceOver 待驗收
V9-0628,已共用,來源已讀取 SailuneSymbol 語意 key；同功能字形是否一致依集中表與畫面驗收。,docs/work-items/v9-frozen-inventory.md,來源語意已複核；字形與輔助功能畫面驗收待完成
V9-0629,待共用,原生 .borderless 樣式常見於圖標／整列控制；需與對應 Button ID 一起核對角色、28 pt 命中及是否需具名共用 variant。,docs/work-items/v9-frozen-inventory.md,來源 style 已核對；實際 hit-test／Light／Dark 待驗收
V9-0630,已共用,V9.1ax 固定重複描述「新增卷」已接 SailuneActionCopy 或 SailuneAccessibilityCopy 單一來源；原文字逐字相同。,docs/work-items/v9.1ax-repeated-accessibility-copy.md,String Catalog JSON 與主機無簽章 Debug build 通過；hover／VoiceOver 待驗收
V9-0631,待共用,原生文字或選單動作按鈕；依來源行中的具名操作核對角色、同功能文案、位置與命中。 凍結來源：Button(action: addSection) {,docs/work-items/v9-frozen-inventory.md,來源按鈕型態已列；實際命中／鍵盤／Light／Dark 待驗收
V9-0632,已共用,"V9.1ao 已依凍結 ID 將原操作標題接至 SailuneActionCopy，原繁體中文值、closure、role、style 及圖標不變；現行來源：Label(SailuneActionCopy.addSection, systemImage: SailuneSymbol.addSection.systemName)",docs/work-items/v9.1ao-repeated-action-copy.md,65 個固定 ID 靜態核對、String Catalog JSON 及主機無簽章 Debug build 通過；GUI／VoiceOver 待驗收
V9-0633,已共用,來源已讀取 SailuneSymbol 語意 key；同功能字形是否一致依集中表與畫面驗收。,docs/work-items/v9-frozen-inventory.md,來源語意已複核；字形與輔助功能畫面驗收待完成
V9-0634,待共用,原生 .borderless 樣式常見於圖標／整列控制；需與對應 Button ID 一起核對角色、28 pt 命中及是否需具名共用 variant。,docs/work-items/v9-frozen-inventory.md,來源 style 已核對；實際 hit-test／Light／Dark 待驗收
V9-0635,已共用,新增節 help 改用 SailuneActionCopy.addSection；與同一按鈕 Label 共用來源。,docs/work-items/v9.1ax-repeated-accessibility-copy.md,既有 ActionCopy 接線；最近一次 Debug build 尚未完成，待驗證
V9-0636,已共用,背景引用已命名的 theme／AppTheme 色彩來源；用途與 Light／Dark 對照仍需畫面驗收。 凍結來源：.background(Color.workspacePanelBackground),docs/work-items/v9-frozen-inventory.md,來源色彩用途已分類；Light／Dark 與 hit-testing 待驗收
V9-0637,合理例外,畫面標題、欄位名稱或領域狀態的靜態文字；不是 Button／Menu 操作命令。,docs/work-items/v9-frozen-inventory.md,字面值／重複群已核對；實際文案與輔助描述待畫面驗收
V9-0638,合理例外,"來源以 SwiftUI 原生 Button 的標題參數承載文字或文字加圖標；保留原生角色／焦點／可用狀態，文案與圖標分別由固定 copy／symbol ID 審核，不為此控制另造相同 Button 外殼。來源：Button(""新增第一節"", systemImage: SailuneSymbol.add.systemName) { addSection(to: volume) }",docs/work-items/v9-frozen-inventory.md,來源原生標題按鈕已核對；位置／實際 hit-test／鍵盤與 Light／Dark 待驗收
V9-0639,已共用,"V9.1ao 已依凍結 ID 將原操作標題接至 SailuneActionCopy，原繁體中文值、closure、role、style 及圖標不變；現行來源：Button(SailuneActionCopy.addFirstSection, systemImage: SailuneSymbol.add.systemName) { addSection(to: volume) }",docs/work-items/v9.1ao-repeated-action-copy.md,65 個固定 ID 靜態核對、String Catalog JSON 及主機無簽章 Debug build 通過；GUI／VoiceOver 待驗收
V9-0640,已共用,來源已讀取 SailuneSymbol 語意 key；同功能字形是否一致依集中表與畫面驗收。,docs/work-items/v9-frozen-inventory.md,來源語意已複核；字形與輔助功能畫面驗收待完成
V9-0641,合理例外,採 macOS 原生 .borderedProminent 樣式，保留平台語意；此例外只涵蓋 style，按鈕位置／命中與操作文案仍依對應 Button ID 驗收。,docs/work-items/v9-frozen-inventory.md,來源 style 已核對；實際 hit-test／Light／Dark 待驗收
V9-0642,已共用,背景引用已命名的 theme／AppTheme 色彩來源；用途與 Light／Dark 對照仍需畫面驗收。 凍結來源：.background(Color.workspacePanelBackground),docs/work-items/v9-frozen-inventory.md,來源色彩用途已分類；Light／Dark 與 hit-testing 待驗收
V9-0643,已共用,背景引用已命名的 theme／AppTheme 色彩來源；用途與 Light／Dark 對照仍需畫面驗收。 凍結來源：.background(Color.workspacePanelBackground),docs/work-items/v9-frozen-inventory.md,來源色彩用途已分類；Light／Dark 與 hit-testing 待驗收
V9-0644,待共用,"DIALOG-04：alert 同標題「確認刪除」共 2 處；需比較取消／破壞性角色、message 與 Store action，只有外殼相同才共用。凍結來源：.alert(""確認刪除"",",docs/work-items/v9-frozen-inventory.md,來源呈現類型已核對；失敗／取消／GUI 待驗收
V9-0645,合理例外,"原生文字 Button；已使用 SailuneActionCopy 共用標題。保留 macOS 原生控制以承載此處 action；對應 button_style／copy ID 仍獨立審核，位置與實際命中須畫面驗收。凍結來源：Button(SailuneActionCopy.cancel, role: .cancel) { }",docs/work-items/v9-frozen-inventory.md,來源確認為文字 Button；位置／鍵盤焦點／實際命中及 Light／Dark 待驗收
V9-0646,已共用,已讀取 SailuneActionCopy 或位於其實作；原中文值由集中資源提供。,docs/work-items/v9-frozen-inventory.md,字面值／重複群已核對；實際文案與輔助描述待畫面驗收
V9-0647,合理例外,"來源以 SwiftUI 原生 Button 的標題參數承載文字或文字加圖標；保留原生角色／焦點／可用狀態，文案與圖標分別由固定 copy／symbol ID 審核，不為此控制另造相同 Button 外殼。來源：Button(SailuneActionCopy.delete, role: .destructive) { performDelete(target) }",docs/work-items/v9-frozen-inventory.md,來源原生標題按鈕已核對；位置／實際 hit-test／鍵盤與 Light／Dark 待驗收
V9-0648,已共用,已讀取 SailuneActionCopy 或位於其實作；原中文值由集中資源提供。,docs/work-items/v9-frozen-inventory.md,字面值／重複群已核對；實際文案與輔助描述待畫面驗收
V9-0649,合理例外,畫面標題、欄位名稱或領域狀態的靜態文字；不是 Button／Menu 操作命令。,docs/work-items/v9-frozen-inventory.md,字面值／重複群已核對；實際文案與輔助描述待畫面驗收
V9-0650,合理例外,畫面標題、欄位名稱或領域狀態的靜態文字；不是 Button／Menu 操作命令。,docs/work-items/v9-frozen-inventory.md,字面值／重複群已核對；實際文案與輔助描述待畫面驗收
V9-0651,合理例外,"原生文字 Button；領域字面標題另由 copy 家族核對是否同功能。保留 macOS 原生控制以承載此處 action；對應 button_style／copy ID 仍獨立審核，位置與實際命中須畫面驗收。凍結來源：Button(""復原"") { restore(undoTarget) }",docs/work-items/v9-frozen-inventory.md,來源確認為文字 Button；位置／鍵盤焦點／實際命中及 Light／Dark 待驗收
V9-0652,已共用,V9.1ao 已依凍結 ID 將原操作標題接至 SailuneActionCopy，原繁體中文值、closure、role、style 及圖標不變；現行來源：Button(SailuneActionCopy.restore) { restore(undoTarget) },docs/work-items/v9.1ao-repeated-action-copy.md,65 個固定 ID 靜態核對、String Catalog JSON 及主機無簽章 Debug build 通過；GUI／VoiceOver 待驗收
V9-0653,合理例外,採 macOS 原生 .borderedProminent 樣式，保留平台語意；此例外只涵蓋 style，按鈕位置／命中與操作文案仍依對應 Button ID 驗收。,docs/work-items/v9-frozen-inventory.md,來源 style 已核對；實際 hit-test／Light／Dark 待驗收
V9-0654,合理例外,"採系統材質／bar 背景，語意與固定表面色不同；保留平台呈現。 凍結來源：.background(.regularMaterial, in: RoundedRectangle(cornerRadius: 10))",docs/work-items/v9-frozen-inventory.md,來源色彩用途已分類；Light／Dark 與 hit-testing 待驗收
V9-0655,待共用,純圖標或 iconOnly 按鈕候選；依凍結位置核對 28 pt 命中、間距、help／accessibility、原 action 及禁用條件。 凍結來源：Button(action: {,docs/work-items/v9-frozen-inventory.md,來源按鈕型態已列；實際命中／鍵盤／Light／Dark 待驗收
V9-0656,已共用,來源已讀取 SailuneSymbol 語意 key；同功能字形是否一致依集中表與畫面驗收。,docs/work-items/v9-frozen-inventory.md,來源語意已複核；字形與輔助功能畫面驗收待完成
V9-0657,待共用,原生 .plain 樣式常見於圖標／整列控制；需與對應 Button ID 一起核對角色、28 pt 命中及是否需具名共用 variant。,docs/work-items/v9-frozen-inventory.md,來源 style 已核對；實際 hit-test／Light／Dark 待驗收
V9-0658,已共用,V9.1ax 固定重複描述「在此卷新增節」已接 SailuneActionCopy 或 SailuneAccessibilityCopy 單一來源；原文字逐字相同。,docs/work-items/v9.1ax-repeated-accessibility-copy.md,String Catalog JSON 與主機無簽章 Debug build 通過；hover／VoiceOver 待驗收
V9-0659,已共用,"V9.1ao 已依凍結 ID 將原操作標題接至 SailuneActionCopy，原繁體中文值、closure、role、style 及圖標不變；現行來源：Button { startRenaming(id: volume.id, currentName: volume.title) } label: { Label(SailuneActionCopy.rename, systemImage: SailuneSymbol.edit.systemName) }",docs/work-items/v9.1ao-repeated-action-copy.md,65 個固定 ID 靜態核對、String Catalog JSON 及主機無簽章 Debug build 通過；GUI／VoiceOver 待驗收
V9-0660,已共用,來源已讀取 SailuneSymbol 語意 key；同功能字形是否一致依集中表與畫面驗收。,docs/work-items/v9-frozen-inventory.md,來源語意已複核；字形與輔助功能畫面驗收待完成
V9-0661,已共用,"V9.1ao 已依凍結 ID 將原操作標題接至 SailuneActionCopy，原繁體中文值、closure、role、style 及圖標不變；現行來源：Button { addSection(to: volume) } label: { Label(SailuneActionCopy.addSection, systemImage: SailuneSymbol.addSection.systemName) }",docs/work-items/v9.1ao-repeated-action-copy.md,65 個固定 ID 靜態核對、String Catalog JSON 及主機無簽章 Debug build 通過；GUI／VoiceOver 待驗收
V9-0662,已共用,來源已讀取 SailuneSymbol 語意 key；同功能字形是否一致依集中表與畫面驗收。,docs/work-items/v9-frozen-inventory.md,來源語意已複核；字形與輔助功能畫面驗收待完成
V9-0663,合理例外,此原生 Button 以 Label 同時提供文字與語意圖標，保留導覽／新增／刪除的領域 action；文案及圖標各有固定 ID 共用或例外，ButtonStyle 和實際命中仍獨立驗收。,docs/work-items/v9-frozen-inventory.md,來源 Label 按鈕已核對；位置／hit-test／鍵盤／Light／Dark 待驗收
V9-0664,已共用,"V9.1ao 已依凍結 ID 將原操作標題接至 SailuneActionCopy，原繁體中文值、closure、role、style 及圖標不變；現行來源：Button(role: .destructive) { deleteTarget = .volume(volume) } label: { Label(SailuneActionCopy.deleteVolume, systemImage: SailuneSymbol.delete.systemName) }",docs/work-items/v9.1ao-repeated-action-copy.md,65 個固定 ID 靜態核對、String Catalog JSON 及主機無簽章 Debug build 通過；GUI／VoiceOver 待驗收
V9-0665,已共用,來源已讀取 SailuneSymbol 語意 key；同功能字形是否一致依集中表與畫面驗收。,docs/work-items/v9-frozen-inventory.md,來源語意已複核；字形與輔助功能畫面驗收待完成
V9-0666,已共用,"V9.1as 原字形由 SailuneSymbol.reorderHandle 提供；功能、文字與位置不變。原命中：systemName: ""line.3.horizontal""",docs/work-items/v9.1as-frozen-symbol-groups.md,固定 ID、原字形與主機無簽章 macOS Debug build、git diff --check 通過；Light／Dark／VoiceOver 待驗收
V9-0667,已共用,V9.1as 節文件圖標統一讀取 SailuneSymbol.sectionDocument；原 doc.text 字形與畫面用途不變。,docs/work-items/v9.1as-frozen-symbol-groups.md,固定來源與無簽章 macOS Debug build 通過；GUI／VoiceOver 待驗收
V9-0668,合理例外,畫面標題、欄位名稱或領域狀態的靜態文字；不是 Button／Menu 操作命令。,docs/work-items/v9-frozen-inventory.md,字面值／重複群已核對；實際文案與輔助描述待畫面驗收
V9-0669,合理例外,透明或幾何量測層，非可見表面色；不混入背景色 token。 凍結來源：.background(selectedSection?.id == section.id ? Color.accentColor.opacity(0.2) : Color.clear),docs/work-items/v9-frozen-inventory.md,來源色彩用途已分類；Light／Dark 與 hit-testing 待驗收
V9-0670,已共用,"V9.1ao 已依凍結 ID 將原操作標題接至 SailuneActionCopy，原繁體中文值、closure、role、style 及圖標不變；現行來源：Button { startRenaming(id: section.id, currentName: section.title) } label: { Label(SailuneActionCopy.rename, systemImage: SailuneSymbol.edit.systemName) }",docs/work-items/v9.1ao-repeated-action-copy.md,65 個固定 ID 靜態核對、String Catalog JSON 及主機無簽章 Debug build 通過；GUI／VoiceOver 待驗收
V9-0671,已共用,來源已讀取 SailuneSymbol 語意 key；同功能字形是否一致依集中表與畫面驗收。,docs/work-items/v9-frozen-inventory.md,來源語意已複核；字形與輔助功能畫面驗收待完成
V9-0672,已共用,"V9.1ao 已依凍結 ID 將原操作標題接至 SailuneActionCopy，原繁體中文值、closure、role、style 及圖標不變；現行來源：} label: { Label(SailuneActionCopy.addSection, systemImage: SailuneSymbol.addSection.systemName) }",docs/work-items/v9.1ao-repeated-action-copy.md,65 個固定 ID 靜態核對、String Catalog JSON 及主機無簽章 Debug build 通過；GUI／VoiceOver 待驗收
V9-0673,已共用,來源已讀取 SailuneSymbol 語意 key；同功能字形是否一致依集中表與畫面驗收。,docs/work-items/v9-frozen-inventory.md,來源語意已複核；字形與輔助功能畫面驗收待完成
V9-0674,合理例外,此原生 Button 以 Label 同時提供文字與語意圖標，保留導覽／新增／刪除的領域 action；文案及圖標各有固定 ID 共用或例外，ButtonStyle 和實際命中仍獨立驗收。,docs/work-items/v9-frozen-inventory.md,來源 Label 按鈕已核對；位置／hit-test／鍵盤／Light／Dark 待驗收
V9-0675,已共用,"V9.1ao 已依凍結 ID 將原操作標題接至 SailuneActionCopy，原繁體中文值、closure、role、style 及圖標不變；現行來源：Button(role: .destructive) { deleteTarget = .section(section) } label: { Label(SailuneActionCopy.deleteSection, systemImage: SailuneSymbol.delete.systemName) }",docs/work-items/v9.1ao-repeated-action-copy.md,65 個固定 ID 靜態核對、String Catalog JSON 及主機無簽章 Debug build 通過；GUI／VoiceOver 待驗收
V9-0676,已共用,來源已讀取 SailuneSymbol 語意 key；同功能字形是否一致依集中表與畫面驗收。,docs/work-items/v9-frozen-inventory.md,來源語意已複核；字形與輔助功能畫面驗收待完成
V9-0677,合理例外,改名或名稱欄具 FocusState、提交或焦點副作用；保留專用輸入直到另有等價具名 variant。,docs/work-items/v9-frozen-inventory.md,來源分類已複核；具體 UI／資料驗收待完成
V9-0678,已共用,來源已讀取 SailuneSymbol 語意 key；同功能字形是否一致依集中表與畫面驗收。,docs/work-items/v9-frozen-inventory.md,來源語意已複核；字形與輔助功能畫面驗收待完成
V9-0679,待共用,原生 .borderless 樣式常見於圖標／整列控制；需與對應 Button ID 一起核對角色、28 pt 命中及是否需具名共用 variant。,docs/work-items/v9-frozen-inventory.md,來源 style 已核對；實際 hit-test／Light／Dark 待驗收
V9-0680,已共用,V9.1ax 固定重複描述「確認 (Enter)」已接 SailuneActionCopy 或 SailuneAccessibilityCopy 單一來源；原文字逐字相同。,docs/work-items/v9.1ax-repeated-accessibility-copy.md,String Catalog JSON 與主機無簽章 Debug build 通過；hover／VoiceOver 待驗收
V9-0681,已共用,來源已讀取 SailuneSymbol 語意 key；同功能字形是否一致依集中表與畫面驗收。,docs/work-items/v9-frozen-inventory.md,來源語意已複核；字形與輔助功能畫面驗收待完成
V9-0682,待共用,原生 .borderless 樣式常見於圖標／整列控制；需與對應 Button ID 一起核對角色、28 pt 命中及是否需具名共用 variant。,docs/work-items/v9-frozen-inventory.md,來源 style 已核對；實際 hit-test／Light／Dark 待驗收
V9-0683,已共用,V9.1ax 固定重複描述「取消」已接 SailuneActionCopy 或 SailuneAccessibilityCopy 單一來源；原文字逐字相同。,docs/work-items/v9.1ax-repeated-accessibility-copy.md,String Catalog JSON 與主機無簽章 Debug build 通過；hover／VoiceOver 待驗收
V9-0684,合理例外,領域 catch 在同一來源行明確顯示錯誤、拋出具名錯誤或 private 記錄；其資料結果依原領域契約保留，沒有共用 catch 外殼的必要。原語句：catch { presentPersistenceError(error) },docs/work-items/v9-frozen-inventory.md,來源已見明確錯誤出口；故障注入與 GUI 呈現尚待驗收
V9-0685,合理例外,領域 catch 在同一來源行明確顯示錯誤、拋出具名錯誤或 private 記錄；其資料結果依原領域契約保留，沒有共用 catch 外殼的必要。原語句：catch { modelContext.rollback(); presentPersistenceError(error) },docs/work-items/v9-frozen-inventory.md,來源已見明確錯誤出口；故障注入與 GUI 呈現尚待驗收
V9-0686,合理例外,V9.2al 已在此領域 catch 加 private OSLog；原回傳 nil／退回列表／延後修復的結果保持，故不共用資料 action。,docs/work-items/v9.2al-silent-catch-diagnostics.md,三個現行 catch 靜態核對與主機無簽章 Debug build 通過；隔離故障注入待驗收
V9-0687,合理例外,畫面標題、欄位名稱或領域狀態的靜態文字；不是 Button／Menu 操作命令。,docs/work-items/v9-frozen-inventory.md,字面值／重複群已核對；實際文案與輔助描述待畫面驗收
V9-0688,合理例外,編輯器指令或節次標題輸入，與一般表單的快捷鍵／保存契約不同；保留專用欄位。,docs/work-items/v9-frozen-inventory.md,來源分類已複核；具體 UI／資料驗收待完成
V9-0689,合理例外,目前固定清單中僅此處使用的領域文案「標題」；沒有同功能重複證據，保留具名畫面語境。,docs/work-items/v9-frozen-inventory.md,字面值／重複群已核對；實際文案與輔助描述待畫面驗收
V9-0690,合理例外,編輯器標題格式控制的字級圖標；非一般欄位或設定入口。 目前凍結清單沒有同一語意的第二個呼叫點，不為單一用途新增共用 key；若日後出現同義功能另版本再審。,docs/work-items/v9-frozen-inventory.md,來源語意已核對；實際字形／Light／Dark／VoiceOver 待驗收
V9-0691,待共用,原生 .borderless 樣式常見於圖標／整列控制；需與對應 Button ID 一起核對角色、28 pt 命中及是否需具名共用 variant。,docs/work-items/v9-frozen-inventory.md,來源 style 已核對；實際 hit-test／Light／Dark 待驗收
V9-0692,待共用,直接提示／輔助文字；需按固定 ID 核對操作對象、狀態、同功能用詞及是否缺少另一種描述。,docs/work-items/v9-frozen-inventory.md,來源描述已分類；VoiceOver／滑鼠提示仍待驗收
V9-0693,合理例外,節註記入口的 note.text；與節文件／匯出 TXT 不同。 目前凍結清單沒有同一語意的第二個呼叫點，不為單一用途新增共用 key；若日後出現同義功能另版本再審。,docs/work-items/v9-frozen-inventory.md,來源語意已核對；實際字形／Light／Dark／VoiceOver 待驗收
V9-0694,待共用,原生 .borderless 樣式常見於圖標／整列控制；需與對應 Button ID 一起核對角色、28 pt 命中及是否需具名共用 variant。,docs/work-items/v9-frozen-inventory.md,來源 style 已核對；實際 hit-test／Light／Dark 待驗收
V9-0695,待共用,直接提示／輔助文字；需按固定 ID 核對操作對象、狀態、同功能用詞及是否缺少另一種描述。,docs/work-items/v9-frozen-inventory.md,來源描述已分類；VoiceOver／滑鼠提示仍待驗收
V9-0696,已共用,背景引用已命名的 theme／AppTheme 色彩來源；用途與 Light／Dark 對照仍需畫面驗收。 凍結來源：.background(Color.appBackground),docs/work-items/v9-frozen-inventory.md,來源色彩用途已分類；Light／Dark 與 hit-testing 待驗收
V9-0697,合理例外,catch 明確設定錯誤呈現／狀態，保留領域提示；此處是領域失敗處理，不宜僅為共用化抽成統一資料 action。來源分支：saveState = .failed,docs/work-items/v9-frozen-inventory.md,來源分支已複核；故障注入或 GUI 呈現仍待相關驗收
V9-0698,合理例外,"採系統材質／bar 背景，語意與固定表面色不同；保留平台呈現。 凍結來源：.background(.regularMaterial, in: RoundedRectangle(cornerRadius: 8))",docs/work-items/v9-frozen-inventory.md,來源色彩用途已分類；Light／Dark 與 hit-testing 待驗收
V9-0699,合理例外,畫面標題、欄位名稱或領域狀態的靜態文字；不是 Button／Menu 操作命令。,docs/work-items/v9-frozen-inventory.md,字面值／重複群已核對；實際文案與輔助描述待畫面驗收
V9-0700,合理例外,畫面標題、欄位名稱或領域狀態的靜態文字；不是 Button／Menu 操作命令。,docs/work-items/v9-frozen-inventory.md,字面值／重複群已核對；實際文案與輔助描述待畫面驗收
V9-0701,已共用,背景引用已命名的 theme／AppTheme 色彩來源；用途與 Light／Dark 對照仍需畫面驗收。 凍結來源：.background(Color.appBackground),docs/work-items/v9-frozen-inventory.md,來源色彩用途已分類；Light／Dark 與 hit-testing 待驗收
V9-0702,已共用,V9.1as 節文件圖標統一讀取 SailuneSymbol.sectionDocument；原 doc.text 字形與畫面用途不變。,docs/work-items/v9.1as-frozen-symbol-groups.md,固定來源與無簽章 macOS Debug build 通過；GUI／VoiceOver 待驗收
V9-0703,已共用,背景引用已命名的 theme／AppTheme 色彩來源；用途與 Light／Dark 對照仍需畫面驗收。 凍結來源：.background(Color.appBackground),docs/work-items/v9-frozen-inventory.md,來源色彩用途已分類；Light／Dark 與 hit-testing 待驗收
V9-0704,合理例外,"領域錯誤／結果標題與狀態綁定由原畫面提供，確認按鈕已讀取 SailuneActionCopy.acknowledge，系統 .alert 提供共同呈現；保留領域內容與原 action。凍結來源：.alert(""無法完成這次編輯"", isPresented: Binding(",docs/work-items/v9-frozen-inventory.md,來源確認共用確認文案；實際錯誤呈現與鍵盤／VoiceOver 待驗收
V9-0705,合理例外,原生文字 Button；已使用 SailuneActionCopy 共用標題。保留 macOS 原生控制以承載此處 action；對應 button_style／copy ID 仍獨立審核，位置與實際命中須畫面驗收。凍結來源：Button(SailuneActionCopy.acknowledge) { planningUndoError = nil },docs/work-items/v9-frozen-inventory.md,來源確認為文字 Button；位置／鍵盤焦點／實際命中及 Light／Dark 待驗收
V9-0706,已共用,已讀取 SailuneActionCopy 或位於其實作；原中文值由集中資源提供。,docs/work-items/v9-frozen-inventory.md,字面值／重複群已核對；實際文案與輔助描述待畫面驗收
V9-0707,合理例外,可取消 Task.sleep 的取消出口；停止過時掃描／選取路由，不涉及資料寫入；此處是領域失敗處理，不宜僅為共用化抽成統一資料 action。來源分支：return,docs/work-items/v9-frozen-inventory.md,來源分支已複核；故障注入或 GUI 呈現仍待相關驗收
V9-0708,合理例外,畫面標題、欄位名稱或領域狀態的靜態文字；不是 Button／Menu 操作命令。,docs/work-items/v9-frozen-inventory.md,字面值／重複群已核對；實際文案與輔助描述待畫面驗收
V9-0709,合理例外,此處表示領域資料類型、靜態狀態或專用空狀態；未證實是跨畫面的相同操作，保留具名語境而不與同字形操作混用。,docs/work-items/v9-frozen-inventory.md,來源語意已複核；字形與輔助功能畫面驗收待完成
V9-0710,合理例外,章節註記有領域色、手動 placeholder、即時保存與固定 76 pt；先保留專用 editor，後續只複用可證明相同的 inset／surface。,docs/work-items/v9.1x-field-first-line-inset-audit.md,例外理由已核對；UI 回歸待驗收
V9-0711,合理例外,"背景色由此領域項目的動態分類色決定，非固定通用表面；保留來源色語意。 凍結來源：.background(color.opacity(0.08), in: RoundedRectangle(cornerRadius: 7))",docs/work-items/v9-frozen-inventory.md,來源色彩用途已分類；Light／Dark 與 hit-testing 待驗收
V9-0712,待共用,"錯誤或結果 alert 候選；需核對同類標題、詳細訊息、確認按鈕與錯誤出口後決定共用呈現外殼。 凍結來源：.alert(""匯出失敗"", isPresented: Binding(",docs/work-items/v9-frozen-inventory.md,來源呈現類型已核對；失敗／取消／GUI 待驗收
V9-0713,合理例外,"原生文字 Button；已使用 SailuneActionCopy 共用標題。保留 macOS 原生控制以承載此處 action；對應 button_style／copy ID 仍獨立審核，位置與實際命中須畫面驗收。凍結來源：Button(SailuneActionCopy.acknowledge, role: .cancel) { errorMessage = nil }",docs/work-items/v9-frozen-inventory.md,來源確認為文字 Button；位置／鍵盤焦點／實際命中及 Light／Dark 待驗收
V9-0714,已共用,已讀取 SailuneActionCopy 或位於其實作；原中文值由集中資源提供。,docs/work-items/v9-frozen-inventory.md,字面值／重複群已核對；實際文案與輔助描述待畫面驗收
V9-0715,合理例外,"原生文字 Button；領域字面標題另由 copy 家族核對是否同功能。保留 macOS 原生控制以承載此處 action；對應 button_style／copy ID 仍獨立審核，位置與實際命中須畫面驗收。凍結來源：Button(""不選擇"") {",docs/work-items/v9-frozen-inventory.md,來源確認為文字 Button；位置／鍵盤焦點／實際命中及 Light／Dark 待驗收
V9-0716,已共用,V9.1ao 已依凍結 ID 將原操作標題接至 SailuneActionCopy，原繁體中文值、closure、role、style 及圖標不變；現行來源：Button(SailuneActionCopy.clearSelection) {,docs/work-items/v9.1ao-repeated-action-copy.md,65 個固定 ID 靜態核對、String Catalog JSON 及主機無簽章 Debug build 通過；GUI／VoiceOver 待驗收
V9-0717,合理例外,"原生文字 Button；領域字面標題另由 copy 家族核對是否同功能。保留 macOS 原生控制以承載此處 action；對應 button_style／copy ID 仍獨立審核，位置與實際命中須畫面驗收。凍結來源：Button(""選擇(displayedPreset.title)"") {",docs/work-items/v9-frozen-inventory.md,來源確認為文字 Button；位置／鍵盤焦點／實際命中及 Light／Dark 待驗收
V9-0718,合理例外,目前固定清單中僅此處使用的領域文案「選擇(displayedPreset.title)」；沒有同功能重複證據，保留具名畫面語境。,docs/work-items/v9-frozen-inventory.md,字面值／重複群已核對；實際文案與輔助描述待畫面驗收
V9-0719,合理例外,採 macOS 原生 .borderedProminent 樣式，保留平台語意；此例外只涵蓋 style，按鈕位置／命中與操作文案仍依對應 Button ID 驗收。,docs/work-items/v9-frozen-inventory.md,來源 style 已核對；實際 hit-test／Light／Dark 待驗收
V9-0720,合理例外,採系統材質／bar 背景，語意與固定表面色不同；保留平台呈現。 凍結來源：.background(.bar),docs/work-items/v9-frozen-inventory.md,來源色彩用途已分類；Light／Dark 與 hit-testing 待驗收
V9-0721,已共用,"V9.1as 原字形由 SailuneSymbol.government 提供；功能、文字與位置不變。原命中：systemImage: ""building.columns""",docs/work-items/v9.1as-frozen-symbol-groups.md,固定 ID、原字形與主機無簽章 macOS Debug build、git diff --check 通過；Light／Dark／VoiceOver 待驗收
V9-0722,合理例外,原生文字 Button；已使用 SailuneActionCopy 共用標題。保留 macOS 原生控制以承載此處 action；對應 button_style／copy ID 仍獨立審核，位置與實際命中須畫面驗收。凍結來源：Button(SailuneActionCopy.close) { dismiss() },docs/work-items/v9-frozen-inventory.md,來源確認為文字 Button；位置／鍵盤焦點／實際命中及 Light／Dark 待驗收
V9-0723,已共用,已讀取 SailuneActionCopy 或位於其實作；原中文值由集中資源提供。,docs/work-items/v9-frozen-inventory.md,字面值／重複群已核對；實際文案與輔助描述待畫面驗收
V9-0724,合理例外,畫面標題、欄位名稱或領域狀態的靜態文字；不是 Button／Menu 操作命令。,docs/work-items/v9-frozen-inventory.md,字面值／重複群已核對；實際文案與輔助描述待畫面驗收
V9-0725,合理例外,畫面標題、欄位名稱或領域狀態的靜態文字；不是 Button／Menu 操作命令。,docs/work-items/v9-frozen-inventory.md,字面值／重複群已核對；實際文案與輔助描述待畫面驗收
V9-0726,已共用,"V9.1as 原字形由 SailuneSymbol.linkedReference 提供；功能、文字與位置不變。原命中：systemImage: ""link""",docs/work-items/v9.1as-frozen-symbol-groups.md,固定 ID、原字形與主機無簽章 macOS Debug build、git diff --check 通過；Light／Dark／VoiceOver 待驗收
V9-0727,合理例外,來源以 SwiftUI 原生 Button 的標題參數承載文字或文字加圖標；保留原生角色／焦點／可用狀態，文案與圖標分別由固定 copy／symbol ID 審核，不為此控制另造相同 Button 外殼。來源：Button(entry.name) { onOpen(entry.id) },docs/work-items/v9-frozen-inventory.md,來源原生標題按鈕已核對；位置／實際 hit-test／鍵盤與 Light／Dark 待驗收
V9-0728,待共用,原生 .borderless 樣式常見於圖標／整列控制；需與對應 Button ID 一起核對角色、28 pt 命中及是否需具名共用 variant。,docs/work-items/v9-frozen-inventory.md,來源 style 已核對；實際 hit-test／Light／Dark 待驗收
V9-0729,合理例外,畫面標題、欄位名稱或領域狀態的靜態文字；不是 Button／Menu 操作命令。,docs/work-items/v9-frozen-inventory.md,字面值／重複群已核對；實際文案與輔助描述待畫面驗收
V9-0730,合理例外,Inspector 管理／調整入口的滑桿圖標；與故事線／階段管理是不同操作。 目前凍結清單沒有同一語意的第二個呼叫點，不為單一用途新增共用 key；若日後出現同義功能另版本再審。,docs/work-items/v9-frozen-inventory.md,來源語意已核對；實際字形／Light／Dark／VoiceOver 待驗收
V9-0731,待共用,原生 .borderless 樣式常見於圖標／整列控制；需與對應 Button ID 一起核對角色、28 pt 命中及是否需具名共用 variant。,docs/work-items/v9-frozen-inventory.md,來源 style 已核對；實際 hit-test／Light／Dark 待驗收
V9-0732,待共用,直接提示／輔助文字；需按固定 ID 核對操作對象、狀態、同功能用詞及是否缺少另一種描述。,docs/work-items/v9-frozen-inventory.md,來源描述已分類；VoiceOver／滑鼠提示仍待驗收
V9-0733,已共用,"V9.1as 原字形由 SailuneSymbol.settingsSidebar 提供；功能、文字與位置不變。原命中：systemImage: ""sidebar.right""",docs/work-items/v9.1as-frozen-symbol-groups.md,固定 ID、原字形與主機無簽章 macOS Debug build、git diff --check 通過；Light／Dark／VoiceOver 待驗收
V9-0734,合理例外,畫面標題、欄位名稱或領域狀態的靜態文字；不是 Button／Menu 操作命令。,docs/work-items/v9-frozen-inventory.md,字面值／重複群已核對；實際文案與輔助描述待畫面驗收
V9-0735,合理例外,此處表示領域資料類型、靜態狀態或專用空狀態；未證實是跨畫面的相同操作，保留具名語境而不與同字形操作混用。,docs/work-items/v9-frozen-inventory.md,來源語意已複核；字形與輔助功能畫面驗收待完成
V9-0736,合理例外,內容型系統 sheet 承載此領域編輯流程；不與刪除／錯誤提示共用資料 action，仍需核對取消與焦點。 凍結來源：.sheet(isPresented: $showingSidebarSettings) {,docs/work-items/v9-frozen-inventory.md,來源呈現類型已核對；失敗／取消／GUI 待驗收
V9-0737,合理例外,V9.2al 已在此領域 catch 加 private OSLog；原回傳 nil／退回列表／延後修復的結果保持，故不共用資料 action。,docs/work-items/v9.2al-silent-catch-diagnostics.md,三個現行 catch 靜態核對與主機無簽章 Debug build 通過；隔離故障注入待驗收
V9-0738,合理例外,"catch 明確記錄診斷或 Store 錯誤，保留原操作結果；此處是領域失敗處理，不宜僅為共用化抽成統一資料 action。來源分支：itemCopyHistoryCodingLogger.error( ""Failed to encode related character IDs; returning empty data. \(String(describing: error), privacy: .private)"" ) return Data()",docs/work-items/v9-frozen-inventory.md,來源分支已複核；故障注入或 GUI 呈現仍待相關驗收
V9-0739,合理例外,"catch 明確記錄診斷或 Store 錯誤，保留原操作結果；此處是領域失敗處理，不宜僅為共用化抽成統一資料 action。來源分支：itemCopyHistoryCodingLogger.error( ""Failed to decode related character IDs; returning an empty list. \(String(describing: error), privacy: .private)"" ) return []",docs/work-items/v9-frozen-inventory.md,來源分支已複核；故障注入或 GUI 呈現仍待相關驗收
V9-0740,合理例外,"catch 明確向上拋出領域／原錯誤，保留呼叫端決策；此處是領域失敗處理，不宜僅為共用化抽成統一資料 action。來源分支：context.rollback() if levelSelectionContext !== context { levelSelectionContext.rollback() } do { try refresh() } catch { Self.logger.error(""Refresh after reconciliation rollback failed: \(String(describing: error), privacy: .private)"") } throw error",docs/work-items/v9-frozen-inventory.md,來源分支已複核；故障注入或 GUI 呈現仍待相關驗收
V9-0741,合理例外,"領域 catch 在同一來源行明確顯示錯誤、拋出具名錯誤或 private 記錄；其資料結果依原領域契約保留，沒有共用 catch 外殼的必要。原語句：catch { Self.logger.error(""Refresh after reconciliation rollback failed: \(String(describing: error), privacy: .private)"") }",docs/work-items/v9-frozen-inventory.md,來源已見明確錯誤出口；故障注入與 GUI 呈現尚待驗收
V9-0742,合理例外,"catch 明確記錄診斷或 Store 錯誤，保留原操作結果；此處是領域失敗處理，不宜僅為共用化抽成統一資料 action。來源分支：context.rollback() if levelSelectionContext !== context { levelSelectionContext.rollback() } do { try refresh() } catch { Self.logger.error(""Refresh after save rollback failed: \(String(describing: error), privacy: .private)"") } let nsError = error as NSError persistenceErrorMessage = ""\(nsError.dom",docs/work-items/v9-frozen-inventory.md,來源分支已複核；故障注入或 GUI 呈現仍待相關驗收
V9-0743,合理例外,"領域 catch 在同一來源行明確顯示錯誤、拋出具名錯誤或 private 記錄；其資料結果依原領域契約保留，沒有共用 catch 外殼的必要。原語句：catch { Self.logger.error(""Refresh after save rollback failed: \(String(describing: error), privacy: .private)"") }",docs/work-items/v9-frozen-inventory.md,來源已見明確錯誤出口；故障注入與 GUI 呈現尚待驗收
V9-0744,已共用,來源已引用共用單行／搜尋欄位或位於其實作；原 Binding 與外層行為仍須依畫面核對。,docs/work-items/v9-frozen-inventory.md,來源分類已複核；具體 UI／資料驗收待完成
V9-0745,已共用,背景引用已命名的 theme／AppTheme 色彩來源；用途與 Light／Dark 對照仍需畫面驗收。 凍結來源：.background(Color.workspacePanelBackground),docs/work-items/v9-frozen-inventory.md,來源色彩用途已分類；Light／Dark 與 hit-testing 待驗收
V9-0746,合理例外,"來源以 SwiftUI 原生 Button 的標題參數承載文字或文字加圖標；保留原生角色／焦點／可用狀態，文案與圖標分別由固定 copy／symbol ID 審核，不為此控制另造相同 Button 外殼。來源：Button(""新增物品"", systemImage: SailuneSymbol.add.systemName) { showNewItemSheet = true }",docs/work-items/v9-frozen-inventory.md,來源原生標題按鈕已核對；位置／實際 hit-test／鍵盤與 Light／Dark 待驗收
V9-0747,合理例外,目前固定清單中僅此處使用的領域文案「新增物品」；沒有同功能重複證據，保留具名畫面語境。,docs/work-items/v9-frozen-inventory.md,字面值／重複群已核對；實際文案與輔助描述待畫面驗收
V9-0748,已共用,來源已讀取 SailuneSymbol 語意 key；同功能字形是否一致依集中表與畫面驗收。,docs/work-items/v9-frozen-inventory.md,來源語意已複核；字形與輔助功能畫面驗收待完成
V9-0749,合理例外,採 macOS 原生 .borderedProminent 樣式，保留平台語意；此例外只涵蓋 style，按鈕位置／命中與操作文案仍依對應 Button ID 驗收。,docs/work-items/v9-frozen-inventory.md,來源 style 已核對；實際 hit-test／Light／Dark 待驗收
V9-0750,合理例外,內容型系統 sheet 承載此領域編輯流程；不與刪除／錯誤提示共用資料 action，仍需核對取消與焦點。 凍結來源：.sheet(isPresented: $showNewItemSheet) {,docs/work-items/v9-frozen-inventory.md,來源呈現類型已核對；失敗／取消／GUI 待驗收
V9-0751,合理例外,畫面標題、欄位名稱或領域狀態的靜態文字；不是 Button／Menu 操作命令。,docs/work-items/v9-frozen-inventory.md,字面值／重複群已核對；實際文案與輔助描述待畫面驗收
V9-0752,已共用,來源已引用共用單行／搜尋欄位或位於其實作；原 Binding 與外層行為仍須依畫面核對。,docs/work-items/v9-frozen-inventory.md,來源分類已複核；具體 UI／資料驗收待完成
V9-0753,合理例外,原生文字 Button；已使用 SailuneActionCopy 共用標題。保留 macOS 原生控制以承載此處 action；對應 button_style／copy ID 仍獨立審核，位置與實際命中須畫面驗收。凍結來源：Button(SailuneActionCopy.cancel) { showNewItemSheet = false },docs/work-items/v9-frozen-inventory.md,來源確認為文字 Button；位置／鍵盤焦點／實際命中及 Light／Dark 待驗收
V9-0754,已共用,已讀取 SailuneActionCopy 或位於其實作；原中文值由集中資源提供。,docs/work-items/v9-frozen-inventory.md,字面值／重複群已核對；實際文案與輔助描述待畫面驗收
V9-0755,合理例外,"原生文字 Button；領域字面標題另由 copy 家族核對是否同功能。保留 macOS 原生控制以承載此處 action；對應 button_style／copy ID 仍獨立審核，位置與實際命中須畫面驗收。凍結來源：Button(""建立"") {",docs/work-items/v9-frozen-inventory.md,來源確認為文字 Button；位置／鍵盤焦點／實際命中及 Light／Dark 待驗收
V9-0756,已共用,V9.1ao 已依凍結 ID 將原操作標題接至 SailuneActionCopy，原繁體中文值、closure、role、style 及圖標不變；現行來源：Button(SailuneActionCopy.create) {,docs/work-items/v9.1ao-repeated-action-copy.md,65 個固定 ID 靜態核對、String Catalog JSON 及主機無簽章 Debug build 通過；GUI／VoiceOver 待驗收
V9-0757,合理例外,採 macOS 原生 .borderedProminent 樣式，保留平台語意；此例外只涵蓋 style，按鈕位置／命中與操作文案仍依對應 Button ID 驗收。,docs/work-items/v9-frozen-inventory.md,來源 style 已核對；實際 hit-test／Light／Dark 待驗收
V9-0758,待共用,"確認流程候選；需核對標題、破壞後果、取消、預設角色及 Store action，僅呈現外殼可共用。 凍結來源：.confirmationDialog(""刪除物品？"", isPresented: Binding(",docs/work-items/v9-frozen-inventory.md,來源呈現類型已核對；失敗／取消／GUI 待驗收
V9-0759,合理例外,"來源以 SwiftUI 原生 Button 的標題參數承載文字或文字加圖標；保留原生角色／焦點／可用狀態，文案與圖標分別由固定 copy／symbol ID 審核，不為此控制另造相同 Button 外殼。來源：Button(SailuneActionCopy.delete, role: .destructive) { delete(item) }",docs/work-items/v9-frozen-inventory.md,來源原生標題按鈕已核對；位置／實際 hit-test／鍵盤與 Light／Dark 待驗收
V9-0760,已共用,已讀取 SailuneActionCopy 或位於其實作；原中文值由集中資源提供。,docs/work-items/v9-frozen-inventory.md,字面值／重複群已核對；實際文案與輔助描述待畫面驗收
V9-0761,合理例外,"原生文字 Button；已使用 SailuneActionCopy 共用標題。保留 macOS 原生控制以承載此處 action；對應 button_style／copy ID 仍獨立審核，位置與實際命中須畫面驗收。凍結來源：Button(SailuneActionCopy.cancel, role: .cancel) { deleteTarget = nil }",docs/work-items/v9-frozen-inventory.md,來源確認為文字 Button；位置／鍵盤焦點／實際命中及 Light／Dark 待驗收
V9-0762,已共用,已讀取 SailuneActionCopy 或位於其實作；原中文值由集中資源提供。,docs/work-items/v9-frozen-inventory.md,字面值／重複群已核對；實際文案與輔助描述待畫面驗收
V9-0763,待共用,"DIALOG-03：alert 同標題「物品刪除未完成」共 2 處；需比較取消／破壞性角色、message 與 Store action，只有外殼相同才共用。凍結來源：.alert(""物品刪除未完成"", isPresented: Binding(",docs/work-items/v9-frozen-inventory.md,來源呈現類型已核對；失敗／取消／GUI 待驗收
V9-0764,合理例外,原生文字 Button；已使用 SailuneActionCopy 共用標題。保留 macOS 原生控制以承載此處 action；對應 button_style／copy ID 仍獨立審核，位置與實際命中須畫面驗收。凍結來源：)) { Button(SailuneActionCopy.acknowledge) { deletionErrorMessage = nil } } message: {,docs/work-items/v9-frozen-inventory.md,來源確認為文字 Button；位置／鍵盤焦點／實際命中及 Light／Dark 待驗收
V9-0765,已共用,已讀取 SailuneActionCopy 或位於其實作；原中文值由集中資源提供。,docs/work-items/v9-frozen-inventory.md,字面值／重複群已核對；實際文案與輔助描述待畫面驗收
V9-0766,合理例外,catch 明確設定錯誤呈現／狀態，保留領域提示；此處是領域失敗處理，不宜僅為共用化抽成統一資料 action。來源分支：modelContext.rollback() deletionErrorMessage = error.localizedDescription,docs/work-items/v9-frozen-inventory.md,來源分支已複核；故障注入或 GUI 呈現仍待相關驗收
V9-0767,待共用,破壞性按鈕；需核對與主要動作的距離、確認／取消語意及是否只共用呈現外殼。 凍結來源：Button(action: { onOpen(item) }) {,docs/work-items/v9-frozen-inventory.md,來源按鈕型態已列；實際命中／鍵盤／Light／Dark 待驗收
V9-0768,待共用,原生 .plain 樣式常見於圖標／整列控制；需與對應 Button ID 一起核對角色、28 pt 命中及是否需具名共用 variant。,docs/work-items/v9-frozen-inventory.md,來源 style 已核對；實際 hit-test／Light／Dark 待驗收
V9-0769,合理例外,"來源以 SwiftUI 原生 Button 的標題參數承載文字或文字加圖標；保留原生角色／焦點／可用狀態，文案與圖標分別由固定 copy／symbol ID 審核，不為此控制另造相同 Button 外殼。來源：Button(SailuneActionCopy.delete, role: .destructive, action: onDelete)",docs/work-items/v9-frozen-inventory.md,來源原生標題按鈕已核對；位置／實際 hit-test／鍵盤與 Light／Dark 待驗收
V9-0770,已共用,已讀取 SailuneActionCopy 或位於其實作；原中文值由集中資源提供。,docs/work-items/v9-frozen-inventory.md,字面值／重複群已核對；實際文案與輔助描述待畫面驗收
V9-0771,待共用,原生 .plain 樣式常見於圖標／整列控制；需與對應 Button ID 一起核對角色、28 pt 命中及是否需具名共用 variant。,docs/work-items/v9-frozen-inventory.md,來源 style 已核對；實際 hit-test／Light／Dark 待驗收
V9-0772,待共用,原生文字或選單動作按鈕；依來源行中的具名操作核對角色、同功能文案、位置與命中。 凍結來源：Button(action: onBack) {,docs/work-items/v9-frozen-inventory.md,來源按鈕型態已列；實際命中／鍵盤／Light／Dark 待驗收
V9-0773,已共用,"V9.1ao 已依凍結 ID 將原操作標題接至 SailuneActionCopy，原繁體中文值、closure、role、style 及圖標不變；現行來源：Label(SailuneActionCopy.back, systemImage: SailuneSymbol.back.systemName)",docs/work-items/v9.1ao-repeated-action-copy.md,65 個固定 ID 靜態核對、String Catalog JSON 及主機無簽章 Debug build 通過；GUI／VoiceOver 待驗收
V9-0774,已共用,來源已讀取 SailuneSymbol 語意 key；同功能字形是否一致依集中表與畫面驗收。,docs/work-items/v9-frozen-inventory.md,來源語意已複核；字形與輔助功能畫面驗收待完成
V9-0775,待共用,原生 .plain 樣式常見於圖標／整列控制；需與對應 Button ID 一起核對角色、28 pt 命中及是否需具名共用 variant。,docs/work-items/v9-frozen-inventory.md,來源 style 已核對；實際 hit-test／Light／Dark 待驗收
V9-0776,已共用,V9.1av 已把原色值來源改讀 SailuneTheme.controlSurface，保留原 shape、opacity 與層級；雙重 regex ID 指向同一色值表達式時共同標記。,docs/work-items/v9.1av-frozen-surfaces.md,21 個現行來源、原色值、無簽章 macOS Debug build 與 git diff --check 通過；Light／Dark／hover 實際畫面待驗收
V9-0777,合理例外,目前固定清單中僅此處使用的領域文案「物品設定」；沒有同功能重複證據，保留具名畫面語境。,docs/work-items/v9-frozen-inventory.md,字面值／重複群已核對；實際文案與輔助描述待畫面驗收
V9-0778,已共用,來源已讀取 SailuneSymbol 語意 key；同功能字形是否一致依集中表與畫面驗收。,docs/work-items/v9-frozen-inventory.md,來源語意已複核；字形與輔助功能畫面驗收待完成
V9-0779,已共用,來源已引用共用單行／搜尋欄位或位於其實作；原 Binding 與外層行為仍須依畫面核對。,docs/work-items/v9-frozen-inventory.md,來源分類已複核；具體 UI／資料驗收待完成
V9-0780,合理例外,目前固定清單中僅此處使用的領域文案「物品名稱不可空白」；沒有同功能重複證據，保留具名畫面語境。,docs/work-items/v9-frozen-inventory.md,字面值／重複群已核對；實際文案與輔助描述待畫面驗收
V9-0781,已共用,來源已讀取 SailuneSymbol 語意 key；同功能字形是否一致依集中表與畫面驗收。,docs/work-items/v9-frozen-inventory.md,來源語意已複核；字形與輔助功能畫面驗收待完成
V9-0782,已共用,來源已引用共用單行／搜尋欄位或位於其實作；原 Binding 與外層行為仍須依畫面核對。,docs/work-items/v9-frozen-inventory.md,來源分類已複核；具體 UI／資料驗收待完成
V9-0783,合理例外,畫面標題、欄位名稱或領域狀態的靜態文字；不是 Button／Menu 操作命令。,docs/work-items/v9-frozen-inventory.md,字面值／重複群已核對；實際文案與輔助描述待畫面驗收
V9-0784,合理例外,"原生文字 Button；領域字面標題另由 copy 家族核對是否同功能。保留 macOS 原生控制以承載此處 action；對應 button_style／copy ID 仍獨立審核，位置與實際命中須畫面驗收。凍結來源：Button(""第 \(sectionNumber(section)) 節｜\(section.title.isEmpty ? ""未命名節"" : section.title)"") { onSelectSection?(section) }.buttonStyle(.link)",docs/work-items/v9-frozen-inventory.md,來源確認為文字 Button；位置／鍵盤焦點／實際命中及 Light／Dark 待驗收
V9-0785,合理例外,目前固定清單中僅此處使用的領域文案「第 \(sectionNumber(section)) 節｜\(section.title.isEmpty ? 」；沒有同功能重複證據，保留具名畫面語境。,docs/work-items/v9-frozen-inventory.md,字面值／重複群已核對；實際文案與輔助描述待畫面驗收
V9-0786,合理例外,採 macOS 原生 .link 樣式，保留平台語意；此例外只涵蓋 style，按鈕位置／命中與操作文案仍依對應 Button ID 驗收。,docs/work-items/v9-frozen-inventory.md,來源 style 已核對；實際 hit-test／Light／Dark 待驗收
V9-0787,合理例外,"來源以 SwiftUI 原生 Button 的標題參數承載文字或文字加圖標；保留原生角色／焦點／可用狀態，文案與圖標分別由固定 copy／symbol ID 審核，不為此控制另造相同 Button 外殼。來源：Button(""新增副本"", systemImage: ""plus.square.on.square"", action: addCopy)",docs/work-items/v9-frozen-inventory.md,來源原生標題按鈕已核對；位置／實際 hit-test／鍵盤與 Light／Dark 待驗收
V9-0788,已共用,"V9.1ao 已依凍結 ID 將原操作標題接至 SailuneActionCopy，原繁體中文值、closure、role、style 及圖標不變；現行來源：Button(SailuneActionCopy.addCopy, systemImage: ""plus.square.on.square"", action: addCopy)",docs/work-items/v9.1ao-repeated-action-copy.md,65 個固定 ID 靜態核對、String Catalog JSON 及主機無簽章 Debug build 通過；GUI／VoiceOver 待驗收
V9-0789,已共用,使用者核定 V9.1at：新增副本兩處均使用 SailuneSymbol.addCopy（plus.square.on.square）；原位置、文字與 addCopy action 不變。,docs/work-items/v9.1at-same-action-symbols.md,主機無簽章 Debug build 通過；實際命中／Light／Dark／CJK／VoiceOver 待驗收
V9-0790,合理例外,"來源以 SwiftUI 原生 Button 的標題參數承載文字或文字加圖標；保留原生角色／焦點／可用狀態，文案與圖標分別由固定 copy／symbol ID 審核，不為此控制另造相同 Button 外殼。來源：Button(""刪除物品"", systemImage: SailuneSymbol.delete.systemName, role: .destructive) { showDeleteConfirmation = true }",docs/work-items/v9-frozen-inventory.md,來源原生標題按鈕已核對；位置／實際 hit-test／鍵盤與 Light／Dark 待驗收
V9-0791,已共用,"V9.1ao 已依凍結 ID 將原操作標題接至 SailuneActionCopy，原繁體中文值、closure、role、style 及圖標不變；現行來源：Button(SailuneActionCopy.deleteItem, systemImage: SailuneSymbol.delete.systemName, role: .destructive) { showDeleteConfirmation = true }",docs/work-items/v9.1ao-repeated-action-copy.md,65 個固定 ID 靜態核對、String Catalog JSON 及主機無簽章 Debug build 通過；GUI／VoiceOver 待驗收
V9-0792,已共用,來源已讀取 SailuneSymbol 語意 key；同功能字形是否一致依集中表與畫面驗收。,docs/work-items/v9-frozen-inventory.md,來源語意已複核；字形與輔助功能畫面驗收待完成
V9-0793,待共用,"確認流程候選；需核對標題、破壞後果、取消、預設角色及 Store action，僅呈現外殼可共用。 凍結來源：.confirmationDialog(""確定刪除「\(item.name)」？"", isPresented: $showDeleteConfirmation, titleVisibility: .visible) {",docs/work-items/v9-frozen-inventory.md,來源呈現類型已核對；失敗／取消／GUI 待驗收
V9-0794,合理例外,"來源以 SwiftUI 原生 Button 的標題參數承載文字或文字加圖標；保留原生角色／焦點／可用狀態，文案與圖標分別由固定 copy／symbol ID 審核，不為此控制另造相同 Button 外殼。來源：Button(""刪除物品"", role: .destructive, action: deleteItem)",docs/work-items/v9-frozen-inventory.md,來源原生標題按鈕已核對；位置／實際 hit-test／鍵盤與 Light／Dark 待驗收
V9-0795,已共用,"V9.1ao 已依凍結 ID 將原操作標題接至 SailuneActionCopy，原繁體中文值、closure、role、style 及圖標不變；現行來源：Button(SailuneActionCopy.deleteItem, role: .destructive, action: deleteItem)",docs/work-items/v9.1ao-repeated-action-copy.md,65 個固定 ID 靜態核對、String Catalog JSON 及主機無簽章 Debug build 通過；GUI／VoiceOver 待驗收
V9-0796,合理例外,"原生文字 Button；已使用 SailuneActionCopy 共用標題。保留 macOS 原生控制以承載此處 action；對應 button_style／copy ID 仍獨立審核，位置與實際命中須畫面驗收。凍結來源：Button(SailuneActionCopy.cancel, role: .cancel) { }",docs/work-items/v9-frozen-inventory.md,來源確認為文字 Button；位置／鍵盤焦點／實際命中及 Light／Dark 待驗收
V9-0797,已共用,已讀取 SailuneActionCopy 或位於其實作；原中文值由集中資源提供。,docs/work-items/v9-frozen-inventory.md,字面值／重複群已核對；實際文案與輔助描述待畫面驗收
V9-0798,合理例外,畫面標題、欄位名稱或領域狀態的靜態文字；不是 Button／Menu 操作命令。,docs/work-items/v9-frozen-inventory.md,字面值／重複群已核對；實際文案與輔助描述待畫面驗收
V9-0799,待共用,"DIALOG-03：alert 同標題「物品刪除未完成」共 2 處；需比較取消／破壞性角色、message 與 Store action，只有外殼相同才共用。凍結來源：.alert(""物品刪除未完成"", isPresented: Binding(",docs/work-items/v9-frozen-inventory.md,來源呈現類型已核對；失敗／取消／GUI 待驗收
V9-0800,合理例外,原生文字 Button；已使用 SailuneActionCopy 共用標題。保留 macOS 原生控制以承載此處 action；對應 button_style／copy ID 仍獨立審核，位置與實際命中須畫面驗收。凍結來源：)) { Button(SailuneActionCopy.acknowledge) { deletionErrorMessage = nil } } message: {,docs/work-items/v9-frozen-inventory.md,來源確認為文字 Button；位置／鍵盤焦點／實際命中及 Light／Dark 待驗收
V9-0801,已共用,已讀取 SailuneActionCopy 或位於其實作；原中文值由集中資源提供。,docs/work-items/v9-frozen-inventory.md,字面值／重複群已核對；實際文案與輔助描述待畫面驗收
V9-0802,合理例外,畫面標題、欄位名稱或領域狀態的靜態文字；不是 Button／Menu 操作命令。,docs/work-items/v9-frozen-inventory.md,字面值／重複群已核對；實際文案與輔助描述待畫面驗收
V9-0803,合理例外,"來源以 SwiftUI 原生 Button 的標題參數承載文字或文字加圖標；保留原生角色／焦點／可用狀態，文案與圖標分別由固定 copy／symbol ID 審核，不為此控制另造相同 Button 外殼。來源：Button(""新增副本"", systemImage: SailuneSymbol.add.systemName, action: addCopy)",docs/work-items/v9-frozen-inventory.md,來源原生標題按鈕已核對；位置／實際 hit-test／鍵盤與 Light／Dark 待驗收
V9-0804,已共用,"V9.1ao 已依凍結 ID 將原操作標題接至 SailuneActionCopy，原繁體中文值、closure、role、style 及圖標不變；現行來源：Button(SailuneActionCopy.addCopy, systemImage: SailuneSymbol.add.systemName, action: addCopy)",docs/work-items/v9.1ao-repeated-action-copy.md,65 個固定 ID 靜態核對、String Catalog JSON 及主機無簽章 Debug build 通過；GUI／VoiceOver 待驗收
V9-0805,已共用,來源已讀取 SailuneSymbol 語意 key；同功能字形是否一致依集中表與畫面驗收。,docs/work-items/v9-frozen-inventory.md,來源語意已複核；字形與輔助功能畫面驗收待完成
V9-0806,待共用,原生 .borderless 樣式常見於圖標／整列控制；需與對應 Button ID 一起核對角色、28 pt 命中及是否需具名共用 variant。,docs/work-items/v9-frozen-inventory.md,來源 style 已核對；實際 hit-test／Light／Dark 待驗收
V9-0807,合理例外,畫面標題、欄位名稱或領域狀態的靜態文字；不是 Button／Menu 操作命令。,docs/work-items/v9-frozen-inventory.md,字面值／重複群已核對；實際文案與輔助描述待畫面驗收
V9-0808,已共用,來源已讀取 SailuneSymbol 語意 key；同功能字形是否一致依集中表與畫面驗收。,docs/work-items/v9-frozen-inventory.md,來源語意已複核；字形與輔助功能畫面驗收待完成
V9-0809,待共用,原生 .plain 樣式常見於圖標／整列控制；需與對應 Button ID 一起核對角色、28 pt 命中及是否需具名共用 variant。,docs/work-items/v9-frozen-inventory.md,來源 style 已核對；實際 hit-test／Light／Dark 待驗收
V9-0810,待共用,同為上下移動，但物品等級使用 arrow.up/down、勢力與側邊欄使用 chevron.up/down；具體控制、原 action／禁用與提案見 V9.1af，U 待核定。,docs/work-items/v9.1af-reorder-controls.md,來源字形與操作已核對；U／I、hit-test、鍵盤／Light／Dark 待驗收
V9-0811,待共用,原生 .plain 樣式常見於圖標／整列控制；需與對應 Button ID 一起核對角色、28 pt 命中及是否需具名共用 variant。,docs/work-items/v9-frozen-inventory.md,來源 style 已核對；實際 hit-test／Light／Dark 待驗收
V9-0812,待共用,物品副本重排描述需與能力／勢力／側邊欄的上移／下移名稱對齊；V9.1af U 待核定。,docs/work-items/v9.1af-reorder-controls.md,來源描述已分類；VoiceOver／滑鼠提示仍待驗收
V9-0813,待共用,同為上下移動，但物品等級使用 arrow.up/down、勢力與側邊欄使用 chevron.up/down；具體控制、原 action／禁用與提案見 V9.1af，U 待核定。,docs/work-items/v9.1af-reorder-controls.md,來源字形與操作已核對；U／I、hit-test、鍵盤／Light／Dark 待驗收
V9-0814,待共用,原生 .plain 樣式常見於圖標／整列控制；需與對應 Button ID 一起核對角色、28 pt 命中及是否需具名共用 variant。,docs/work-items/v9-frozen-inventory.md,來源 style 已核對；實際 hit-test／Light／Dark 待驗收
V9-0815,待共用,物品副本重排描述需與能力／勢力／側邊欄的上移／下移名稱對齊；V9.1af U 待核定。,docs/work-items/v9.1af-reorder-controls.md,來源描述已分類；VoiceOver／滑鼠提示仍待驗收
V9-0816,已共用,已接入共用 InsetTextEditor，原 Binding 與最小高度保留；仍需代表畫面驗收首行、焦點和組字。,docs/work-items/v9.1x-field-first-line-inset-audit.md,待實際 UI 驗收
V9-0817,合理例外,"catch 明確設定錯誤呈現／狀態，保留領域提示；此處是領域失敗處理，不宜僅為共用化抽成統一資料 action。來源分支：modelContext.rollback() deletionErrorMessage = ""物品未刪除。\n\n\(error.localizedDescription)""",docs/work-items/v9-frozen-inventory.md,來源分支已複核；故障注入或 GUI 呈現仍待相關驗收
V9-0818,合理例外,此原生 Button 以 Label 同時提供文字與語意圖標，保留導覽／新增／刪除的領域 action；文案及圖標各有固定 ID 共用或例外，ButtonStyle 和實際命中仍獨立驗收。,docs/work-items/v9-frozen-inventory.md,來源 Label 按鈕已核對；位置／hit-test／鍵盤／Light／Dark 待驗收
V9-0819,合理例外,目前固定清單中僅此處使用的領域文案「返回物品」；沒有同功能重複證據，保留具名畫面語境。,docs/work-items/v9-frozen-inventory.md,字面值／重複群已核對；實際文案與輔助描述待畫面驗收
V9-0820,已共用,來源已讀取 SailuneSymbol 語意 key；同功能字形是否一致依集中表與畫面驗收。,docs/work-items/v9-frozen-inventory.md,來源語意已複核；字形與輔助功能畫面驗收待完成
V9-0821,待共用,原生 .plain 樣式常見於圖標／整列控制；需與對應 Button ID 一起核對角色、28 pt 命中及是否需具名共用 variant。,docs/work-items/v9-frozen-inventory.md,來源 style 已核對；實際 hit-test／Light／Dark 待驗收
V9-0822,已共用,V9.1av 已把原色值來源改讀 SailuneTheme.controlSurface，保留原 shape、opacity 與層級；雙重 regex ID 指向同一色值表達式時共同標記。,docs/work-items/v9.1av-frozen-surfaces.md,21 個現行來源、原色值、無簽章 macOS Debug build 與 git diff --check 通過；Light／Dark／hover 實際畫面待驗收
V9-0823,合理例外,目前固定清單中僅此處使用的領域文案「副本 \(copyNumber)」；沒有同功能重複證據，保留具名畫面語境。,docs/work-items/v9-frozen-inventory.md,字面值／重複群已核對；實際文案與輔助描述待畫面驗收
V9-0824,合理例外,此處表示領域資料類型、靜態狀態或專用空狀態；未證實是跨畫面的相同操作，保留具名語境而不與同字形操作混用。,docs/work-items/v9-frozen-inventory.md,來源語意已複核；字形與輔助功能畫面驗收待完成
V9-0825,合理例外,畫面標題、欄位名稱或領域狀態的靜態文字；不是 Button／Menu 操作命令。,docs/work-items/v9-frozen-inventory.md,字面值／重複群已核對；實際文案與輔助描述待畫面驗收
V9-0826,已共用,來源已引用共用單行／搜尋欄位或位於其實作；原 Binding 與外層行為仍須依畫面核對。,docs/work-items/v9-frozen-inventory.md,來源分類已複核；具體 UI／資料驗收待完成
V9-0827,合理例外,畫面標題、欄位名稱或領域狀態的靜態文字；不是 Button／Menu 操作命令。,docs/work-items/v9-frozen-inventory.md,字面值／重複群已核對；實際文案與輔助描述待畫面驗收
V9-0828,合理例外,"來源以 SwiftUI 原生 Button 的標題參數承載文字或文字加圖標；保留原生角色／焦點／可用狀態，文案與圖標分別由固定 copy／symbol ID 審核，不為此控制另造相同 Button 外殼。來源：Button(holder.realName.isEmpty ? ""未命名角色"" : holder.realName) { onOpenCharacter(holder) }",docs/work-items/v9-frozen-inventory.md,來源原生標題按鈕已核對；位置／實際 hit-test／鍵盤與 Light／Dark 待驗收
V9-0829,合理例外,採 macOS 原生 .link 樣式，保留平台語意；此例外只涵蓋 style，按鈕位置／命中與操作文案仍依對應 Button ID 驗收。,docs/work-items/v9-frozen-inventory.md,來源 style 已核對；實際 hit-test／Light／Dark 待驗收
V9-0830,合理例外,畫面標題、欄位名稱或領域狀態的靜態文字；不是 Button／Menu 操作命令。,docs/work-items/v9-frozen-inventory.md,字面值／重複群已核對；實際文案與輔助描述待畫面驗收
V9-0831,合理例外,畫面標題、欄位名稱或領域狀態的靜態文字；不是 Button／Menu 操作命令。,docs/work-items/v9-frozen-inventory.md,字面值／重複群已核對；實際文案與輔助描述待畫面驗收
V9-0832,合理例外,"來源以 SwiftUI 原生 Button 的標題參數承載文字或文字加圖標；保留原生角色／焦點／可用狀態，文案與圖標分別由固定 copy／symbol ID 審核，不為此控制另造相同 Button 外殼。來源：Button(""刪除副本"", systemImage: SailuneSymbol.delete.systemName, role: .destructive) { showDeleteConfirmation = true }",docs/work-items/v9-frozen-inventory.md,來源原生標題按鈕已核對；位置／實際 hit-test／鍵盤與 Light／Dark 待驗收
V9-0833,已共用,"V9.1ao 已依凍結 ID 將原操作標題接至 SailuneActionCopy，原繁體中文值、closure、role、style 及圖標不變；現行來源：Button(SailuneActionCopy.deleteCopy, systemImage: SailuneSymbol.delete.systemName, role: .destructive) { showDeleteConfirmation = true }",docs/work-items/v9.1ao-repeated-action-copy.md,65 個固定 ID 靜態核對、String Catalog JSON 及主機無簽章 Debug build 通過；GUI／VoiceOver 待驗收
V9-0834,已共用,來源已讀取 SailuneSymbol 語意 key；同功能字形是否一致依集中表與畫面驗收。,docs/work-items/v9-frozen-inventory.md,來源語意已複核；字形與輔助功能畫面驗收待完成
V9-0835,待共用,"確認流程候選；需核對標題、破壞後果、取消、預設角色及 Store action，僅呈現外殼可共用。 凍結來源：.confirmationDialog(""確定刪除副本 \(copyNumber)？"", isPresented: $showDeleteConfirmation, titleVisibility: .visible) {",docs/work-items/v9-frozen-inventory.md,來源呈現類型已核對；失敗／取消／GUI 待驗收
V9-0836,合理例外,"來源以 SwiftUI 原生 Button 的標題參數承載文字或文字加圖標；保留原生角色／焦點／可用狀態，文案與圖標分別由固定 copy／symbol ID 審核，不為此控制另造相同 Button 外殼。來源：Button(""刪除副本"", role: .destructive) { copyStore.deleteCopy(copy); onBack() }",docs/work-items/v9-frozen-inventory.md,來源原生標題按鈕已核對；位置／實際 hit-test／鍵盤與 Light／Dark 待驗收
V9-0837,已共用,"V9.1ao 已依凍結 ID 將原操作標題接至 SailuneActionCopy，原繁體中文值、closure、role、style 及圖標不變；現行來源：Button(SailuneActionCopy.deleteCopy, role: .destructive) { copyStore.deleteCopy(copy); onBack() }",docs/work-items/v9.1ao-repeated-action-copy.md,65 個固定 ID 靜態核對、String Catalog JSON 及主機無簽章 Debug build 通過；GUI／VoiceOver 待驗收
V9-0838,合理例外,"原生文字 Button；已使用 SailuneActionCopy 共用標題。保留 macOS 原生控制以承載此處 action；對應 button_style／copy ID 仍獨立審核，位置與實際命中須畫面驗收。凍結來源：Button(SailuneActionCopy.cancel, role: .cancel) { }",docs/work-items/v9-frozen-inventory.md,來源確認為文字 Button；位置／鍵盤焦點／實際命中及 Light／Dark 待驗收
V9-0839,已共用,已讀取 SailuneActionCopy 或位於其實作；原中文值由集中資源提供。,docs/work-items/v9-frozen-inventory.md,字面值／重複群已核對；實際文案與輔助描述待畫面驗收
V9-0840,合理例外,畫面標題、欄位名稱或領域狀態的靜態文字；不是 Button／Menu 操作命令。,docs/work-items/v9-frozen-inventory.md,字面值／重複群已核對；實際文案與輔助描述待畫面驗收
V9-0841,已共用,來源已引用共用單行／搜尋欄位或位於其實作；原 Binding 與外層行為仍須依畫面核對。,docs/work-items/v9-frozen-inventory.md,來源分類已複核；具體 UI／資料驗收待完成
V9-0842,待共用,純圖標或 iconOnly 按鈕候選；依凍結位置核對 28 pt 命中、間距、help／accessibility、原 action 及禁用條件。 凍結來源：Button(role: .destructive) { copyStore.deleteHistory(history) } label: { Image(systemName: SailuneSymbol.delete.systemName) }.buttonStyle(.plain),docs/work-items/v9-frozen-inventory.md,來源按鈕型態已列；實際命中／鍵盤／Light／Dark 待驗收
V9-0843,已共用,來源已讀取 SailuneSymbol 語意 key；同功能字形是否一致依集中表與畫面驗收。,docs/work-items/v9-frozen-inventory.md,來源語意已複核；字形與輔助功能畫面驗收待完成
V9-0844,待共用,原生 .plain 樣式常見於圖標／整列控制；需與對應 Button ID 一起核對角色、28 pt 命中及是否需具名共用 variant。,docs/work-items/v9-frozen-inventory.md,來源 style 已核對；實際 hit-test／Light／Dark 待驗收
V9-0845,合理例外,畫面標題、欄位名稱或領域狀態的靜態文字；不是 Button／Menu 操作命令。,docs/work-items/v9-frozen-inventory.md,字面值／重複群已核對；實際文案與輔助描述待畫面驗收
V9-0846,已共用,來源已讀取 SailuneSymbol 語意 key；同功能字形是否一致依集中表與畫面驗收。,docs/work-items/v9-frozen-inventory.md,來源語意已複核；字形與輔助功能畫面驗收待完成
V9-0847,合理例外,此處表示領域資料類型、靜態狀態或專用空狀態；未證實是跨畫面的相同操作，保留具名語境而不與同字形操作混用。,docs/work-items/v9-frozen-inventory.md,來源語意已複核；字形與輔助功能畫面驗收待完成
V9-0848,已共用,V9.1as 對應固定語意組，保留原字形與 action：SailuneSymbol.relatedCharacters,docs/work-items/v9.1as-frozen-symbol-groups.md,固定 ID 原字形與主機無簽章 Debug build 通過；實際 GUI／VoiceOver 待驗收
V9-0849,已共用,V9.1av 已把原色值來源改讀 SailuneTheme.insetRowSurface，保留原 shape、opacity 與層級；雙重 regex ID 指向同一色值表達式時共同標記。,docs/work-items/v9.1av-frozen-surfaces.md,21 個現行來源、原色值、無簽章 macOS Debug build 與 git diff --check 通過；Light／Dark／hover 實際畫面待驗收
V9-0850,已共用,V9.1av 已把原色值來源改讀 SailuneTheme.insetRowSurface，保留原 shape、opacity 與層級；雙重 regex ID 指向同一色值表達式時共同標記。,docs/work-items/v9.1av-frozen-surfaces.md,21 個現行來源、原色值、無簽章 macOS Debug build 與 git diff --check 通過；Light／Dark／hover 實際畫面待驗收
V9-0851,合理例外,"來源以 SwiftUI 原生 Button 的標題參數承載文字或文字加圖標；保留原生角色／焦點／可用狀態，文案與圖標分別由固定 copy／symbol ID 審核，不為此控制另造相同 Button 外殼。來源：Button(""新增歷史"", systemImage: SailuneSymbol.add.systemName) { copyStore.addHistory(copyID: copy.id) }.buttonStyle(.borderless)",docs/work-items/v9-frozen-inventory.md,來源原生標題按鈕已核對；位置／實際 hit-test／鍵盤與 Light／Dark 待驗收
V9-0852,已共用,"V9.1ao 已依凍結 ID 將原操作標題接至 SailuneActionCopy，原繁體中文值、closure、role、style 及圖標不變；現行來源：Button(SailuneActionCopy.addHistory, systemImage: SailuneSymbol.add.systemName) { copyStore.addHistory(copyID: copy.id) }.buttonStyle(.borderless)",docs/work-items/v9.1ao-repeated-action-copy.md,65 個固定 ID 靜態核對、String Catalog JSON 及主機無簽章 Debug build 通過；GUI／VoiceOver 待驗收
V9-0853,已共用,來源已讀取 SailuneSymbol 語意 key；同功能字形是否一致依集中表與畫面驗收。,docs/work-items/v9-frozen-inventory.md,來源語意已複核；字形與輔助功能畫面驗收待完成
V9-0854,待共用,原生 .borderless 樣式常見於圖標／整列控制；需與對應 Button ID 一起核對角色、28 pt 命中及是否需具名共用 variant。,docs/work-items/v9-frozen-inventory.md,來源 style 已核對；實際 hit-test／Light／Dark 待驗收
V9-0855,合理例外,畫面標題、欄位名稱或領域狀態的靜態文字；不是 Button／Menu 操作命令。,docs/work-items/v9-frozen-inventory.md,字面值／重複群已核對；實際文案與輔助描述待畫面驗收
V9-0856,合理例外,畫面標題、欄位名稱或領域狀態的靜態文字；不是 Button／Menu 操作命令。,docs/work-items/v9-frozen-inventory.md,字面值／重複群已核對；實際文案與輔助描述待畫面驗收
V9-0857,合理例外,畫面標題、欄位名稱或領域狀態的靜態文字；不是 Button／Menu 操作命令。,docs/work-items/v9-frozen-inventory.md,字面值／重複群已核對；實際文案與輔助描述待畫面驗收
V9-0858,合理例外,畫面標題、欄位名稱或領域狀態的靜態文字；不是 Button／Menu 操作命令。,docs/work-items/v9-frozen-inventory.md,字面值／重複群已核對；實際文案與輔助描述待畫面驗收
V9-0859,合理例外,"來源以 SwiftUI 原生 Button 的標題參數承載文字或文字加圖標；保留原生角色／焦點／可用狀態，文案與圖標分別由固定 copy／symbol ID 審核，不為此控制另造相同 Button 外殼。來源：Button(""新增等級"", systemImage: SailuneSymbol.add.systemName, action: addLevel)",docs/work-items/v9-frozen-inventory.md,來源原生標題按鈕已核對；位置／實際 hit-test／鍵盤與 Light／Dark 待驗收
V9-0860,已共用,"V9.1ao 已依凍結 ID 將原操作標題接至 SailuneActionCopy，原繁體中文值、closure、role、style 及圖標不變；現行來源：Button(SailuneActionCopy.addLevel, systemImage: SailuneSymbol.add.systemName, action: addLevel)",docs/work-items/v9.1ao-repeated-action-copy.md,65 個固定 ID 靜態核對、String Catalog JSON 及主機無簽章 Debug build 通過；GUI／VoiceOver 待驗收
V9-0861,已共用,來源已讀取 SailuneSymbol 語意 key；同功能字形是否一致依集中表與畫面驗收。,docs/work-items/v9-frozen-inventory.md,來源語意已複核；字形與輔助功能畫面驗收待完成
V9-0862,已共用,來源已讀取 SailuneSymbol 語意 key；同功能字形是否一致依集中表與畫面驗收。,docs/work-items/v9-frozen-inventory.md,來源語意已複核；字形與輔助功能畫面驗收待完成
V9-0863,待共用,原生 .plain 樣式常見於圖標／整列控制；需與對應 Button ID 一起核對角色、28 pt 命中及是否需具名共用 variant。,docs/work-items/v9-frozen-inventory.md,來源 style 已核對；實際 hit-test／Light／Dark 待驗收
V9-0864,已共用,"背景引用已命名的 theme／AppTheme 色彩來源；用途與 Light／Dark 對照仍需畫面驗收。 凍結來源：.background(SailuneTheme.subtleSurface, in: RoundedRectangle(cornerRadius: 8))",docs/work-items/v9-frozen-inventory.md,來源色彩用途已分類；Light／Dark 與 hit-testing 待驗收
V9-0865,已共用,"背景引用已命名的 theme／AppTheme 色彩來源；用途與 Light／Dark 對照仍需畫面驗收。 凍結來源：.background(SailuneTheme.subtleSurface, in: RoundedRectangle(cornerRadius: 8))",docs/work-items/v9-frozen-inventory.md,來源色彩用途已分類；Light／Dark 與 hit-testing 待驗收
V9-0866,合理例外,描述依目前資料或狀態即時組成；不能以固定通用動作文字取代，需核對可讀性及對象。,docs/work-items/v9-frozen-inventory.md,來源描述已分類；VoiceOver／滑鼠提示仍待驗收
V9-0867,待共用,直接提示／輔助文字；需按固定 ID 核對操作對象、狀態、同功能用詞及是否缺少另一種描述。,docs/work-items/v9-frozen-inventory.md,來源描述已分類；VoiceOver／滑鼠提示仍待驗收
V9-0868,合理例外,畫面標題、欄位名稱或領域狀態的靜態文字；不是 Button／Menu 操作命令。,docs/work-items/v9-frozen-inventory.md,字面值／重複群已核對；實際文案與輔助描述待畫面驗收
V9-0869,合理例外,"原生文字 Button；已使用 SailuneActionCopy 共用標題。保留 macOS 原生控制以承載此處 action；對應 button_style／copy ID 仍獨立審核，位置與實際命中須畫面驗收。凍結來源：Button(SailuneActionCopy.done, action: finishEditing)",docs/work-items/v9-frozen-inventory.md,來源確認為文字 Button；位置／鍵盤焦點／實際命中及 Light／Dark 待驗收
V9-0870,已共用,已讀取 SailuneActionCopy 或位於其實作；原中文值由集中資源提供。,docs/work-items/v9-frozen-inventory.md,字面值／重複群已核對；實際文案與輔助描述待畫面驗收
V9-0871,合理例外,採 macOS 原生 .borderedProminent 樣式，保留平台語意；此例外只涵蓋 style，按鈕位置／命中與操作文案仍依對應 Button ID 驗收。,docs/work-items/v9-frozen-inventory.md,來源 style 已核對；實際 hit-test／Light／Dark 待驗收
V9-0872,已共用,來源已引用共用單行／搜尋欄位或位於其實作；原 Binding 與外層行為仍須依畫面核對。,docs/work-items/v9-frozen-inventory.md,來源分類已複核；具體 UI／資料驗收待完成
V9-0873,待共用,"純圖標或 iconOnly 按鈕候選；依凍結位置核對 28 pt 命中、間距、help／accessibility、原 action 及禁用條件。 凍結來源：Button(action: onMoveUp) { Image(systemName: ""arrow.up"") }.buttonStyle(.plain).disabled(!canMoveUp)",docs/work-items/v9-frozen-inventory.md,來源按鈕型態已列；實際命中／鍵盤／Light／Dark 待驗收
V9-0874,待共用,同為上下移動，但物品等級使用 arrow.up/down、勢力與側邊欄使用 chevron.up/down；具體控制、原 action／禁用與提案見 V9.1af，U 待核定。,docs/work-items/v9.1af-reorder-controls.md,來源字形與操作已核對；U／I、hit-test、鍵盤／Light／Dark 待驗收
V9-0875,待共用,原生 .plain 樣式常見於圖標／整列控制；需與對應 Button ID 一起核對角色、28 pt 命中及是否需具名共用 variant。,docs/work-items/v9-frozen-inventory.md,來源 style 已核對；實際 hit-test／Light／Dark 待驗收
V9-0876,待共用,"純圖標或 iconOnly 按鈕候選；依凍結位置核對 28 pt 命中、間距、help／accessibility、原 action 及禁用條件。 凍結來源：Button(action: onMoveDown) { Image(systemName: ""arrow.down"") }.buttonStyle(.plain).disabled(!canMoveDown)",docs/work-items/v9-frozen-inventory.md,來源按鈕型態已列；實際命中／鍵盤／Light／Dark 待驗收
V9-0877,待共用,同為上下移動，但物品等級使用 arrow.up/down、勢力與側邊欄使用 chevron.up/down；具體控制、原 action／禁用與提案見 V9.1af，U 待核定。,docs/work-items/v9.1af-reorder-controls.md,來源字形與操作已核對；U／I、hit-test、鍵盤／Light／Dark 待驗收
V9-0878,待共用,原生 .plain 樣式常見於圖標／整列控制；需與對應 Button ID 一起核對角色、28 pt 命中及是否需具名共用 variant。,docs/work-items/v9-frozen-inventory.md,來源 style 已核對；實際 hit-test／Light／Dark 待驗收
V9-0879,待共用,"純圖標或 iconOnly 按鈕候選；依凍結位置核對 28 pt 命中、間距、help／accessibility、原 action 及禁用條件。 凍結來源：Button(role: .destructive, action: onDelete) { Image(systemName: SailuneSymbol.delete.systemName) }.buttonStyle(.plain)",docs/work-items/v9-frozen-inventory.md,來源按鈕型態已列；實際命中／鍵盤／Light／Dark 待驗收
V9-0880,已共用,來源已讀取 SailuneSymbol 語意 key；同功能字形是否一致依集中表與畫面驗收。,docs/work-items/v9-frozen-inventory.md,來源語意已複核；字形與輔助功能畫面驗收待完成
V9-0881,待共用,原生 .plain 樣式常見於圖標／整列控制；需與對應 Button ID 一起核對角色、28 pt 命中及是否需具名共用 variant。,docs/work-items/v9-frozen-inventory.md,來源 style 已核對；實際 hit-test／Light／Dark 待驗收
V9-0882,合理例外,目前固定清單中僅此處使用的領域文案「等級名稱不可空白」；沒有同功能重複證據，保留具名畫面語境。,docs/work-items/v9-frozen-inventory.md,字面值／重複群已核對；實際文案與輔助描述待畫面驗收
V9-0883,已共用,來源已讀取 SailuneSymbol 語意 key；同功能字形是否一致依集中表與畫面驗收。,docs/work-items/v9-frozen-inventory.md,來源語意已複核；字形與輔助功能畫面驗收待完成
V9-0884,已共用,來源已引用共用單行／搜尋欄位或位於其實作；原 Binding 與外層行為仍須依畫面核對。,docs/work-items/v9-frozen-inventory.md,來源分類已複核；具體 UI／資料驗收待完成
V9-0885,合理例外,"物品詳情狀態／選中行的 accent 底色，保留領域狀態。 來源：.background(Color.accentColor.opacity(0.08), in: RoundedRectangle(cornerRadius: 8))",docs/work-items/v9-frozen-inventory.md,來源色彩用途已分類；Light／Dark／hover 實際畫面待驗收
V9-0886,已共用,已接入共用 InsetTextEditor，原 Binding 與最小高度保留；仍需代表畫面驗收首行、焦點和組字。,docs/work-items/v9.1x-field-first-line-inset-audit.md,待實際 UI 驗收
V9-0887,待共用,純圖標或 iconOnly 按鈕候選；依凍結位置核對 28 pt 命中、間距、help／accessibility、原 action 及禁用條件。 凍結來源：Button(action: onBack) {,docs/work-items/v9-frozen-inventory.md,來源按鈕型態已列；實際命中／鍵盤／Light／Dark 待驗收
V9-0888,已共用,來源已讀取 SailuneSymbol 語意 key；同功能字形是否一致依集中表與畫面驗收。,docs/work-items/v9-frozen-inventory.md,來源語意已複核；字形與輔助功能畫面驗收待完成
V9-0889,合理例外,畫面標題、欄位名稱或領域狀態的靜態文字；不是 Button／Menu 操作命令。,docs/work-items/v9-frozen-inventory.md,字面值／重複群已核對；實際文案與輔助描述待畫面驗收
V9-0890,待共用,原生 .plain 樣式常見於圖標／整列控制；需與對應 Button ID 一起核對角色、28 pt 命中及是否需具名共用 variant。,docs/work-items/v9-frozen-inventory.md,來源 style 已核對；實際 hit-test／Light／Dark 待驗收
V9-0891,合理例外,"原生文字 Button；領域字面標題另由 copy 家族核對是否同功能。保留 macOS 原生控制以承載此處 action；對應 button_style／copy ID 仍獨立審核，位置與實際命中須畫面驗收。凍結來源：Button(""新增關係"") { showingAddGeneralRelationship = true }",docs/work-items/v9-frozen-inventory.md,來源確認為文字 Button；位置／鍵盤焦點／實際命中及 Light／Dark 待驗收
V9-0892,已共用,V9.1ao 已依凍結 ID 將原操作標題接至 SailuneActionCopy，原繁體中文值、closure、role、style 及圖標不變；現行來源：Button(SailuneActionCopy.addRelationship) { showingAddGeneralRelationship = true },docs/work-items/v9.1ao-repeated-action-copy.md,65 個固定 ID 靜態核對、String Catalog JSON 及主機無簽章 Debug build 通過；GUI／VoiceOver 待驗收
V9-0893,合理例外,"原生文字 Button；領域字面標題另由 copy 家族核對是否同功能。保留 macOS 原生控制以承載此處 action；對應 button_style／copy ID 仍獨立審核，位置與實際命中須畫面驗收。凍結來源：Button(""新增血緣關係"") { showingAddSheet = true }",docs/work-items/v9-frozen-inventory.md,來源確認為文字 Button；位置／鍵盤焦點／實際命中及 Light／Dark 待驗收
V9-0894,合理例外,目前固定清單中僅此處使用的領域文案「新增血緣關係」；沒有同功能重複證據，保留具名畫面語境。,docs/work-items/v9-frozen-inventory.md,字面值／重複群已核對；實際文案與輔助描述待畫面驗收
V9-0895,已共用,來源已讀取 SailuneSymbol 語意 key；同功能字形是否一致依集中表與畫面驗收。,docs/work-items/v9-frozen-inventory.md,來源語意已複核；字形與輔助功能畫面驗收待完成
V9-0896,已共用,V9.1av 已把原色值來源改讀 SailuneTheme.controlSurface，保留原 shape、opacity 與層級；雙重 regex ID 指向同一色值表達式時共同標記。,docs/work-items/v9.1av-frozen-surfaces.md,21 個現行來源、原色值、無簽章 macOS Debug build 與 git diff --check 通過；Light／Dark／hover 實際畫面待驗收
V9-0897,已共用,使用者核定 V9.1ar：親屬圖搜尋欄改接 SailuneSearchField compact，保留原同列順序與 Binding；共用搜尋圖標、清除行為與背景，移除外層 padding。,docs/work-items/v9.1ar-kinship-search-field.md,主機無簽章 Debug build 通過；實際命中／Light／Dark／CJK／VoiceOver 待驗收
V9-0898,合理例外,親屬關係圖專用縮放倍率控制；與資料新增／刪除不同語意，保留專用圖標。,docs/work-items/v9-frozen-inventory.md,來源語意已複核；字形與輔助功能畫面驗收待完成
V9-0899,待共用,原生 .plain 樣式常見於圖標／整列控制；需與對應 Button ID 一起核對角色、28 pt 命中及是否需具名共用 variant。,docs/work-items/v9-frozen-inventory.md,來源 style 已核對；實際 hit-test／Light／Dark 待驗收
V9-0900,合理例外,親屬關係圖專用縮放倍率控制；與資料新增／刪除不同語意，保留專用圖標。,docs/work-items/v9-frozen-inventory.md,來源語意已複核；字形與輔助功能畫面驗收待完成
V9-0901,待共用,原生 .plain 樣式常見於圖標／整列控制；需與對應 Button ID 一起核對角色、28 pt 命中及是否需具名共用 variant。,docs/work-items/v9-frozen-inventory.md,來源 style 已核對；實際 hit-test／Light／Dark 待驗收
V9-0902,合理例外,內容型系統 sheet 承載此領域編輯流程；不與刪除／錯誤提示共用資料 action，仍需核對取消與焦點。 凍結來源：.sheet(isPresented: $showingAddSheet) {,docs/work-items/v9-frozen-inventory.md,來源呈現類型已核對；失敗／取消／GUI 待驗收
V9-0903,合理例外,內容型系統 sheet 承載此領域編輯流程；不與刪除／錯誤提示共用資料 action，仍需核對取消與焦點。 凍結來源：.sheet(isPresented: $showingAddGeneralRelationship) {,docs/work-items/v9-frozen-inventory.md,來源呈現類型已核對；失敗／取消／GUI 待驗收
V9-0904,合理例外,"親屬關係圖連線描邊，屬圖譜幾何。 來源：.stroke(Color.secondary.opacity(0.5), lineWidth: 1.5)",docs/work-items/v9-frozen-inventory.md,來源色彩用途已分類；Light／Dark／hover 實際畫面待驗收
V9-0905,合理例外,畫面標題、欄位名稱或領域狀態的靜態文字；不是 Button／Menu 操作命令。,docs/work-items/v9-frozen-inventory.md,字面值／重複群已核對；實際文案與輔助描述待畫面驗收
V9-0906,已共用,背景引用已命名的 theme／AppTheme 色彩來源；用途與 Light／Dark 對照仍需畫面驗收。 凍結來源：.background(Color.appBackground),docs/work-items/v9-frozen-inventory.md,來源色彩用途已分類；Light／Dark 與 hit-testing 待驗收
V9-0907,待共用,原生 .plain 樣式常見於圖標／整列控制；需與對應 Button ID 一起核對角色、28 pt 命中及是否需具名共用 variant。,docs/work-items/v9-frozen-inventory.md,來源 style 已核對；實際 hit-test／Light／Dark 待驗收
V9-0908,待共用,原生 .plain 樣式常見於圖標／整列控制；需與對應 Button ID 一起核對角色、28 pt 命中及是否需具名共用 variant。,docs/work-items/v9-frozen-inventory.md,來源 style 已核對；實際 hit-test／Light／Dark 待驗收
V9-0909,合理例外,畫面標題、欄位名稱或領域狀態的靜態文字；不是 Button／Menu 操作命令。,docs/work-items/v9-frozen-inventory.md,字面值／重複群已核對；實際文案與輔助描述待畫面驗收
V9-0910,合理例外,畫面標題、欄位名稱或領域狀態的靜態文字；不是 Button／Menu 操作命令。,docs/work-items/v9-frozen-inventory.md,字面值／重複群已核對；實際文案與輔助描述待畫面驗收
V9-0911,合理例外,原生文字 Button；已使用 SailuneActionCopy 共用標題。保留 macOS 原生控制以承載此處 action；對應 button_style／copy ID 仍獨立審核，位置與實際命中須畫面驗收。凍結來源：Button(SailuneActionCopy.cancel) { dismiss() }.keyboardShortcut(.cancelAction),docs/work-items/v9-frozen-inventory.md,來源確認為文字 Button；位置／鍵盤焦點／實際命中及 Light／Dark 待驗收
V9-0912,已共用,已讀取 SailuneActionCopy 或位於其實作；原中文值由集中資源提供。,docs/work-items/v9-frozen-inventory.md,字面值／重複群已核對；實際文案與輔助描述待畫面驗收
V9-0913,合理例外,"原生文字 Button；領域字面標題另由 copy 家族核對是否同功能。保留 macOS 原生控制以承載此處 action；對應 button_style／copy ID 仍獨立審核，位置與實際命中須畫面驗收。凍結來源：Button(""建立"") {",docs/work-items/v9-frozen-inventory.md,來源確認為文字 Button；位置／鍵盤焦點／實際命中及 Light／Dark 待驗收
V9-0914,已共用,V9.1ao 已依凍結 ID 將原操作標題接至 SailuneActionCopy，原繁體中文值、closure、role、style 及圖標不變；現行來源：Button(SailuneActionCopy.create) {,docs/work-items/v9.1ao-repeated-action-copy.md,65 個固定 ID 靜態核對、String Catalog JSON 及主機無簽章 Debug build 通過；GUI／VoiceOver 待驗收
V9-0915,合理例外,catch 明確向上拋出領域／原錯誤，保留呼叫端決策；此處是領域失敗處理，不宜僅為共用化抽成統一資料 action。來源分支：context.rollback() throw error,docs/work-items/v9-frozen-inventory.md,來源分支已複核；故障注入或 GUI 呈現仍待相關驗收
V9-0916,合理例外,畫面標題、欄位名稱或領域狀態的靜態文字；不是 Button／Menu 操作命令。,docs/work-items/v9-frozen-inventory.md,字面值／重複群已核對；實際文案與輔助描述待畫面驗收
V9-0917,合理例外,"原生文字 Button；領域字面標題另由 copy 家族核對是否同功能。保留 macOS 原生控制以承載此處 action；對應 button_style／copy ID 仍獨立審核，位置與實際命中須畫面驗收。凍結來源：Button(""重新命名"") { nameText = map.name; nameOperation = .rename(map.id) }",docs/work-items/v9-frozen-inventory.md,來源確認為文字 Button；位置／鍵盤焦點／實際命中及 Light／Dark 待驗收
V9-0918,已共用,V9.1ao 已依凍結 ID 將原操作標題接至 SailuneActionCopy，原繁體中文值、closure、role、style 及圖標不變；現行來源：Button(SailuneActionCopy.rename) { nameText = map.name; nameOperation = .rename(map.id) },docs/work-items/v9.1ao-repeated-action-copy.md,65 個固定 ID 靜態核對、String Catalog JSON 及主機無簽章 Debug build 通過；GUI／VoiceOver 待驗收
V9-0919,合理例外,"來源以 SwiftUI 原生 Button 的標題參數承載文字或文字加圖標；保留原生角色／焦點／可用狀態，文案與圖標分別由固定 copy／symbol ID 審核，不為此控制另造相同 Button 外殼。來源：Button(SailuneActionCopy.delete, role: .destructive) { mapToDelete = map }",docs/work-items/v9-frozen-inventory.md,來源原生標題按鈕已核對；位置／實際 hit-test／鍵盤與 Light／Dark 待驗收
V9-0920,已共用,已讀取 SailuneActionCopy 或位於其實作；原中文值由集中資源提供。,docs/work-items/v9-frozen-inventory.md,字面值／重複群已核對；實際文案與輔助描述待畫面驗收
V9-0921,合理例外,目前固定清單中僅此處使用的領域文案「新增地圖」；沒有同功能重複證據，保留具名畫面語境。,docs/work-items/v9-frozen-inventory.md,字面值／重複群已核對；實際文案與輔助描述待畫面驗收
V9-0922,已共用,來源已讀取 SailuneSymbol 語意 key；同功能字形是否一致依集中表與畫面驗收。,docs/work-items/v9-frozen-inventory.md,來源語意已複核；字形與輔助功能畫面驗收待完成
V9-0923,合理例外,原生文字 Button；已使用 SailuneActionCopy 共用標題。保留 macOS 原生控制以承載此處 action；對應 button_style／copy ID 仍獨立審核，位置與實際命中須畫面驗收。凍結來源：Button(SailuneActionCopy.done) { onSelectionChanged(); dismiss() },docs/work-items/v9-frozen-inventory.md,來源確認為文字 Button；位置／鍵盤焦點／實際命中及 Light／Dark 待驗收
V9-0924,已共用,已讀取 SailuneActionCopy 或位於其實作；原中文值由集中資源提供。,docs/work-items/v9-frozen-inventory.md,字面值／重複群已核對；實際文案與輔助描述待畫面驗收
V9-0925,待共用,"錯誤或結果 alert 候選；需核對同類標題、詳細訊息、確認按鈕與錯誤出口後決定共用呈現外殼。 凍結來源：.alert(nameOperationTitle, isPresented: Binding(get: { nameOperation != nil }, set: { if !$0 { nameOperation = nil } })) {",docs/work-items/v9-frozen-inventory.md,來源呈現類型已核對；失敗／取消／GUI 待驗收
V9-0926,合理例外,macOS 原生地圖名稱 alert 的輸入欄；保留系統 alert 的焦點與呈現契約。 此例外只涵蓋欄位共用外殼，首行／focus GUI 仍依驗收清單檢查。,docs/work-items/v9-frozen-inventory.md,來源欄位與父容器契約已核對；CJK／focus／首行 GUI 待驗收
V9-0927,合理例外,"原生文字 Button；已使用 SailuneActionCopy 共用標題。保留 macOS 原生控制以承載此處 action；對應 button_style／copy ID 仍獨立審核，位置與實際命中須畫面驗收。凍結來源：Button(SailuneActionCopy.cancel, role: .cancel) { nameOperation = nil }",docs/work-items/v9-frozen-inventory.md,來源確認為文字 Button；位置／鍵盤焦點／實際命中及 Light／Dark 待驗收
V9-0928,已共用,已讀取 SailuneActionCopy 或位於其實作；原中文值由集中資源提供。,docs/work-items/v9-frozen-inventory.md,字面值／重複群已核對；實際文案與輔助描述待畫面驗收
V9-0929,合理例外,原生文字 Button；已使用 SailuneActionCopy 共用標題。保留 macOS 原生控制以承載此處 action；對應 button_style／copy ID 仍獨立審核，位置與實際命中須畫面驗收。凍結來源：Button(SailuneActionCopy.save) { performNameOperation() },docs/work-items/v9-frozen-inventory.md,來源確認為文字 Button；位置／鍵盤焦點／實際命中及 Light／Dark 待驗收
V9-0930,已共用,已讀取 SailuneActionCopy 或位於其實作；原中文值由集中資源提供。,docs/work-items/v9-frozen-inventory.md,字面值／重複群已核對；實際文案與輔助描述待畫面驗收
V9-0931,待共用,"錯誤或結果 alert 候選；需核對同類標題、詳細訊息、確認按鈕與錯誤出口後決定共用呈現外殼。 凍結來源：.alert(""刪除地圖？"", isPresented: Binding(get: { mapToDelete != nil }, set: { if !$0 { mapToDelete = nil } })) {",docs/work-items/v9-frozen-inventory.md,來源呈現類型已核對；失敗／取消／GUI 待驗收
V9-0932,合理例外,"原生文字 Button；已使用 SailuneActionCopy 共用標題。保留 macOS 原生控制以承載此處 action；對應 button_style／copy ID 仍獨立審核，位置與實際命中須畫面驗收。凍結來源：Button(SailuneActionCopy.cancel, role: .cancel) { mapToDelete = nil }",docs/work-items/v9-frozen-inventory.md,來源確認為文字 Button；位置／鍵盤焦點／實際命中及 Light／Dark 待驗收
V9-0933,已共用,已讀取 SailuneActionCopy 或位於其實作；原中文值由集中資源提供。,docs/work-items/v9-frozen-inventory.md,字面值／重複群已核對；實際文案與輔助描述待畫面驗收
V9-0934,合理例外,"來源以 SwiftUI 原生 Button 的標題參數承載文字或文字加圖標；保留原生角色／焦點／可用狀態，文案與圖標分別由固定 copy／symbol ID 審核，不為此控制另造相同 Button 外殼。來源：Button(SailuneActionCopy.delete, role: .destructive) { deleteSelectedMap() }",docs/work-items/v9-frozen-inventory.md,來源原生標題按鈕已核對；位置／實際 hit-test／鍵盤與 Light／Dark 待驗收
V9-0935,已共用,已讀取 SailuneActionCopy 或位於其實作；原中文值由集中資源提供。,docs/work-items/v9-frozen-inventory.md,字面值／重複群已核對；實際文案與輔助描述待畫面驗收
V9-0936,合理例外,畫面標題、欄位名稱或領域狀態的靜態文字；不是 Button／Menu 操作命令。,docs/work-items/v9-frozen-inventory.md,字面值／重複群已核對；實際文案與輔助描述待畫面驗收
V9-0937,已共用,V9.1aw 接入 SailuneErrorAlert 共用原生 alert 外殼；原標題、未知錯誤 fallback、好按鈕、地圖 cancel role 與 Binding 清除時機保留。,docs/work-items/v9.1aw-repeated-error-alerts.md,主機無簽章 Debug build 通過；錯誤注入與實際 alert GUI 待驗收
V9-0938,合理例外,"原生文字 Button；已使用 SailuneActionCopy 共用標題。保留 macOS 原生控制以承載此處 action；對應 button_style／copy ID 仍獨立審核，位置與實際命中須畫面驗收。凍結來源：Button(SailuneActionCopy.acknowledge, role: .cancel) { errorMessage = nil }",docs/work-items/v9-frozen-inventory.md,來源確認為文字 Button；位置／鍵盤焦點／實際命中及 Light／Dark 待驗收
V9-0939,已共用,已讀取 SailuneActionCopy 或位於其實作；原中文值由集中資源提供。,docs/work-items/v9-frozen-inventory.md,字面值／重複群已核對；實際文案與輔助描述待畫面驗收
V9-0940,合理例外,領域 catch 在同一來源行明確顯示錯誤、拋出具名錯誤或 private 記錄；其資料結果依原領域契約保留，沒有共用 catch 外殼的必要。原語句：} catch { errorMessage = error.localizedDescription },docs/work-items/v9-frozen-inventory.md,來源已見明確錯誤出口；故障注入與 GUI 呈現尚待驗收
V9-0941,合理例外,領域 catch 在同一來源行明確顯示錯誤、拋出具名錯誤或 private 記錄；其資料結果依原領域契約保留，沒有共用 catch 外殼的必要。原語句：} catch { errorMessage = error.localizedDescription },docs/work-items/v9-frozen-inventory.md,來源已見明確錯誤出口；故障注入與 GUI 呈現尚待驗收
V9-0942,合理例外,畫面標題、欄位名稱或領域狀態的靜態文字；不是 Button／Menu 操作命令。,docs/work-items/v9-frozen-inventory.md,字面值／重複群已核對；實際文案與輔助描述待畫面驗收
V9-0943,合理例外,"原生文字 Button；領域字面標題另由 copy 家族核對是否同功能。保留 macOS 原生控制以承載此處 action；對應 button_style／copy ID 仍獨立審核，位置與實際命中須畫面驗收。凍結來源：Button(""重新命名"") { nameText = version.name; nameOperation = .rename(version.id) }",docs/work-items/v9-frozen-inventory.md,來源確認為文字 Button；位置／鍵盤焦點／實際命中及 Light／Dark 待驗收
V9-0944,已共用,V9.1ao 已依凍結 ID 將原操作標題接至 SailuneActionCopy，原繁體中文值、closure、role、style 及圖標不變；現行來源：Button(SailuneActionCopy.rename) { nameText = version.name; nameOperation = .rename(version.id) },docs/work-items/v9.1ao-repeated-action-copy.md,65 個固定 ID 靜態核對、String Catalog JSON 及主機無簽章 Debug build 通過；GUI／VoiceOver 待驗收
V9-0945,合理例外,"來源以 SwiftUI 原生 Button 的標題參數承載文字或文字加圖標；保留原生角色／焦點／可用狀態，文案與圖標分別由固定 copy／symbol ID 審核，不為此控制另造相同 Button 外殼。來源：Button(SailuneActionCopy.delete, role: .destructive) { versionToDelete = version }",docs/work-items/v9-frozen-inventory.md,來源原生標題按鈕已核對；位置／實際 hit-test／鍵盤與 Light／Dark 待驗收
V9-0946,已共用,已讀取 SailuneActionCopy 或位於其實作；原中文值由集中資源提供。,docs/work-items/v9-frozen-inventory.md,字面值／重複群已核對；實際文案與輔助描述待畫面驗收
V9-0947,合理例外,目前固定清單中僅此處使用的領域文案「新增版本」；沒有同功能重複證據，保留具名畫面語境。,docs/work-items/v9-frozen-inventory.md,字面值／重複群已核對；實際文案與輔助描述待畫面驗收
V9-0948,已共用,來源已讀取 SailuneSymbol 語意 key；同功能字形是否一致依集中表與畫面驗收。,docs/work-items/v9-frozen-inventory.md,來源語意已複核；字形與輔助功能畫面驗收待完成
V9-0949,合理例外,原生文字 Button；已使用 SailuneActionCopy 共用標題。保留 macOS 原生控制以承載此處 action；對應 button_style／copy ID 仍獨立審核，位置與實際命中須畫面驗收。凍結來源：Button(SailuneActionCopy.done) { onSelectionChanged(); dismiss() },docs/work-items/v9-frozen-inventory.md,來源確認為文字 Button；位置／鍵盤焦點／實際命中及 Light／Dark 待驗收
V9-0950,已共用,已讀取 SailuneActionCopy 或位於其實作；原中文值由集中資源提供。,docs/work-items/v9-frozen-inventory.md,字面值／重複群已核對；實際文案與輔助描述待畫面驗收
V9-0951,待共用,"錯誤或結果 alert 候選；需核對同類標題、詳細訊息、確認按鈕與錯誤出口後決定共用呈現外殼。 凍結來源：.alert(nameOperationTitle, isPresented: Binding(get: { nameOperation != nil }, set: { if !$0 { nameOperation = nil } })) {",docs/work-items/v9-frozen-inventory.md,來源呈現類型已核對；失敗／取消／GUI 待驗收
V9-0952,合理例外,macOS 原生版本名稱 alert 的輸入欄；保留系統 alert 的焦點與呈現契約。 此例外只涵蓋欄位共用外殼，首行／focus GUI 仍依驗收清單檢查。,docs/work-items/v9-frozen-inventory.md,來源欄位與父容器契約已核對；CJK／focus／首行 GUI 待驗收
V9-0953,合理例外,"原生文字 Button；已使用 SailuneActionCopy 共用標題。保留 macOS 原生控制以承載此處 action；對應 button_style／copy ID 仍獨立審核，位置與實際命中須畫面驗收。凍結來源：Button(SailuneActionCopy.cancel, role: .cancel) { nameOperation = nil }",docs/work-items/v9-frozen-inventory.md,來源確認為文字 Button；位置／鍵盤焦點／實際命中及 Light／Dark 待驗收
V9-0954,已共用,已讀取 SailuneActionCopy 或位於其實作；原中文值由集中資源提供。,docs/work-items/v9-frozen-inventory.md,字面值／重複群已核對；實際文案與輔助描述待畫面驗收
V9-0955,合理例外,原生文字 Button；已使用 SailuneActionCopy 共用標題。保留 macOS 原生控制以承載此處 action；對應 button_style／copy ID 仍獨立審核，位置與實際命中須畫面驗收。凍結來源：Button(SailuneActionCopy.save) { performNameOperation() },docs/work-items/v9-frozen-inventory.md,來源確認為文字 Button；位置／鍵盤焦點／實際命中及 Light／Dark 待驗收
V9-0956,已共用,已讀取 SailuneActionCopy 或位於其實作；原中文值由集中資源提供。,docs/work-items/v9-frozen-inventory.md,字面值／重複群已核對；實際文案與輔助描述待畫面驗收
V9-0957,待共用,"錯誤或結果 alert 候選；需核對同類標題、詳細訊息、確認按鈕與錯誤出口後決定共用呈現外殼。 凍結來源：.alert(""刪除版本？"", isPresented: Binding(get: { versionToDelete != nil }, set: { if !$0 { versionToDelete = nil } })) {",docs/work-items/v9-frozen-inventory.md,來源呈現類型已核對；失敗／取消／GUI 待驗收
V9-0958,合理例外,"原生文字 Button；已使用 SailuneActionCopy 共用標題。保留 macOS 原生控制以承載此處 action；對應 button_style／copy ID 仍獨立審核，位置與實際命中須畫面驗收。凍結來源：Button(SailuneActionCopy.cancel, role: .cancel) { versionToDelete = nil }",docs/work-items/v9-frozen-inventory.md,來源確認為文字 Button；位置／鍵盤焦點／實際命中及 Light／Dark 待驗收
V9-0959,已共用,已讀取 SailuneActionCopy 或位於其實作；原中文值由集中資源提供。,docs/work-items/v9-frozen-inventory.md,字面值／重複群已核對；實際文案與輔助描述待畫面驗收
V9-0960,合理例外,"來源以 SwiftUI 原生 Button 的標題參數承載文字或文字加圖標；保留原生角色／焦點／可用狀態，文案與圖標分別由固定 copy／symbol ID 審核，不為此控制另造相同 Button 外殼。來源：Button(SailuneActionCopy.delete, role: .destructive) { deleteSelectedVersion() }",docs/work-items/v9-frozen-inventory.md,來源原生標題按鈕已核對；位置／實際 hit-test／鍵盤與 Light／Dark 待驗收
V9-0961,已共用,已讀取 SailuneActionCopy 或位於其實作；原中文值由集中資源提供。,docs/work-items/v9-frozen-inventory.md,字面值／重複群已核對；實際文案與輔助描述待畫面驗收
V9-0962,合理例外,畫面標題、欄位名稱或領域狀態的靜態文字；不是 Button／Menu 操作命令。,docs/work-items/v9-frozen-inventory.md,字面值／重複群已核對；實際文案與輔助描述待畫面驗收
V9-0963,已共用,V9.1aw 接入 SailuneErrorAlert 共用原生 alert 外殼；原標題、未知錯誤 fallback、好按鈕、地圖 cancel role 與 Binding 清除時機保留。,docs/work-items/v9.1aw-repeated-error-alerts.md,主機無簽章 Debug build 通過；錯誤注入與實際 alert GUI 待驗收
V9-0964,合理例外,"原生文字 Button；已使用 SailuneActionCopy 共用標題。保留 macOS 原生控制以承載此處 action；對應 button_style／copy ID 仍獨立審核，位置與實際命中須畫面驗收。凍結來源：Button(SailuneActionCopy.acknowledge, role: .cancel) { errorMessage = nil }",docs/work-items/v9-frozen-inventory.md,來源確認為文字 Button；位置／鍵盤焦點／實際命中及 Light／Dark 待驗收
V9-0965,已共用,已讀取 SailuneActionCopy 或位於其實作；原中文值由集中資源提供。,docs/work-items/v9-frozen-inventory.md,字面值／重複群已核對；實際文案與輔助描述待畫面驗收
V9-0966,合理例外,領域 catch 在同一來源行明確顯示錯誤、拋出具名錯誤或 private 記錄；其資料結果依原領域契約保留，沒有共用 catch 外殼的必要。原語句：} catch { errorMessage = error.localizedDescription },docs/work-items/v9-frozen-inventory.md,來源已見明確錯誤出口；故障注入與 GUI 呈現尚待驗收
V9-0967,合理例外,領域 catch 在同一來源行明確顯示錯誤、拋出具名錯誤或 private 記錄；其資料結果依原領域契約保留，沒有共用 catch 外殼的必要。原語句：} catch { errorMessage = error.localizedDescription },docs/work-items/v9-frozen-inventory.md,來源已見明確錯誤出口；故障注入與 GUI 呈現尚待驗收
V9-0968,合理例外,描述依目前資料或狀態即時組成；不能以固定通用動作文字取代，需核對可讀性及對象。,docs/work-items/v9-frozen-inventory.md,來源描述已分類；VoiceOver／滑鼠提示仍待驗收
V9-0969,合理例外,地圖縮小控制使用 minus；與移除或刪除不同語意，不與那些操作共用 key。,docs/work-items/v9-frozen-inventory.md,來源語意已複核；字形與輔助功能畫面驗收待完成
V9-0970,合理例外,來源包含領域目標、特定操作方式或精確縮放／檔案語意，保留原生 help／AX 文字；逐項理由見 docs/v9-freeze/review-accessibility-domain-text.md。,docs/work-items/v9-frozen-inventory.md,來源文字及相鄰控制已核對；實際 hover／VoiceOver 待驗收
V9-0971,合理例外,來源包含領域目標、特定操作方式或精確縮放／檔案語意，保留原生 help／AX 文字；逐項理由見 docs/v9-freeze/review-accessibility-domain-text.md。,docs/work-items/v9-frozen-inventory.md,來源文字及相鄰控制已核對；實際 hover／VoiceOver 待驗收
V9-0972,已共用,來源已讀取 SailuneSymbol 語意 key；同功能字形是否一致依集中表與畫面驗收。,docs/work-items/v9-frozen-inventory.md,來源語意已複核；字形與輔助功能畫面驗收待完成
V9-0973,合理例外,來源包含領域目標、特定操作方式或精確縮放／檔案語意，保留原生 help／AX 文字；逐項理由見 docs/v9-freeze/review-accessibility-domain-text.md。,docs/work-items/v9-frozen-inventory.md,來源文字及相鄰控制已核對；實際 hover／VoiceOver 待驗收
V9-0974,合理例外,畫面標題、欄位名稱或領域狀態的靜態文字；不是 Button／Menu 操作命令。,docs/work-items/v9-frozen-inventory.md,字面值／重複群已核對；實際文案與輔助描述待畫面驗收
V9-0975,已共用,V9.1ax 固定重複描述「符合視窗」已接 SailuneActionCopy 或 SailuneAccessibilityCopy 單一來源；原文字逐字相同。,docs/work-items/v9.1ax-repeated-accessibility-copy.md,String Catalog JSON 與主機無簽章 Debug build 通過；hover／VoiceOver 待驗收
V9-0976,已共用,V9.1ax 固定重複描述「符合視窗」已接 SailuneActionCopy 或 SailuneAccessibilityCopy 單一來源；原文字逐字相同。,docs/work-items/v9.1ax-repeated-accessibility-copy.md,String Catalog JSON 與主機無簽章 Debug build 通過；hover／VoiceOver 待驗收
V9-0977,合理例外,採 macOS 原生 .bordered 樣式，保留平台語意；此例外只涵蓋 style，按鈕位置／命中與操作文案仍依對應 Button ID 驗收。,docs/work-items/v9-frozen-inventory.md,來源 style 已核對；實際 hit-test／Light／Dark 待驗收
V9-0978,已共用,"V9.1as 原字形由 SailuneSymbol.mapStack 提供；功能、文字與位置不變。原命中：systemName: ""square.stack.3d.up""",docs/work-items/v9.1as-frozen-symbol-groups.md,固定 ID、原字形與主機無簽章 macOS Debug build、git diff --check 通過；Light／Dark／VoiceOver 待驗收
V9-0979,已共用,V9.1ax 固定重複描述「管理圖層」已接 SailuneActionCopy 或 SailuneAccessibilityCopy 單一來源；原文字逐字相同。,docs/work-items/v9.1ax-repeated-accessibility-copy.md,String Catalog JSON 與主機無簽章 Debug build 通過；hover／VoiceOver 待驗收
V9-0980,已共用,V9.1ax 固定重複描述「管理圖層」已接 SailuneActionCopy 或 SailuneAccessibilityCopy 單一來源；原文字逐字相同。,docs/work-items/v9.1ax-repeated-accessibility-copy.md,String Catalog JSON 與主機無簽章 Debug build 通過；hover／VoiceOver 待驗收
V9-0981,合理例外,採 macOS 原生 .bordered 樣式，保留平台語意；此例外只涵蓋 style，按鈕位置／命中與操作文案仍依對應 Button ID 驗收。,docs/work-items/v9-frozen-inventory.md,來源 style 已核對；實際 hit-test／Light／Dark 待驗收
V9-0982,合理例外,來源以 SwiftUI 原生 Button 的標題參數承載文字或文字加圖標；保留原生角色／焦點／可用狀態，文案與圖標分別由固定 copy／symbol ID 審核，不為此控制另造相同 Button 外殼。來源：Button(style.title) { exportTemplate(style) },docs/work-items/v9-frozen-inventory.md,來源原生標題按鈕已核對；位置／實際 hit-test／鍵盤與 Light／Dark 待驗收
V9-0983,合理例外,目前固定清單中僅此處使用的領域文案「匯出地圖 PDF」；沒有同功能重複證據，保留具名畫面語境。,docs/work-items/v9-frozen-inventory.md,字面值／重複群已核對；實際文案與輔助描述待畫面驗收
V9-0984,已共用,來源已讀取 SailuneSymbol 語意 key；同功能字形是否一致依集中表與畫面驗收。,docs/work-items/v9-frozen-inventory.md,來源語意已複核；字形與輔助功能畫面驗收待完成
V9-0985,合理例外,來源包含領域目標、特定操作方式或精確縮放／檔案語意，保留原生 help／AX 文字；逐項理由見 docs/v9-freeze/review-accessibility-domain-text.md。,docs/work-items/v9-frozen-inventory.md,來源文字及相鄰控制已核對；實際 hover／VoiceOver 待驗收
V9-0986,合理例外,地圖匯入的向下匯入圖標；與匯出或新增不同。 目前凍結清單沒有同一語意的第二個呼叫點，不為單一用途新增共用 key；若日後出現同義功能另版本再審。,docs/work-items/v9-frozen-inventory.md,來源語意已核對；實際字形／Light／Dark／VoiceOver 待驗收
V9-0987,合理例外,來源包含領域目標、特定操作方式或精確縮放／檔案語意，保留原生 help／AX 文字；逐項理由見 docs/v9-freeze/review-accessibility-domain-text.md。,docs/work-items/v9-frozen-inventory.md,來源文字及相鄰控制已核對；實際 hover／VoiceOver 待驗收
V9-0988,合理例外,畫面標題、欄位名稱或領域狀態的靜態文字；不是 Button／Menu 操作命令。,docs/work-items/v9-frozen-inventory.md,字面值／重複群已核對；實際文案與輔助描述待畫面驗收
V9-0989,已共用,"V9.1as 原字形由 SailuneSymbol.mapStack 提供；功能、文字與位置不變。原命中：systemName: ""square.stack.3d.up""",docs/work-items/v9.1as-frozen-symbol-groups.md,固定 ID、原字形與主機無簽章 macOS Debug build、git diff --check 通過；Light／Dark／VoiceOver 待驗收
V9-0990,已共用,V9.1ax 固定重複描述「管理地圖」已接 SailuneActionCopy 或 SailuneAccessibilityCopy 單一來源；原文字逐字相同。,docs/work-items/v9.1ax-repeated-accessibility-copy.md,String Catalog JSON 與主機無簽章 Debug build 通過；hover／VoiceOver 待驗收
V9-0991,已共用,V9.1ax 固定重複描述「管理地圖」已接 SailuneActionCopy 或 SailuneAccessibilityCopy 單一來源；原文字逐字相同。,docs/work-items/v9.1ax-repeated-accessibility-copy.md,String Catalog JSON 與主機無簽章 Debug build 通過；hover／VoiceOver 待驗收
V9-0992,合理例外,地圖標記的 mappin；與只建立日期節點及重新定位的圖標不同。 目前凍結清單沒有同一語意的第二個呼叫點，不為單一用途新增共用 key；若日後出現同義功能另版本再審。,docs/work-items/v9-frozen-inventory.md,來源語意已核對；實際字形／Light／Dark／VoiceOver 待驗收
V9-0993,已共用,V9.1ax 固定重複描述「輸入座標」已接 SailuneActionCopy 或 SailuneAccessibilityCopy 單一來源；原文字逐字相同。,docs/work-items/v9.1ax-repeated-accessibility-copy.md,String Catalog JSON 與主機無簽章 Debug build 通過；hover／VoiceOver 待驗收
V9-0994,已共用,V9.1ax 固定重複描述「輸入座標」已接 SailuneActionCopy 或 SailuneAccessibilityCopy 單一來源；原文字逐字相同。,docs/work-items/v9.1ax-repeated-accessibility-copy.md,String Catalog JSON 與主機無簽章 Debug build 通過；hover／VoiceOver 待驗收
V9-0995,已共用,V9.1av 已把原色值來源改讀 SailuneTheme.windowSurface，保留原 shape、opacity 與層級；雙重 regex ID 指向同一色值表達式時共同標記。,docs/work-items/v9.1av-frozen-surfaces.md,21 個現行來源、原色值、無簽章 macOS Debug build 與 git diff --check 通過；Light／Dark／hover 實際畫面待驗收
V9-0996,已共用,V9.1av 已把原色值來源改讀 SailuneTheme.windowSurface，保留原 shape、opacity 與層級；雙重 regex ID 指向同一色值表達式時共同標記。,docs/work-items/v9.1av-frozen-surfaces.md,21 個現行來源、原色值、無簽章 macOS Debug build 與 git diff --check 通過；Light／Dark／hover 實際畫面待驗收
V9-0997,已共用,V9.1av 已把原色值來源改讀 SailuneTheme.windowSurface，保留原 shape、opacity 與層級；雙重 regex ID 指向同一色值表達式時共同標記。,docs/work-items/v9.1av-frozen-surfaces.md,21 個現行來源、原色值、無簽章 macOS Debug build 與 git diff --check 通過；Light／Dark／hover 實際畫面待驗收
V9-0998,合理例外,內容型系統 sheet 承載此領域編輯流程；不與刪除／錯誤提示共用資料 action，仍需核對取消與焦點。 凍結來源：.sheet(item: $markerDraft) { draft in,docs/work-items/v9-frozen-inventory.md,來源呈現類型已核對；失敗／取消／GUI 待驗收
V9-0999,合理例外,內容型系統 sheet 承載此領域編輯流程；不與刪除／錯誤提示共用資料 action，仍需核對取消與焦點。 凍結來源：.sheet(isPresented: $isManagingMaps) {,docs/work-items/v9-frozen-inventory.md,來源呈現類型已核對；失敗／取消／GUI 待驗收
V9-1000,合理例外,內容型系統 sheet 承載此領域編輯流程；不與刪除／錯誤提示共用資料 action，仍需核對取消與焦點。 凍結來源：.sheet(isPresented: $isManagingVersions) {,docs/work-items/v9-frozen-inventory.md,來源呈現類型已核對；失敗／取消／GUI 待驗收
V9-1001,待共用,"錯誤或結果 alert 候選；需核對同類標題、詳細訊息、確認按鈕與錯誤出口後決定共用呈現外殼。 凍結來源：.alert(""地圖處理失敗"", isPresented: Binding(",docs/work-items/v9-frozen-inventory.md,來源呈現類型已核對；失敗／取消／GUI 待驗收
V9-1002,合理例外,"原生文字 Button；已使用 SailuneActionCopy 共用標題。保留 macOS 原生控制以承載此處 action；對應 button_style／copy ID 仍獨立審核，位置與實際命中須畫面驗收。凍結來源：Button(SailuneActionCopy.acknowledge, role: .cancel) { errorMessage = nil }",docs/work-items/v9-frozen-inventory.md,來源確認為文字 Button；位置／鍵盤焦點／實際命中及 Light／Dark 待驗收
V9-1003,已共用,已讀取 SailuneActionCopy 或位於其實作；原中文值由集中資源提供。,docs/work-items/v9-frozen-inventory.md,字面值／重複群已核對；實際文案與輔助描述待畫面驗收
V9-1004,合理例外,catch 明確設定錯誤呈現／狀態，保留領域提示；此處是領域失敗處理，不宜僅為共用化抽成統一資料 action。來源分支：errorMessage = error.localizedDescription,docs/work-items/v9-frozen-inventory.md,來源分支已複核；故障注入或 GUI 呈現仍待相關驗收
V9-1005,合理例外,catch 明確設定錯誤呈現／狀態，保留領域提示；此處是領域失敗處理，不宜僅為共用化抽成統一資料 action。來源分支：if (error as NSError).code != NSUserCancelledError { errorMessage = error.localizedDescription },docs/work-items/v9-frozen-inventory.md,來源分支已複核；故障注入或 GUI 呈現仍待相關驗收
V9-1006,合理例外,catch 明確設定錯誤呈現／狀態，保留領域提示；此處是領域失敗處理，不宜僅為共用化抽成統一資料 action。來源分支：pdfData = nil errorMessage = error.localizedDescription,docs/work-items/v9-frozen-inventory.md,來源分支已複核；故障注入或 GUI 呈現仍待相關驗收
V9-1007,合理例外,領域 catch 在同一來源行明確顯示錯誤、拋出具名錯誤或 private 記錄；其資料結果依原領域契約保留，沒有共用 catch 外殼的必要。原語句：} catch { errorMessage = error.localizedDescription },docs/work-items/v9-frozen-inventory.md,來源已見明確錯誤出口；故障注入與 GUI 呈現尚待驗收
V9-1008,合理例外,catch 明確設定錯誤呈現／狀態，保留領域提示；此處是領域失敗處理，不宜僅為共用化抽成統一資料 action。來源分支：errorMessage = error.localizedDescription,docs/work-items/v9-frozen-inventory.md,來源分支已複核；故障注入或 GUI 呈現仍待相關驗收
V9-1009,合理例外,領域 catch 在同一來源行明確顯示錯誤、拋出具名錯誤或 private 記錄；其資料結果依原領域契約保留，沒有共用 catch 外殼的必要。原語句：catch { errorMessage = error.localizedDescription },docs/work-items/v9-frozen-inventory.md,來源已見明確錯誤出口；故障注入與 GUI 呈現尚待驗收
V9-1010,合理例外,領域 catch 在同一來源行明確顯示錯誤、拋出具名錯誤或 private 記錄；其資料結果依原領域契約保留，沒有共用 catch 外殼的必要。原語句：} catch { errorMessage = error.localizedDescription },docs/work-items/v9-frozen-inventory.md,來源已見明確錯誤出口；故障注入與 GUI 呈現尚待驗收
V9-1011,合理例外,描述依目前資料或狀態即時組成；不能以固定通用動作文字取代，需核對可讀性及對象。,docs/work-items/v9-frozen-inventory.md,來源描述已分類；VoiceOver／滑鼠提示仍待驗收
V9-1012,待共用,原生 .plain 樣式常見於圖標／整列控制；需與對應 Button ID 一起核對角色、28 pt 命中及是否需具名共用 variant。,docs/work-items/v9-frozen-inventory.md,來源 style 已核對；實際 hit-test／Light／Dark 待驗收
V9-1013,合理例外,畫面標題、欄位名稱或領域狀態的靜態文字；不是 Button／Menu 操作命令。,docs/work-items/v9-frozen-inventory.md,字面值／重複群已核對；實際文案與輔助描述待畫面驗收
V9-1014,合理例外,"地圖座標／標記上的白色標籤背板，兩個透明度對應不同背景可讀性。 來源：.background(Color.white.opacity(0.9), in: RoundedRectangle(cornerRadius: 4))",docs/work-items/v9-frozen-inventory.md,來源色彩用途已分類；Light／Dark／hover 實際畫面待驗收
V9-1015,合理例外,"地圖座標／標記上的白色標籤背板，兩個透明度對應不同背景可讀性。 來源：.background(Color.white.opacity(0.82), in: RoundedRectangle(cornerRadius: 4))",docs/work-items/v9-frozen-inventory.md,來源色彩用途已分類；Light／Dark／hover 實際畫面待驗收
V9-1016,合理例外,畫面標題、欄位名稱或領域狀態的靜態文字；不是 Button／Menu 操作命令。,docs/work-items/v9-frozen-inventory.md,字面值／重複群已核對；實際文案與輔助描述待畫面驗收
V9-1017,合理例外,數值／日期欄具寬度、數字過濾或格式化契約；不改用一般文字欄位。,docs/work-items/v9-frozen-inventory.md,來源分類已複核；具體 UI／資料驗收待完成
V9-1018,合理例外,數值／日期欄具寬度、數字過濾或格式化契約；不改用一般文字欄位。,docs/work-items/v9-frozen-inventory.md,來源分類已複核；具體 UI／資料驗收待完成
V9-1019,合理例外,畫面標題、欄位名稱或領域狀態的靜態文字；不是 Button／Menu 操作命令。,docs/work-items/v9-frozen-inventory.md,字面值／重複群已核對；實際文案與輔助描述待畫面驗收
V9-1020,合理例外,地圖標記編輯的地點名稱有 FocusState 與 onSubmit(save)；保留專用提交與原生樣式。 此例外只涵蓋欄位共用外殼，首行／focus GUI 仍依驗收清單檢查。,docs/work-items/v9-frozen-inventory.md,來源欄位與父容器契約已核對；CJK／focus／首行 GUI 待驗收
V9-1021,合理例外,地圖標記編輯的地點類型與名稱同屬原生 sheet 表單，無一般圓角欄契約。 此例外只涵蓋欄位共用外殼，首行／focus GUI 仍依驗收清單檢查。,docs/work-items/v9-frozen-inventory.md,來源欄位與父容器契約已核對；CJK／focus／首行 GUI 待驗收
V9-1022,合理例外,來源以 SwiftUI 原生 Button 的標題參數承載文字或文字加圖標；保留原生角色／焦點／可用狀態，文案與圖標分別由固定 copy／symbol ID 審核，不為此控制另造相同 Button 外殼。來源：Button(destinationTitle) {,docs/work-items/v9-frozen-inventory.md,來源原生標題按鈕已核對；位置／實際 hit-test／鍵盤與 Light／Dark 待驗收
V9-1023,合理例外,catch 明確設定錯誤呈現／狀態，保留領域提示；此處是領域失敗處理，不宜僅為共用化抽成統一資料 action。來源分支：navigationError = error.localizedDescription,docs/work-items/v9-frozen-inventory.md,來源分支已複核；故障注入或 GUI 呈現仍待相關驗收
V9-1024,合理例外,"來源以 SwiftUI 原生 Button 的標題參數承載文字或文字加圖標；保留原生角色／焦點／可用狀態，文案與圖標分別由固定 copy／symbol ID 審核，不為此控制另造相同 Button 外殼。來源：Button(""刪除地點"", role: .destructive) {",docs/work-items/v9-frozen-inventory.md,來源原生標題按鈕已核對；位置／實際 hit-test／鍵盤與 Light／Dark 待驗收
V9-1025,已共用,"V9.1ao 已依凍結 ID 將原操作標題接至 SailuneActionCopy，原繁體中文值、closure、role、style 及圖標不變；現行來源：Button(SailuneActionCopy.deletePlace, role: .destructive) {",docs/work-items/v9.1ao-repeated-action-copy.md,65 個固定 ID 靜態核對、String Catalog JSON 及主機無簽章 Debug build 通過；GUI／VoiceOver 待驗收
V9-1026,合理例外,目前固定清單中僅此處使用的領域文案「前往地點設定」；沒有同功能重複證據，保留具名畫面語境。,docs/work-items/v9-frozen-inventory.md,字面值／重複群已核對；實際文案與輔助描述待畫面驗收
V9-1027,合理例外,前往地點設定的開啟方向圖標；不同於返回或列導覽。 目前凍結清單沒有同一語意的第二個呼叫點，不為單一用途新增共用 key；若日後出現同義功能另版本再審。,docs/work-items/v9-frozen-inventory.md,來源語意已核對；實際字形／Light／Dark／VoiceOver 待驗收
V9-1028,合理例外,"原生文字 Button；已使用 SailuneActionCopy 共用標題。保留 macOS 原生控制以承載此處 action；對應 button_style／copy ID 仍獨立審核，位置與實際命中須畫面驗收。凍結來源：Button(SailuneActionCopy.cancel, role: .cancel) { dismiss() }",docs/work-items/v9-frozen-inventory.md,來源確認為文字 Button；位置／鍵盤焦點／實際命中及 Light／Dark 待驗收
V9-1029,已共用,已讀取 SailuneActionCopy 或位於其實作；原中文值由集中資源提供。,docs/work-items/v9-frozen-inventory.md,字面值／重複群已核對；實際文案與輔助描述待畫面驗收
V9-1030,合理例外,"原生文字 Button；已使用 SailuneActionCopy 共用標題。保留 macOS 原生控制以承載此處 action；對應 button_style／copy ID 仍獨立審核，位置與實際命中須畫面驗收。凍結來源：Button(SailuneActionCopy.save, action: save)",docs/work-items/v9-frozen-inventory.md,來源確認為文字 Button；位置／鍵盤焦點／實際命中及 Light／Dark 待驗收
V9-1031,已共用,已讀取 SailuneActionCopy 或位於其實作；原中文值由集中資源提供。,docs/work-items/v9-frozen-inventory.md,字面值／重複群已核對；實際文案與輔助描述待畫面驗收
V9-1032,待共用,"錯誤或結果 alert 候選；需核對同類標題、詳細訊息、確認按鈕與錯誤出口後決定共用呈現外殼。 凍結來源：.alert(""刪除地點「\(trimmedName.isEmpty ? ""未命名地點"" : trimmedName)」？"", isPresented: $showingDeleteConfirmation) {",docs/work-items/v9-frozen-inventory.md,來源呈現類型已核對；失敗／取消／GUI 待驗收
V9-1033,合理例外,"原生文字 Button；已使用 SailuneActionCopy 共用標題。保留 macOS 原生控制以承載此處 action；對應 button_style／copy ID 仍獨立審核，位置與實際命中須畫面驗收。凍結來源：Button(SailuneActionCopy.cancel, role: .cancel) {}",docs/work-items/v9-frozen-inventory.md,來源確認為文字 Button；位置／鍵盤焦點／實際命中及 Light／Dark 待驗收
V9-1034,已共用,已讀取 SailuneActionCopy 或位於其實作；原中文值由集中資源提供。,docs/work-items/v9-frozen-inventory.md,字面值／重複群已核對；實際文案與輔助描述待畫面驗收
V9-1035,合理例外,"來源以 SwiftUI 原生 Button 的標題參數承載文字或文字加圖標；保留原生角色／焦點／可用狀態，文案與圖標分別由固定 copy／symbol ID 審核，不為此控制另造相同 Button 外殼。來源：Button(SailuneActionCopy.delete, role: .destructive) {",docs/work-items/v9-frozen-inventory.md,來源原生標題按鈕已核對；位置／實際 hit-test／鍵盤與 Light／Dark 待驗收
V9-1036,已共用,已讀取 SailuneActionCopy 或位於其實作；原中文值由集中資源提供。,docs/work-items/v9-frozen-inventory.md,字面值／重複群已核對；實際文案與輔助描述待畫面驗收
V9-1037,合理例外,畫面標題、欄位名稱或領域狀態的靜態文字；不是 Button／Menu 操作命令。,docs/work-items/v9-frozen-inventory.md,字面值／重複群已核對；實際文案與輔助描述待畫面驗收
V9-1038,已共用,V9.1aw 接入 SailuneErrorAlert 共用原生 alert 外殼；原標題、未知錯誤 fallback、好按鈕、地圖 cancel role 與 Binding 清除時機保留。,docs/work-items/v9.1aw-repeated-error-alerts.md,主機無簽章 Debug build 通過；錯誤注入與實際 alert GUI 待驗收
V9-1039,合理例外,原生文字 Button；已使用 SailuneActionCopy 共用標題。保留 macOS 原生控制以承載此處 action；對應 button_style／copy ID 仍獨立審核，位置與實際命中須畫面驗收。凍結來源：Button(SailuneActionCopy.acknowledge) { errorMessage = nil },docs/work-items/v9-frozen-inventory.md,來源確認為文字 Button；位置／鍵盤焦點／實際命中及 Light／Dark 待驗收
V9-1040,已共用,已讀取 SailuneActionCopy 或位於其實作；原中文值由集中資源提供。,docs/work-items/v9-frozen-inventory.md,字面值／重複群已核對；實際文案與輔助描述待畫面驗收
V9-1041,合理例外,catch 明確設定錯誤呈現／狀態，保留領域提示；此處是領域失敗處理，不宜僅為共用化抽成統一資料 action。來源分支：errorMessage = error.localizedDescription,docs/work-items/v9-frozen-inventory.md,來源分支已複核；故障注入或 GUI 呈現仍待相關驗收
V9-1042,合理例外,畫面標題、欄位名稱或領域狀態的靜態文字；不是 Button／Menu 操作命令。,docs/work-items/v9-frozen-inventory.md,字面值／重複群已核對；實際文案與輔助描述待畫面驗收
V9-1043,合理例外,畫面標題、欄位名稱或領域狀態的靜態文字；不是 Button／Menu 操作命令。,docs/work-items/v9-frozen-inventory.md,字面值／重複群已核對；實際文案與輔助描述待畫面驗收
V9-1044,合理例外,畫面標題、欄位名稱或領域狀態的靜態文字；不是 Button／Menu 操作命令。,docs/work-items/v9-frozen-inventory.md,字面值／重複群已核對；實際文案與輔助描述待畫面驗收
V9-1045,合理例外,故事背景「其他背景」原有 8 pt 內距、語意背景與 180 pt 最小高度；為不同於圓角描邊表單的具名設計，保留用途 variant。,docs/work-items/v9.1x-field-first-line-inset-audit.md,例外理由已核對；UI 回歸待驗收
V9-1046,已共用,"背景引用已命名的 theme／AppTheme 色彩來源；用途與 Light／Dark 對照仍需畫面驗收。 凍結來源：.background(SailuneTheme.storyBackgroundEditorSurface, in: RoundedRectangle(cornerRadius: 8))",docs/work-items/v9-frozen-inventory.md,來源色彩用途已分類；Light／Dark 與 hit-testing 待驗收
V9-1047,已共用,"背景引用已命名的 theme／AppTheme 色彩來源；用途與 Light／Dark 對照仍需畫面驗收。 凍結來源：.background(SailuneTheme.storyBackgroundEditorSurface, in: RoundedRectangle(cornerRadius: 8))",docs/work-items/v9-frozen-inventory.md,來源色彩用途已分類；Light／Dark 與 hit-testing 待驗收
V9-1048,合理例外,"來源以 SwiftUI 原生 Button 的標題參數承載文字或文字加圖標；保留原生角色／焦點／可用狀態，文案與圖標分別由固定 copy／symbol ID 審核，不為此控制另造相同 Button 外殼。來源：Button(SailuneActionCopy.save, systemImage: SailuneSymbol.save.systemName, action: save)",docs/work-items/v9-frozen-inventory.md,來源原生標題按鈕已核對；位置／實際 hit-test／鍵盤與 Light／Dark 待驗收
V9-1049,已共用,已讀取 SailuneActionCopy 或位於其實作；原中文值由集中資源提供。,docs/work-items/v9-frozen-inventory.md,字面值／重複群已核對；實際文案與輔助描述待畫面驗收
V9-1050,已共用,來源已讀取 SailuneSymbol 語意 key；同功能字形是否一致依集中表與畫面驗收。,docs/work-items/v9-frozen-inventory.md,來源語意已複核；字形與輔助功能畫面驗收待完成
V9-1051,合理例外,採 macOS 原生 .borderedProminent 樣式，保留平台語意；此例外只涵蓋 style，按鈕位置／命中與操作文案仍依對應 Button ID 驗收。,docs/work-items/v9-frozen-inventory.md,來源 style 已核對；實際 hit-test／Light／Dark 待驗收
V9-1052,合理例外,五個故事背景欄共用本地 backgroundField builder，已有 6 pt 內距、語意背景與 72 pt 最小高度；保留領域 variant。,docs/work-items/v9.1x-field-first-line-inset-audit.md,例外理由已核對；UI 回歸待驗收
V9-1053,已共用,"背景引用已命名的 theme／AppTheme 色彩來源；用途與 Light／Dark 對照仍需畫面驗收。 凍結來源：.background(SailuneTheme.storyBackgroundEditorSurface, in: RoundedRectangle(cornerRadius: 8))",docs/work-items/v9-frozen-inventory.md,來源色彩用途已分類；Light／Dark 與 hit-testing 待驗收
V9-1054,已共用,"背景引用已命名的 theme／AppTheme 色彩來源；用途與 Light／Dark 對照仍需畫面驗收。 凍結來源：.background(SailuneTheme.storyBackgroundEditorSurface, in: RoundedRectangle(cornerRadius: 8))",docs/work-items/v9-frozen-inventory.md,來源色彩用途已分類；Light／Dark 與 hit-testing 待驗收
V9-1055,合理例外,catch 明確設定錯誤呈現／狀態，保留領域提示；此處是領域失敗處理，不宜僅為共用化抽成統一資料 action。來源分支：errorMessage = error.localizedDescription,docs/work-items/v9-frozen-inventory.md,來源分支已複核；故障注入或 GUI 呈現仍待相關驗收
V9-1056,合理例外,畫面標題、欄位名稱或領域狀態的靜態文字；不是 Button／Menu 操作命令。,docs/work-items/v9-frozen-inventory.md,字面值／重複群已核對；實際文案與輔助描述待畫面驗收
V9-1057,已共用,背景引用已命名的 theme／AppTheme 色彩來源；用途與 Light／Dark 對照仍需畫面驗收。 凍結來源：.background(Color.appBackground),docs/work-items/v9-frozen-inventory.md,來源色彩用途已分類；Light／Dark 與 hit-testing 待驗收
V9-1058,合理例外,V9.2al 已在此領域 catch 加 private OSLog；原回傳 nil／退回列表／延後修復的結果保持，故不共用資料 action。,docs/work-items/v9.2al-silent-catch-diagnostics.md,三個現行 catch 靜態核對與主機無簽章 Debug build 通過；隔離故障注入待驗收
V9-1059,合理例外,目前固定清單中僅此處使用的領域文案「正文順序與敘事節奏」；沒有同功能重複證據，保留具名畫面語境。,docs/work-items/v9-frozen-inventory.md,字面值／重複群已核對；實際文案與輔助描述待畫面驗收
V9-1060,合理例外,敘事節奏版面選項的分組矩形；非故事線資料操作。 目前凍結清單沒有同一語意的第二個呼叫點，不為單一用途新增共用 key；若日後出現同義功能另版本再審。,docs/work-items/v9-frozen-inventory.md,來源語意已核對；實際字形／Light／Dark／VoiceOver 待驗收
V9-1061,合理例外,畫面標題、欄位名稱或領域狀態的靜態文字；不是 Button／Menu 操作命令。,docs/work-items/v9-frozen-inventory.md,字面值／重複群已核對；實際文案與輔助描述待畫面驗收
V9-1062,合理例外,"來源以 SwiftUI 原生 Button 的標題參數承載文字或文字加圖標；保留原生角色／焦點／可用狀態，文案與圖標分別由固定 copy／symbol ID 審核，不為此控制另造相同 Button 外殼。來源：Button(""從敘事大綱加入時間軸"", systemImage: ""text.badge.plus"") {",docs/work-items/v9-frozen-inventory.md,來源原生標題按鈕已核對；位置／實際 hit-test／鍵盤與 Light／Dark 待驗收
V9-1063,合理例外,目前固定清單中僅此處使用的領域文案「從敘事大綱加入時間軸」；沒有同功能重複證據，保留具名畫面語境。,docs/work-items/v9-frozen-inventory.md,字面值／重複群已核對；實際文案與輔助描述待畫面驗收
V9-1064,合理例外,將既有敘事大綱加入時間軸的專用文字加號；不同於新增空事件。 目前凍結清單沒有同一語意的第二個呼叫點，不為單一用途新增共用 key；若日後出現同義功能另版本再審。,docs/work-items/v9-frozen-inventory.md,來源語意已核對；實際字形／Light／Dark／VoiceOver 待驗收
V9-1065,已共用,使用既有 PlanningActionStyle 或在 SharedUI 定義共用按鈕外殼；原按鈕位置仍需驗收。,docs/work-items/v9-frozen-inventory.md,來源 style 已核對；實際 hit-test／Light／Dark 待驗收
V9-1066,合理例外,描述依目前資料或狀態即時組成；不能以固定通用動作文字取代，需核對可讀性及對象。,docs/work-items/v9-frozen-inventory.md,來源描述已分類；VoiceOver／滑鼠提示仍待驗收
V9-1067,合理例外,"來源以 SwiftUI 原生 Button 的標題參數承載文字或文字加圖標；保留原生角色／焦點／可用狀態，文案與圖標分別由固定 copy／symbol ID 審核，不為此控制另造相同 Button 外殼。來源：Button(""管理故事線與階段"", systemImage: ""slider.horizontal.3"") {",docs/work-items/v9-frozen-inventory.md,來源原生標題按鈕已核對；位置／實際 hit-test／鍵盤與 Light／Dark 待驗收
V9-1068,合理例外,目前固定清單中僅此處使用的領域文案「管理故事線與階段」；沒有同功能重複證據，保留具名畫面語境。,docs/work-items/v9-frozen-inventory.md,字面值／重複群已核對；實際文案與輔助描述待畫面驗收
V9-1069,合理例外,管理故事線與階段的滑桿圖標；與 Inspector 設定管理的資料對象不同。 目前凍結清單沒有同一語意的第二個呼叫點，不為單一用途新增共用 key；若日後出現同義功能另版本再審。,docs/work-items/v9-frozen-inventory.md,來源語意已核對；實際字形／Light／Dark／VoiceOver 待驗收
V9-1070,已共用,使用既有 PlanningActionStyle 或在 SharedUI 定義共用按鈕外殼；原按鈕位置仍需驗收。,docs/work-items/v9-frozen-inventory.md,來源 style 已核對；實際 hit-test／Light／Dark 待驗收
V9-1071,合理例外,內容型系統 sheet 承載此領域編輯流程；不與刪除／錯誤提示共用資料 action，仍需核對取消與焦點。 凍結來源：.sheet(isPresented: $showingOutlineManager) {,docs/work-items/v9-frozen-inventory.md,來源呈現類型已核對；失敗／取消／GUI 待驗收
V9-1072,合理例外,畫面標題、欄位名稱或領域狀態的靜態文字；不是 Button／Menu 操作命令。,docs/work-items/v9-frozen-inventory.md,字面值／重複群已核對；實際文案與輔助描述待畫面驗收
V9-1073,合理例外,原生文字 Button；已使用 SailuneActionCopy 共用標題。保留 macOS 原生控制以承載此處 action；對應 button_style／copy ID 仍獨立審核，位置與實際命中須畫面驗收。凍結來源：Button(SailuneActionCopy.done) { showingOutlineManager = false },docs/work-items/v9-frozen-inventory.md,來源確認為文字 Button；位置／鍵盤焦點／實際命中及 Light／Dark 待驗收
V9-1074,已共用,已讀取 SailuneActionCopy 或位於其實作；原中文值由集中資源提供。,docs/work-items/v9-frozen-inventory.md,字面值／重複群已核對；實際文案與輔助描述待畫面驗收
V9-1075,已共用,使用既有 PlanningActionStyle 或在 SharedUI 定義共用按鈕外殼；原按鈕位置仍需驗收。,docs/work-items/v9-frozen-inventory.md,來源 style 已核對；實際 hit-test／Light／Dark 待驗收
V9-1076,合理例外,內容型系統 sheet 承載此領域編輯流程；不與刪除／錯誤提示共用資料 action，仍需核對取消與焦點。 凍結來源：.sheet(isPresented: $showingCreateTimelineEvent) {,docs/work-items/v9-frozen-inventory.md,來源呈現類型已核對；失敗／取消／GUI 待驗收
V9-1077,合理例外,目前固定清單中僅此處使用的領域文案「已加入時間軸」；沒有同功能重複證據，保留具名畫面語境。,docs/work-items/v9-frozen-inventory.md,字面值／重複群已核對；實際文案與輔助描述待畫面驗收
V9-1078,合理例外,已加入時間軸的完成狀態圖標；不同於可操作的選取／確認勾。 目前凍結清單沒有同一語意的第二個呼叫點，不為單一用途新增共用 key；若日後出現同義功能另版本再審。,docs/work-items/v9-frozen-inventory.md,來源語意已核對；實際字形／Light／Dark／VoiceOver 待驗收
V9-1079,合理例外,"採系統材質／bar 背景，語意與固定表面色不同；保留平台呈現。 凍結來源：.background(.regularMaterial, in: Capsule())",docs/work-items/v9-frozen-inventory.md,來源色彩用途已分類；Light／Dark 與 hit-testing 待驗收
V9-1080,合理例外,短暫成功提示的可取消延遲；取消不影響資料保存。 凍結來源：try? await Task.sleep(for: .seconds(2)),docs/work-items/v9-frozen-inventory.md,來源失敗路徑已列；故障注入／資料驗收待完成
V9-1081,合理例外,領域 catch 在同一來源行明確顯示錯誤、拋出具名錯誤或 private 記錄；其資料結果依原領域契約保留，沒有共用 catch 外殼的必要。原語句：catch { timelineError = error.localizedDescription },docs/work-items/v9-frozen-inventory.md,來源已見明確錯誤出口；故障注入與 GUI 呈現尚待驗收
V9-1082,合理例外,"領域錯誤／結果標題與狀態綁定由原畫面提供，確認按鈕已讀取 SailuneActionCopy.acknowledge，系統 .alert 提供共同呈現；保留領域內容與原 action。凍結來源：.alert(""時間軸無法準備"", isPresented: Binding(",docs/work-items/v9-frozen-inventory.md,來源確認共用確認文案；實際錯誤呈現與鍵盤／VoiceOver 待驗收
V9-1083,合理例外,原生文字 Button；已使用 SailuneActionCopy 共用標題。保留 macOS 原生控制以承載此處 action；對應 button_style／copy ID 仍獨立審核，位置與實際命中須畫面驗收。凍結來源：Button(SailuneActionCopy.acknowledge) { timelineError = nil },docs/work-items/v9-frozen-inventory.md,來源確認為文字 Button；位置／鍵盤焦點／實際命中及 Light／Dark 待驗收
V9-1084,已共用,已讀取 SailuneActionCopy 或位於其實作；原中文值由集中資源提供。,docs/work-items/v9-frozen-inventory.md,字面值／重複群已核對；實際文案與輔助描述待畫面驗收
V9-1085,已共用,來源已讀取 SailuneSymbol 語意 key；同功能字形是否一致依集中表與畫面驗收。,docs/work-items/v9-frozen-inventory.md,來源語意已複核；字形與輔助功能畫面驗收待完成
V9-1086,合理例外,畫面標題、欄位名稱或領域狀態的靜態文字；不是 Button／Menu 操作命令。,docs/work-items/v9-frozen-inventory.md,字面值／重複群已核對；實際文案與輔助描述待畫面驗收
V9-1087,合理例外,內容型系統 sheet 承載此領域編輯流程；不與刪除／錯誤提示共用資料 action，仍需核對取消與焦點。 凍結來源：.sheet(item: selectedItemBinding) { item in,docs/work-items/v9-frozen-inventory.md,來源呈現類型已核對；失敗／取消／GUI 待驗收
V9-1088,已共用,V9.1aw 接入 SailuneErrorAlert 共用原生 alert 外殼；原標題、未知錯誤 fallback、好按鈕、地圖 cancel role 與 Binding 清除時機保留。,docs/work-items/v9.1aw-repeated-error-alerts.md,主機無簽章 Debug build 通過；錯誤注入與實際 alert GUI 待驗收
V9-1089,合理例外,原生文字 Button；已使用 SailuneActionCopy 共用標題。保留 macOS 原生控制以承載此處 action；對應 button_style／copy ID 仍獨立審核，位置與實際命中須畫面驗收。凍結來源：Button(SailuneActionCopy.acknowledge) { errorMessage = nil },docs/work-items/v9-frozen-inventory.md,來源確認為文字 Button；位置／鍵盤焦點／實際命中及 Light／Dark 待驗收
V9-1090,已共用,已讀取 SailuneActionCopy 或位於其實作；原中文值由集中資源提供。,docs/work-items/v9-frozen-inventory.md,字面值／重複群已核對；實際文案與輔助描述待畫面驗收
V9-1091,合理例外,畫面標題、欄位名稱或領域狀態的靜態文字；不是 Button／Menu 操作命令。,docs/work-items/v9-frozen-inventory.md,字面值／重複群已核對；實際文案與輔助描述待畫面驗收
V9-1092,已共用,"背景引用已命名的 theme／AppTheme 色彩來源；用途與 Light／Dark 對照仍需畫面驗收。 凍結來源：.background(Color.workspacePanelBackground, in: RoundedRectangle(cornerRadius: 12))",docs/work-items/v9-frozen-inventory.md,來源色彩用途已分類；Light／Dark 與 hit-testing 待驗收
V9-1093,合理例外,大綱卡片邊框，與編輯器輸入描邊不同。 來源：.overlay(RoundedRectangle(cornerRadius: 12).stroke(Color.secondary.opacity(0.16))),docs/work-items/v9-frozen-inventory.md,來源色彩用途已分類；Light／Dark／hover 實際畫面待驗收
V9-1094,合理例外,畫面標題、欄位名稱或領域狀態的靜態文字；不是 Button／Menu 操作命令。,docs/work-items/v9-frozen-inventory.md,字面值／重複群已核對；實際文案與輔助描述待畫面驗收
V9-1095,已共用,V9.1as 對應固定語意組，保留原字形與 action：SailuneSymbol.rowNavigation,docs/work-items/v9.1as-frozen-symbol-groups.md,固定 ID 原字形與主機無簽章 Debug build 通過；實際 GUI／VoiceOver 待驗收
V9-1096,待共用,原生 .plain 樣式常見於圖標／整列控制；需與對應 Button ID 一起核對角色、28 pt 命中及是否需具名共用 variant。,docs/work-items/v9-frozen-inventory.md,來源 style 已核對；實際 hit-test／Light／Dark 待驗收
V9-1097,已共用,"背景引用已命名的 theme／AppTheme 色彩來源；用途與 Light／Dark 對照仍需畫面驗收。 凍結來源：.background(SailuneTheme.subtleSurface, in: RoundedRectangle(cornerRadius: 7))",docs/work-items/v9-frozen-inventory.md,來源色彩用途已分類；Light／Dark 與 hit-testing 待驗收
V9-1098,已共用,"背景引用已命名的 theme／AppTheme 色彩來源；用途與 Light／Dark 對照仍需畫面驗收。 凍結來源：.background(SailuneTheme.subtleSurface, in: RoundedRectangle(cornerRadius: 7))",docs/work-items/v9-frozen-inventory.md,來源色彩用途已分類；Light／Dark 與 hit-testing 待驗收
V9-1099,合理例外,描述依目前資料或狀態即時組成；不能以固定通用動作文字取代，需核對可讀性及對象。,docs/work-items/v9-frozen-inventory.md,來源描述已分類；VoiceOver／滑鼠提示仍待驗收
V9-1100,待共用,純圖標或 iconOnly 按鈕候選；依凍結位置核對 28 pt 命中、間距、help／accessibility、原 action 及禁用條件。 凍結來源：Button(action: action) {,docs/work-items/v9-frozen-inventory.md,來源按鈕型態已列；實際命中／鍵盤／Light／Dark 待驗收
V9-1101,合理例外,畫面標題、欄位名稱或領域狀態的靜態文字；不是 Button／Menu 操作命令。,docs/work-items/v9-frozen-inventory.md,字面值／重複群已核對；實際文案與輔助描述待畫面驗收
V9-1102,待共用,原生 .plain 樣式常見於圖標／整列控制；需與對應 Button ID 一起核對角色、28 pt 命中及是否需具名共用 variant。,docs/work-items/v9-frozen-inventory.md,來源 style 已核對；實際 hit-test／Light／Dark 待驗收
V9-1103,合理例外,描述依目前資料或狀態即時組成；不能以固定通用動作文字取代，需核對可讀性及對象。,docs/work-items/v9-frozen-inventory.md,來源描述已分類；VoiceOver／滑鼠提示仍待驗收
V9-1104,合理例外,畫面標題、欄位名稱或領域狀態的靜態文字；不是 Button／Menu 操作命令。,docs/work-items/v9-frozen-inventory.md,字面值／重複群已核對；實際文案與輔助描述待畫面驗收
V9-1105,已共用,大綱項目詳情 iconOnly 關閉 Button 已使用共用 SailuneActionCopy.close、SailuneSymbol.close 及 PlanningActionStyle；style 以 minWidth 28／minHeight 30 和 contentShape(Rectangle()) 提供命中外殼，保留原 action。,docs/work-items/v9-frozen-inventory.md,來源共用 style／文字／圖標已核對；實際 hit-test／鍵盤／Light／Dark 待驗收
V9-1106,已共用,已讀取 SailuneActionCopy 或位於其實作；原中文值由集中資源提供。,docs/work-items/v9-frozen-inventory.md,字面值／重複群已核對；實際文案與輔助描述待畫面驗收
V9-1107,已共用,來源已讀取 SailuneSymbol 語意 key；同功能字形是否一致依集中表與畫面驗收。,docs/work-items/v9-frozen-inventory.md,來源語意已複核；字形與輔助功能畫面驗收待完成
V9-1108,已共用,使用既有 PlanningActionStyle 或在 SharedUI 定義共用按鈕外殼；原按鈕位置仍需驗收。,docs/work-items/v9-frozen-inventory.md,來源 style 已核對；實際 hit-test／Light／Dark 待驗收
V9-1109,已共用,背景引用已命名的 theme／AppTheme 色彩來源；用途與 Light／Dark 對照仍需畫面驗收。 凍結來源：.background(Color.workspacePanelBackground),docs/work-items/v9-frozen-inventory.md,來源色彩用途已分類；Light／Dark 與 hit-testing 待驗收
V9-1110,已共用,V9.1aw 接入 SailuneErrorAlert 共用原生 alert 外殼；原標題、未知錯誤 fallback、好按鈕、地圖 cancel role 與 Binding 清除時機保留。,docs/work-items/v9.1aw-repeated-error-alerts.md,主機無簽章 Debug build 通過；錯誤注入與實際 alert GUI 待驗收
V9-1111,合理例外,原生文字 Button；已使用 SailuneActionCopy 共用標題。保留 macOS 原生控制以承載此處 action；對應 button_style／copy ID 仍獨立審核，位置與實際命中須畫面驗收。凍結來源：Button(SailuneActionCopy.acknowledge) { errorMessage = nil },docs/work-items/v9-frozen-inventory.md,來源確認為文字 Button；位置／鍵盤焦點／實際命中及 Light／Dark 待驗收
V9-1112,已共用,已讀取 SailuneActionCopy 或位於其實作；原中文值由集中資源提供。,docs/work-items/v9-frozen-inventory.md,字面值／重複群已核對；實際文案與輔助描述待畫面驗收
V9-1113,合理例外,此重複字面值表示領域狀態或分類，不是同一個可執行動作；保留上下文。,docs/work-items/v9-frozen-inventory.md,字面值／重複群已核對；實際文案與輔助描述待畫面驗收
V9-1114,已共用,來源已讀取 SailuneSymbol 語意 key；同功能字形是否一致依集中表與畫面驗收。,docs/work-items/v9-frozen-inventory.md,來源語意已複核；字形與輔助功能畫面驗收待完成
V9-1115,合理例外,畫面標題、欄位名稱或領域狀態的靜態文字；不是 Button／Menu 操作命令。,docs/work-items/v9-frozen-inventory.md,字面值／重複群已核對；實際文案與輔助描述待畫面驗收
V9-1116,合理例外,內容型系統 sheet 承載此領域編輯流程；不與刪除／錯誤提示共用資料 action，仍需核對取消與焦點。 凍結來源：.sheet(item: selectedItemBinding) { item in,docs/work-items/v9-frozen-inventory.md,來源呈現類型已核對；失敗／取消／GUI 待驗收
V9-1117,合理例外,畫面標題、欄位名稱或領域狀態的靜態文字；不是 Button／Menu 操作命令。,docs/work-items/v9-frozen-inventory.md,字面值／重複群已核對；實際文案與輔助描述待畫面驗收
V9-1118,合理例外,畫面標題、欄位名稱或領域狀態的靜態文字；不是 Button／Menu 操作命令。,docs/work-items/v9-frozen-inventory.md,字面值／重複群已核對；實際文案與輔助描述待畫面驗收
V9-1119,已共用,背景引用已命名的 theme／AppTheme 色彩來源；用途與 Light／Dark 對照仍需畫面驗收。 凍結來源：.background(Color.workspacePanelBackground),docs/work-items/v9-frozen-inventory.md,來源色彩用途已分類；Light／Dark 與 hit-testing 待驗收
V9-1120,合理例外,"透明或幾何量測層，非可見表面色；不混入背景色 token。 凍結來源：.background(rowHeightReader(""header""))",docs/work-items/v9-frozen-inventory.md,來源色彩用途已分類；Light／Dark 與 hit-testing 待驗收
V9-1121,合理例外,透明或幾何量測層，非可見表面色；不混入背景色 token。 凍結來源：.background(rowHeightReader(lane.id.uuidString)),docs/work-items/v9-frozen-inventory.md,來源色彩用途已分類；Light／Dark 與 hit-testing 待驗收
V9-1122,合理例外,"透明或幾何量測層，非可見表面色；不混入背景色 token。 凍結來源：.background(rowHeightReader(""pending""))",docs/work-items/v9-frozen-inventory.md,來源色彩用途已分類；Light／Dark 與 hit-testing 待驗收
V9-1123,合理例外,畫面標題、欄位名稱或領域狀態的靜態文字；不是 Button／Menu 操作命令。,docs/work-items/v9-frozen-inventory.md,字面值／重複群已核對；實際文案與輔助描述待畫面驗收
V9-1124,已共用,大綱項目詳情 iconOnly 關閉 Button 已使用共用 SailuneActionCopy.close、SailuneSymbol.close 及 PlanningActionStyle；style 以 minWidth 28／minHeight 30 和 contentShape(Rectangle()) 提供命中外殼，保留原 action。,docs/work-items/v9-frozen-inventory.md,來源共用 style／文字／圖標已核對；實際 hit-test／鍵盤／Light／Dark 待驗收
V9-1125,已共用,已讀取 SailuneActionCopy 或位於其實作；原中文值由集中資源提供。,docs/work-items/v9-frozen-inventory.md,字面值／重複群已核對；實際文案與輔助描述待畫面驗收
V9-1126,已共用,來源已讀取 SailuneSymbol 語意 key；同功能字形是否一致依集中表與畫面驗收。,docs/work-items/v9-frozen-inventory.md,來源語意已複核；字形與輔助功能畫面驗收待完成
V9-1127,已共用,使用既有 PlanningActionStyle 或在 SharedUI 定義共用按鈕外殼；原按鈕位置仍需驗收。,docs/work-items/v9-frozen-inventory.md,來源 style 已核對；實際 hit-test／Light／Dark 待驗收
V9-1128,待共用,直接提示／輔助文字；需按固定 ID 核對操作對象、狀態、同功能用詞及是否缺少另一種描述。,docs/work-items/v9-frozen-inventory.md,來源描述已分類；VoiceOver／滑鼠提示仍待驗收
V9-1129,已共用,背景引用已命名的 theme／AppTheme 色彩來源；用途與 Light／Dark 對照仍需畫面驗收。 凍結來源：.background(Color.workspacePanelBackground),docs/work-items/v9-frozen-inventory.md,來源色彩用途已分類；Light／Dark 與 hit-testing 待驗收
V9-1130,合理例外,畫面標題、欄位名稱或領域狀態的靜態文字；不是 Button／Menu 操作命令。,docs/work-items/v9-frozen-inventory.md,字面值／重複群已核對；實際文案與輔助描述待畫面驗收
V9-1131,已共用,背景引用已命名的 theme／AppTheme 色彩來源；用途與 Light／Dark 對照仍需畫面驗收。 凍結來源：.background(Color.workspacePanelBackground),docs/work-items/v9-frozen-inventory.md,來源色彩用途已分類；Light／Dark 與 hit-testing 待驗收
V9-1132,已共用,背景引用已命名的 theme／AppTheme 色彩來源；用途與 Light／Dark 對照仍需畫面驗收。 凍結來源：.background(SailuneTheme.subtleSurface),docs/work-items/v9-frozen-inventory.md,來源色彩用途已分類；Light／Dark 與 hit-testing 待驗收
V9-1133,已共用,背景引用已命名的 theme／AppTheme 色彩來源；用途與 Light／Dark 對照仍需畫面驗收。 凍結來源：.background(SailuneTheme.subtleSurface),docs/work-items/v9-frozen-inventory.md,來源色彩用途已分類；Light／Dark 與 hit-testing 待驗收
V9-1134,已共用,背景引用已命名的 theme／AppTheme 色彩來源；用途與 Light／Dark 對照仍需畫面驗收。 凍結來源：.background(Color.workspacePanelBackground.opacity(0.98)),docs/work-items/v9-frozen-inventory.md,來源色彩用途已分類；Light／Dark 與 hit-testing 待驗收
V9-1135,合理例外,大綱時間序欄位的線條／階段色／狀態色由欄位與資料條件決定。 來源：.fill(Color.secondary.opacity(0.18)),docs/work-items/v9-frozen-inventory.md,來源色彩用途已分類；Light／Dark／hover 實際畫面待驗收
V9-1136,已共用,背景引用已命名的 theme／AppTheme 色彩來源；用途與 Light／Dark 對照仍需畫面驗收。 凍結來源：.background(Color.workspacePanelBackground.opacity(0.65)),docs/work-items/v9-frozen-inventory.md,來源色彩用途已分類；Light／Dark 與 hit-testing 待驗收
V9-1137,合理例外,目前固定清單中僅此處使用的領域文案「主線階段」；沒有同功能重複證據，保留具名畫面語境。,docs/work-items/v9-frozen-inventory.md,字面值／重複群已核對；實際文案與輔助描述待畫面驗收
V9-1138,合理例外,此處表示領域資料類型、靜態狀態或專用空狀態；未證實是跨畫面的相同操作，保留具名語境而不與同字形操作混用。,docs/work-items/v9-frozen-inventory.md,來源語意已複核；字形與輔助功能畫面驗收待完成
V9-1139,已共用,背景引用已命名的 theme／AppTheme 色彩來源；用途與 Light／Dark 對照仍需畫面驗收。 凍結來源：.background(Color.workspacePanelBackground.opacity(0.98)),docs/work-items/v9-frozen-inventory.md,來源色彩用途已分類；Light／Dark 與 hit-testing 待驗收
V9-1140,合理例外,"大綱時間序欄位的線條／階段色／狀態色由欄位與資料條件決定。 來源：.background(Color.accentColor.opacity(0.12), in: RoundedRectangle(cornerRadius: 6))",docs/work-items/v9-frozen-inventory.md,來源色彩用途已分類；Light／Dark／hover 實際畫面待驗收
V9-1141,已共用,背景引用已命名的 theme／AppTheme 色彩來源；用途與 Light／Dark 對照仍需畫面驗收。 凍結來源：.background(Color.workspacePanelBackground.opacity(0.82)),docs/work-items/v9-frozen-inventory.md,來源色彩用途已分類；Light／Dark 與 hit-testing 待驗收
V9-1142,合理例外,此重複字面值表示領域狀態或分類，不是同一個可執行動作；保留上下文。,docs/work-items/v9-frozen-inventory.md,字面值／重複群已核對；實際文案與輔助描述待畫面驗收
V9-1143,合理例外,此處表示領域資料類型、靜態狀態或專用空狀態；未證實是跨畫面的相同操作，保留具名語境而不與同字形操作混用。,docs/work-items/v9-frozen-inventory.md,來源語意已複核；字形與輔助功能畫面驗收待完成
V9-1144,合理例外,畫面標題、欄位名稱或領域狀態的靜態文字；不是 Button／Menu 操作命令。,docs/work-items/v9-frozen-inventory.md,字面值／重複群已核對；實際文案與輔助描述待畫面驗收
V9-1145,已共用,V9.1av 相同用途的描邊或淡色卡片背景改讀 SailuneTheme.outlinePlaceholderBorder；外層 .background 與內層色值的雙重 regex ID 均對應同一已共用表達式。,docs/work-items/v9.1av-frozen-surfaces.md,原色值／形狀與主機無簽章 Debug build、git diff --check 通過；Light／Dark GUI 待驗收
V9-1146,已共用,V9.1av 相同用途的描邊或淡色卡片背景改讀 SailuneTheme.outlinePlaceholderBorder；外層 .background 與內層色值的雙重 regex ID 均對應同一已共用表達式。,docs/work-items/v9.1av-frozen-surfaces.md,原色值／形狀與主機無簽章 Debug build、git diff --check 通過；Light／Dark GUI 待驗收
V9-1147,合理例外,目前固定清單中僅此處使用的領域文案「未分類時間序」；沒有同功能重複證據，保留具名畫面語境。,docs/work-items/v9-frozen-inventory.md,字面值／重複群已核對；實際文案與輔助描述待畫面驗收
V9-1148,合理例外,此處表示領域資料類型、靜態狀態或專用空狀態；未證實是跨畫面的相同操作，保留具名語境而不與同字形操作混用。,docs/work-items/v9-frozen-inventory.md,來源語意已複核；字形與輔助功能畫面驗收待完成
V9-1149,合理例外,畫面標題、欄位名稱或領域狀態的靜態文字；不是 Button／Menu 操作命令。,docs/work-items/v9-frozen-inventory.md,字面值／重複群已核對；實際文案與輔助描述待畫面驗收
V9-1150,已共用,V9.1av 相同用途的描邊或淡色卡片背景改讀 SailuneTheme.outlinePlaceholderBorder；外層 .background 與內層色值的雙重 regex ID 均對應同一已共用表達式。,docs/work-items/v9.1av-frozen-surfaces.md,原色值／形狀與主機無簽章 Debug build、git diff --check 通過；Light／Dark GUI 待驗收
V9-1151,已共用,V9.1av 相同用途的描邊或淡色卡片背景改讀 SailuneTheme.outlinePlaceholderBorder；外層 .background 與內層色值的雙重 regex ID 均對應同一已共用表達式。,docs/work-items/v9.1av-frozen-surfaces.md,原色值／形狀與主機無簽章 Debug build、git diff --check 通過；Light／Dark GUI 待驗收
V9-1152,待共用,原生文字或選單動作按鈕；依來源行中的具名操作核對角色、同功能文案、位置與命中。 凍結來源：Button(action: onSelect) { cardContent },docs/work-items/v9-frozen-inventory.md,來源按鈕型態已列；實際命中／鍵盤／Light／Dark 待驗收
V9-1153,待共用,原生 .plain 樣式常見於圖標／整列控制；需與對應 Button ID 一起核對角色、28 pt 命中及是否需具名共用 variant。,docs/work-items/v9-frozen-inventory.md,來源 style 已核對；實際 hit-test／Light／Dark 待驗收
V9-1154,待共用,直接提示／輔助文字；需按固定 ID 核對操作對象、狀態、同功能用詞及是否缺少另一種描述。,docs/work-items/v9-frozen-inventory.md,來源描述已分類；VoiceOver／滑鼠提示仍待驗收
V9-1155,待共用,原生 .plain 樣式常見於圖標／整列控制；需與對應 Button ID 一起核對角色、28 pt 命中及是否需具名共用 variant。,docs/work-items/v9-frozen-inventory.md,來源 style 已核對；實際 hit-test／Light／Dark 待驗收
V9-1156,待共用,直接提示／輔助文字；需按固定 ID 核對操作對象、狀態、同功能用詞及是否缺少另一種描述。,docs/work-items/v9-frozen-inventory.md,來源描述已分類；VoiceOver／滑鼠提示仍待驗收
V9-1157,合理例外,"大綱時間序欄位的線條／階段色／狀態色由欄位與資料條件決定。 來源：.background(statusColor.opacity(0.13), in: RoundedRectangle(cornerRadius: 7))",docs/work-items/v9-frozen-inventory.md,來源色彩用途已分類；Light／Dark／hover 實際畫面待驗收
V9-1158,已共用,背景引用已命名的 theme／AppTheme 色彩來源；用途與 Light／Dark 對照仍需畫面驗收。 凍結來源：.background(Color.workspacePanelBackground),docs/work-items/v9-frozen-inventory.md,來源色彩用途已分類；Light／Dark 與 hit-testing 待驗收
V9-1159,已共用,V9.1aw 接入 SailuneErrorAlert 共用原生 alert 外殼；原標題、未知錯誤 fallback、好按鈕、地圖 cancel role 與 Binding 清除時機保留。,docs/work-items/v9.1aw-repeated-error-alerts.md,主機無簽章 Debug build 通過；錯誤注入與實際 alert GUI 待驗收
V9-1160,合理例外,原生文字 Button；已使用 SailuneActionCopy 共用標題。保留 macOS 原生控制以承載此處 action；對應 button_style／copy ID 仍獨立審核，位置與實際命中須畫面驗收。凍結來源：Button(SailuneActionCopy.acknowledge) { errorMessage = nil },docs/work-items/v9-frozen-inventory.md,來源確認為文字 Button；位置／鍵盤焦點／實際命中及 Light／Dark 待驗收
V9-1161,已共用,已讀取 SailuneActionCopy 或位於其實作；原中文值由集中資源提供。,docs/work-items/v9-frozen-inventory.md,字面值／重複群已核對；實際文案與輔助描述待畫面驗收
V9-1162,待共用,"確認流程候選；需核對標題、破壞後果、取消、預設角色及 Store action，僅呈現外殼可共用。 凍結來源：.confirmationDialog(""刪除故事線？"", isPresented: Binding(get: { deleteStoryLineTarget != nil }, set: { if !$0 { deleteStoryLineTarget = nil } }), ",docs/work-items/v9-frozen-inventory.md,來源呈現類型已核對；失敗／取消／GUI 待驗收
V9-1163,合理例外,"來源以 SwiftUI 原生 Button 的標題參數承載文字或文字加圖標；保留原生角色／焦點／可用狀態，文案與圖標分別由固定 copy／symbol ID 審核，不為此控制另造相同 Button 外殼。來源：Button(""刪除故事線"", role: .destructive) { deleteStoryLine(storyLine) }",docs/work-items/v9-frozen-inventory.md,來源原生標題按鈕已核對；位置／實際 hit-test／鍵盤與 Light／Dark 待驗收
V9-1164,已共用,"V9.1ao 已依凍結 ID 將原操作標題接至 SailuneActionCopy，原繁體中文值、closure、role、style 及圖標不變；現行來源：Button(SailuneActionCopy.deleteStoryLine, role: .destructive) { deleteStoryLine(storyLine) }",docs/work-items/v9.1ao-repeated-action-copy.md,65 個固定 ID 靜態核對、String Catalog JSON 及主機無簽章 Debug build 通過；GUI／VoiceOver 待驗收
V9-1165,合理例外,"原生文字 Button；已使用 SailuneActionCopy 共用標題。保留 macOS 原生控制以承載此處 action；對應 button_style／copy ID 仍獨立審核，位置與實際命中須畫面驗收。凍結來源：Button(SailuneActionCopy.cancel, role: .cancel) { deleteStoryLineTarget = nil }",docs/work-items/v9-frozen-inventory.md,來源確認為文字 Button；位置／鍵盤焦點／實際命中及 Light／Dark 待驗收
V9-1166,已共用,已讀取 SailuneActionCopy 或位於其實作；原中文值由集中資源提供。,docs/work-items/v9-frozen-inventory.md,字面值／重複群已核對；實際文案與輔助描述待畫面驗收
V9-1167,合理例外,畫面標題、欄位名稱或領域狀態的靜態文字；不是 Button／Menu 操作命令。,docs/work-items/v9-frozen-inventory.md,字面值／重複群已核對；實際文案與輔助描述待畫面驗收
V9-1168,合理例外,畫面標題、欄位名稱或領域狀態的靜態文字；不是 Button／Menu 操作命令。,docs/work-items/v9-frozen-inventory.md,字面值／重複群已核對；實際文案與輔助描述待畫面驗收
V9-1169,合理例外,畫面標題、欄位名稱或領域狀態的靜態文字；不是 Button／Menu 操作命令。,docs/work-items/v9-frozen-inventory.md,字面值／重複群已核對；實際文案與輔助描述待畫面驗收
V9-1170,合理例外,目前固定清單中僅此處使用的領域文案「故事線時間軸」；沒有同功能重複證據，保留具名畫面語境。,docs/work-items/v9-frozen-inventory.md,字面值／重複群已核對；實際文案與輔助描述待畫面驗收
V9-1171,已共用,來源已讀取 SailuneSymbol 語意 key；同功能字形是否一致依集中表與畫面驗收。,docs/work-items/v9-frozen-inventory.md,來源語意已複核；字形與輔助功能畫面驗收待完成
V9-1172,合理例外,來源以 SwiftUI 原生 Button 的標題參數承載文字或文字加圖標；保留原生角色／焦點／可用狀態，文案與圖標分別由固定 copy／symbol ID 審核，不為此控制另造相同 Button 外殼。來源：Button(kind.rawValue) { createStoryLine(kind) },docs/work-items/v9-frozen-inventory.md,來源原生標題按鈕已核對；位置／實際 hit-test／鍵盤與 Light／Dark 待驗收
V9-1173,合理例外,目前固定清單中僅此處使用的領域文案「新增故事線」；沒有同功能重複證據，保留具名畫面語境。,docs/work-items/v9-frozen-inventory.md,字面值／重複群已核對；實際文案與輔助描述待畫面驗收
V9-1174,已共用,來源已讀取 SailuneSymbol 語意 key；同功能字形是否一致依集中表與畫面驗收。,docs/work-items/v9-frozen-inventory.md,來源語意已複核；字形與輔助功能畫面驗收待完成
V9-1175,待共用,直接提示／輔助文字；需按固定 ID 核對操作對象、狀態、同功能用詞及是否缺少另一種描述。,docs/work-items/v9-frozen-inventory.md,來源描述已分類；VoiceOver／滑鼠提示仍待驗收
V9-1176,已共用,故事線刪除已接 PlanningActionStyle、SailuneActionCopy.deleteStoryLine 與 SailuneSymbol.delete；確認目標保留領域 state。 詳見 docs/v9-freeze/review-button-contexts.md。,docs/work-items/v9-frozen-inventory.md,來源契約複核；實際命中／鍵盤／Light／Dark 待驗收
V9-1177,已共用,"V9.1ao 已依凍結 ID 將原操作標題接至 SailuneActionCopy，原繁體中文值、closure、role、style 及圖標不變；現行來源：Label(SailuneActionCopy.deleteStoryLine, systemImage: SailuneSymbol.delete.systemName)",docs/work-items/v9.1ao-repeated-action-copy.md,65 個固定 ID 靜態核對、String Catalog JSON 及主機無簽章 Debug build 通過；GUI／VoiceOver 待驗收
V9-1178,已共用,來源已讀取 SailuneSymbol 語意 key；同功能字形是否一致依集中表與畫面驗收。,docs/work-items/v9-frozen-inventory.md,來源語意已複核；字形與輔助功能畫面驗收待完成
V9-1179,已共用,使用既有 PlanningActionStyle 或在 SharedUI 定義共用按鈕外殼；原按鈕位置仍需驗收。,docs/work-items/v9-frozen-inventory.md,來源 style 已核對；實際 hit-test／Light／Dark 待驗收
V9-1180,已共用,故事線刪除 help 改用 SailuneActionCopy.deleteStoryLine；與同一按鈕 Label 共用來源。,docs/work-items/v9.1ax-repeated-accessibility-copy.md,既有 ActionCopy 接線；最近一次 Debug build 尚未完成，待驗證
V9-1181,已共用,使用既有 PlanningActionStyle 或在 SharedUI 定義共用按鈕外殼；原按鈕位置仍需驗收。,docs/work-items/v9-frozen-inventory.md,來源 style 已核對；實際 hit-test／Light／Dark 待驗收
V9-1182,合理例外,此重複字面值表示領域狀態或分類，不是同一個可執行動作；保留上下文。,docs/work-items/v9-frozen-inventory.md,字面值／重複群已核對；實際文案與輔助描述待畫面驗收
V9-1183,已共用,來源已讀取 SailuneSymbol 語意 key；同功能字形是否一致依集中表與畫面驗收。,docs/work-items/v9-frozen-inventory.md,來源語意已複核；字形與輔助功能畫面驗收待完成
V9-1184,合理例外,畫面標題、欄位名稱或領域狀態的靜態文字；不是 Button／Menu 操作命令。,docs/work-items/v9-frozen-inventory.md,字面值／重複群已核對；實際文案與輔助描述待畫面驗收
V9-1185,合理例外,目前固定清單中僅此處使用的領域文案「建立故事線」；沒有同功能重複證據，保留具名畫面語境。,docs/work-items/v9-frozen-inventory.md,字面值／重複群已核對；實際文案與輔助描述待畫面驗收
V9-1186,已共用,來源已讀取 SailuneSymbol 語意 key；同功能字形是否一致依集中表與畫面驗收。,docs/work-items/v9-frozen-inventory.md,來源語意已複核；字形與輔助功能畫面驗收待完成
V9-1187,合理例外,來源以 SwiftUI 原生 Button 的標題參數承載文字或文字加圖標；保留原生角色／焦點／可用狀態，文案與圖標分別由固定 copy／symbol ID 審核，不為此控制另造相同 Button 外殼。來源：Button(kind.rawValue) { createStoryLine(kind) },docs/work-items/v9-frozen-inventory.md,來源原生標題按鈕已核對；位置／實際 hit-test／鍵盤與 Light／Dark 待驗收
V9-1188,合理例外,catch 明確設定錯誤呈現／狀態，保留領域提示；此處是領域失敗處理，不宜僅為共用化抽成統一資料 action。來源分支：errorMessage = error.localizedDescription,docs/work-items/v9-frozen-inventory.md,來源分支已複核；故障注入或 GUI 呈現仍待相關驗收
V9-1189,合理例外,catch 明確設定錯誤呈現／狀態，保留領域提示；此處是領域失敗處理，不宜僅為共用化抽成統一資料 action。來源分支：errorMessage = error.localizedDescription,docs/work-items/v9-frozen-inventory.md,來源分支已複核；故障注入或 GUI 呈現仍待相關驗收
V9-1190,合理例外,內容型系統 sheet 承載此領域編輯流程；不與刪除／錯誤提示共用資料 action，仍需核對取消與焦點。 凍結來源：.sheet(isPresented: $showingStageStartSheet) {,docs/work-items/v9-frozen-inventory.md,來源呈現類型已核對；失敗／取消／GUI 待驗收
V9-1191,已共用,來源已引用共用單行／搜尋欄位或位於其實作；原 Binding 與外層行為仍須依畫面核對。,docs/work-items/v9-frozen-inventory.md,來源分類已複核；具體 UI／資料驗收待完成
V9-1192,合理例外,"來源以 SwiftUI 原生 Button 的標題參數承載文字或文字加圖標；保留原生角色／焦點／可用狀態，文案與圖標分別由固定 copy／symbol ID 審核，不為此控制另造相同 Button 外殼。來源：Button(""新增主線階段"", systemImage: ""rectangle.stack.badge.plus"") {",docs/work-items/v9-frozen-inventory.md,來源原生標題按鈕已核對；位置／實際 hit-test／鍵盤與 Light／Dark 待驗收
V9-1193,合理例外,目前固定清單中僅此處使用的領域文案「新增主線階段」；沒有同功能重複證據，保留具名畫面語境。,docs/work-items/v9-frozen-inventory.md,字面值／重複群已核對；實際文案與輔助描述待畫面驗收
V9-1194,合理例外,新增主線階段的堆疊加號；不同於新增卷或一般新增。 目前凍結清單沒有同一語意的第二個呼叫點，不為單一用途新增共用 key；若日後出現同義功能另版本再審。,docs/work-items/v9-frozen-inventory.md,來源語意已核對；實際字形／Light／Dark／VoiceOver 待驗收
V9-1195,已共用,使用既有 PlanningActionStyle 或在 SharedUI 定義共用按鈕外殼；原按鈕位置仍需驗收。,docs/work-items/v9-frozen-inventory.md,來源 style 已核對；實際 hit-test／Light／Dark 待驗收
V9-1196,合理例外,"原生文字 Button；領域字面標題另由 copy 家族核對是否同功能。保留 macOS 原生控制以承載此處 action；對應 button_style／copy ID 仍獨立審核，位置與實際命中須畫面驗收。凍結來源：Button(""建立第一個階段"", action: createStage)",docs/work-items/v9-frozen-inventory.md,來源確認為文字 Button；位置／鍵盤焦點／實際命中及 Light／Dark 待驗收
V9-1197,合理例外,目前固定清單中僅此處使用的領域文案「建立第一個階段」；沒有同功能重複證據，保留具名畫面語境。,docs/work-items/v9-frozen-inventory.md,字面值／重複群已核對；實際文案與輔助描述待畫面驗收
V9-1198,已共用,使用既有 PlanningActionStyle 或在 SharedUI 定義共用按鈕外殼；原按鈕位置仍需驗收。,docs/work-items/v9-frozen-inventory.md,來源 style 已核對；實際 hit-test／Light／Dark 待驗收
V9-1199,合理例外,"來源以 SwiftUI 原生 Button 的標題參數承載文字或文字加圖標；保留原生角色／焦點／可用狀態，文案與圖標分別由固定 copy／symbol ID 審核，不為此控制另造相同 Button 外殼。來源：Button(""新增大綱項目"", systemImage: SailuneSymbol.add.systemName) {",docs/work-items/v9-frozen-inventory.md,來源原生標題按鈕已核對；位置／實際 hit-test／鍵盤與 Light／Dark 待驗收
V9-1200,已共用,"V9.1ao 已依凍結 ID 將原操作標題接至 SailuneActionCopy，原繁體中文值、closure、role、style 及圖標不變；現行來源：Button(SailuneActionCopy.addOutlineItem, systemImage: SailuneSymbol.add.systemName) {",docs/work-items/v9.1ao-repeated-action-copy.md,65 個固定 ID 靜態核對、String Catalog JSON 及主機無簽章 Debug build 通過；GUI／VoiceOver 待驗收
V9-1201,已共用,來源已讀取 SailuneSymbol 語意 key；同功能字形是否一致依集中表與畫面驗收。,docs/work-items/v9-frozen-inventory.md,來源語意已複核；字形與輔助功能畫面驗收待完成
V9-1202,已共用,使用既有 PlanningActionStyle 或在 SharedUI 定義共用按鈕外殼；原按鈕位置仍需驗收。,docs/work-items/v9-frozen-inventory.md,來源 style 已核對；實際 hit-test／Light／Dark 待驗收
V9-1203,合理例外,catch 明確設定錯誤呈現／狀態，保留領域提示；此處是領域失敗處理，不宜僅為共用化抽成統一資料 action。來源分支：errorMessage = error.localizedDescription,docs/work-items/v9-frozen-inventory.md,來源分支已複核；故障注入或 GUI 呈現仍待相關驗收
V9-1204,合理例外,catch 明確設定錯誤呈現／狀態，保留領域提示；此處是領域失敗處理，不宜僅為共用化抽成統一資料 action。來源分支：errorMessage = error.localizedDescription,docs/work-items/v9-frozen-inventory.md,來源分支已複核；故障注入或 GUI 呈現仍待相關驗收
V9-1205,已共用,V9.1av 相同用途的描邊或淡色卡片背景改讀 SailuneTheme.faintCardSurface；外層 .background 與內層色值的雙重 regex ID 均對應同一已共用表達式。,docs/work-items/v9.1av-frozen-surfaces.md,原色值／形狀與主機無簽章 Debug build、git diff --check 通過；Light／Dark GUI 待驗收
V9-1206,已共用,V9.1av 相同用途的描邊或淡色卡片背景改讀 SailuneTheme.faintCardSurface；外層 .background 與內層色值的雙重 regex ID 均對應同一已共用表達式。,docs/work-items/v9.1av-frozen-surfaces.md,原色值／形狀與主機無簽章 Debug build、git diff --check 通過；Light／Dark GUI 待驗收
V9-1207,合理例外,新增主線階段 sheet 使用原生欄位；沒有顯式圓角欄樣式。 此例外只涵蓋欄位共用外殼，首行／focus GUI 仍依驗收清單檢查。,docs/work-items/v9-frozen-inventory.md,來源欄位與父容器契約已核對；CJK／focus／首行 GUI 待驗收
V9-1208,合理例外,畫面標題、欄位名稱或領域狀態的靜態文字；不是 Button／Menu 操作命令。,docs/work-items/v9-frozen-inventory.md,字面值／重複群已核對；實際文案與輔助描述待畫面驗收
V9-1209,合理例外,畫面標題、欄位名稱或領域狀態的靜態文字；不是 Button／Menu 操作命令。,docs/work-items/v9-frozen-inventory.md,字面值／重複群已核對；實際文案與輔助描述待畫面驗收
V9-1210,合理例外,畫面標題、欄位名稱或領域狀態的靜態文字；不是 Button／Menu 操作命令。,docs/work-items/v9-frozen-inventory.md,字面值／重複群已核對；實際文案與輔助描述待畫面驗收
V9-1211,合理例外,畫面標題、欄位名稱或領域狀態的靜態文字；不是 Button／Menu 操作命令。,docs/work-items/v9-frozen-inventory.md,字面值／重複群已核對；實際文案與輔助描述待畫面驗收
V9-1212,合理例外,原生文字 Button；已使用 SailuneActionCopy 共用標題。保留 macOS 原生控制以承載此處 action；對應 button_style／copy ID 仍獨立審核，位置與實際命中須畫面驗收。凍結來源：Button(SailuneActionCopy.cancel) { dismiss() }.buttonStyle(PlanningActionStyle()),docs/work-items/v9-frozen-inventory.md,來源確認為文字 Button；位置／鍵盤焦點／實際命中及 Light／Dark 待驗收
V9-1213,已共用,已讀取 SailuneActionCopy 或位於其實作；原中文值由集中資源提供。,docs/work-items/v9-frozen-inventory.md,字面值／重複群已核對；實際文案與輔助描述待畫面驗收
V9-1214,已共用,使用既有 PlanningActionStyle 或在 SharedUI 定義共用按鈕外殼；原按鈕位置仍需驗收。,docs/work-items/v9-frozen-inventory.md,來源 style 已核對；實際 hit-test／Light／Dark 待驗收
V9-1215,合理例外,"來源以 SwiftUI 原生 Button 的標題參數承載文字或文字加圖標；保留原生角色／焦點／可用狀態，文案與圖標分別由固定 copy／symbol ID 審核，不為此控制另造相同 Button 外殼。來源：Button(stage == nil ? ""建立"" : ""儲存定位"", action: create)",docs/work-items/v9-frozen-inventory.md,來源原生標題按鈕已核對；位置／實際 hit-test／鍵盤與 Light／Dark 待驗收
V9-1216,已共用,使用既有 PlanningActionStyle 或在 SharedUI 定義共用按鈕外殼；原按鈕位置仍需驗收。,docs/work-items/v9-frozen-inventory.md,來源 style 已核對；實際 hit-test／Light／Dark 待驗收
V9-1217,合理例外,領域 catch 在同一來源行明確顯示錯誤、拋出具名錯誤或 private 記錄；其資料結果依原領域契約保留，沒有共用 catch 外殼的必要。原語句：} catch { errorMessage = error.localizedDescription },docs/work-items/v9-frozen-inventory.md,來源已見明確錯誤出口；故障注入與 GUI 呈現尚待驗收
V9-1218,待共用,原生 .plain 樣式常見於圖標／整列控制；需與對應 Button ID 一起核對角色、28 pt 命中及是否需具名共用 variant。,docs/work-items/v9-frozen-inventory.md,來源 style 已核對；實際 hit-test／Light／Dark 待驗收
V9-1219,合理例外,描述依目前資料或狀態即時組成；不能以固定通用動作文字取代，需核對可讀性及對象。,docs/work-items/v9-frozen-inventory.md,來源描述已分類；VoiceOver／滑鼠提示仍待驗收
V9-1220,合理例外,此處表示領域資料類型、靜態狀態或專用空狀態；未證實是跨畫面的相同操作，保留具名語境而不與同字形操作混用。,docs/work-items/v9-frozen-inventory.md,來源語意已複核；字形與輔助功能畫面驗收待完成
V9-1221,合理例外,階段列名稱採 .plain、semibold 及 onSubmit(save)，屬列內編輯而非一般表單欄。 此例外只涵蓋欄位共用外殼，首行／focus GUI 仍依驗收清單檢查。,docs/work-items/v9-frozen-inventory.md,來源欄位與父容器契約已核對；CJK／focus／首行 GUI 待驗收
V9-1222,已共用,階段刪除已接 PlanningActionStyle、SailuneActionCopy.deleteStage 與 SailuneSymbol.delete；確認仍用領域 state。 詳見 docs/v9-freeze/review-button-contexts.md。,docs/work-items/v9-frozen-inventory.md,來源契約複核；實際命中／鍵盤／Light／Dark 待驗收
V9-1223,已共用,"V9.1ao 已依凍結 ID 將原操作標題接至 SailuneActionCopy，原繁體中文值、closure、role、style 及圖標不變；現行來源：Label(SailuneActionCopy.deleteStage, systemImage: SailuneSymbol.delete.systemName)",docs/work-items/v9.1ao-repeated-action-copy.md,65 個固定 ID 靜態核對、String Catalog JSON 及主機無簽章 Debug build 通過；GUI／VoiceOver 待驗收
V9-1224,已共用,來源已讀取 SailuneSymbol 語意 key；同功能字形是否一致依集中表與畫面驗收。,docs/work-items/v9-frozen-inventory.md,來源語意已複核；字形與輔助功能畫面驗收待完成
V9-1225,已共用,使用既有 PlanningActionStyle 或在 SharedUI 定義共用按鈕外殼；原按鈕位置仍需驗收。,docs/work-items/v9-frozen-inventory.md,來源 style 已核對；實際 hit-test／Light／Dark 待驗收
V9-1226,已共用,階段刪除 help 改用 SailuneActionCopy.deleteStage；與同一按鈕 Label 共用來源。,docs/work-items/v9.1ax-repeated-accessibility-copy.md,既有 ActionCopy 接線；最近一次 Debug build 尚未完成，待驗證
V9-1227,合理例外,"來源以 SwiftUI 原生 Button 的標題參數承載文字或文字加圖標；保留原生角色／焦點／可用狀態，文案與圖標分別由固定 copy／symbol ID 審核，不為此控制另造相同 Button 外殼。來源：Button(stageStartIsMissing ? ""設定開始位置"" : ""重新定位"", systemImage: ""mappin.and.ellipse"") {",docs/work-items/v9-frozen-inventory.md,來源原生標題按鈕已核對；位置／實際 hit-test／鍵盤與 Light／Dark 待驗收
V9-1228,合理例外,階段開始位置設定／重新定位的標記橢圓；不同於一般地圖標記。 目前凍結清單沒有同一語意的第二個呼叫點，不為單一用途新增共用 key；若日後出現同義功能另版本再審。,docs/work-items/v9-frozen-inventory.md,來源語意已核對；實際字形／Light／Dark／VoiceOver 待驗收
V9-1229,已共用,使用既有 PlanningActionStyle 或在 SharedUI 定義共用按鈕外殼；原按鈕位置仍需驗收。,docs/work-items/v9-frozen-inventory.md,來源 style 已核對；實際 hit-test／Light／Dark 待驗收
V9-1230,合理例外,"來源以 SwiftUI 原生 Button 的標題參數承載文字或文字加圖標；保留原生角色／焦點／可用狀態，文案與圖標分別由固定 copy／symbol ID 審核，不為此控制另造相同 Button 外殼。來源：Button(""新增大綱項目"", systemImage: SailuneSymbol.add.systemName, action: createItem)",docs/work-items/v9-frozen-inventory.md,來源原生標題按鈕已核對；位置／實際 hit-test／鍵盤與 Light／Dark 待驗收
V9-1231,已共用,"V9.1ao 已依凍結 ID 將原操作標題接至 SailuneActionCopy，原繁體中文值、closure、role、style 及圖標不變；現行來源：Button(SailuneActionCopy.addOutlineItem, systemImage: SailuneSymbol.add.systemName, action: createItem)",docs/work-items/v9.1ao-repeated-action-copy.md,65 個固定 ID 靜態核對、String Catalog JSON 及主機無簽章 Debug build 通過；GUI／VoiceOver 待驗收
V9-1232,已共用,來源已讀取 SailuneSymbol 語意 key；同功能字形是否一致依集中表與畫面驗收。,docs/work-items/v9-frozen-inventory.md,來源語意已複核；字形與輔助功能畫面驗收待完成
V9-1233,已共用,使用既有 PlanningActionStyle 或在 SharedUI 定義共用按鈕外殼；原按鈕位置仍需驗收。,docs/work-items/v9-frozen-inventory.md,來源 style 已核對；實際 hit-test／Light／Dark 待驗收
V9-1234,已共用,"背景引用已命名的 theme／AppTheme 色彩來源；用途與 Light／Dark 對照仍需畫面驗收。 凍結來源：.background(SailuneTheme.subtleSurface, in: RoundedRectangle(cornerRadius: 10))",docs/work-items/v9-frozen-inventory.md,來源色彩用途已分類；Light／Dark 與 hit-testing 待驗收
V9-1235,已共用,"背景引用已命名的 theme／AppTheme 色彩來源；用途與 Light／Dark 對照仍需畫面驗收。 凍結來源：.background(SailuneTheme.subtleSurface, in: RoundedRectangle(cornerRadius: 10))",docs/work-items/v9-frozen-inventory.md,來源色彩用途已分類；Light／Dark 與 hit-testing 待驗收
V9-1236,合理例外,內容型系統 sheet 承載此領域編輯流程；不與刪除／錯誤提示共用資料 action，仍需核對取消與焦點。 凍結來源：.sheet(isPresented: $showingStartEditor) {,docs/work-items/v9-frozen-inventory.md,來源呈現類型已核對；失敗／取消／GUI 待驗收
V9-1237,待共用,"確認流程候選；需核對標題、破壞後果、取消、預設角色及 Store action，僅呈現外殼可共用。 凍結來源：.confirmationDialog(""刪除階段？"", isPresented: $showingDeleteConfirmation) {",docs/work-items/v9-frozen-inventory.md,來源呈現類型已核對；失敗／取消／GUI 待驗收
V9-1238,合理例外,"來源以 SwiftUI 原生 Button 的標題參數承載文字或文字加圖標；保留原生角色／焦點／可用狀態，文案與圖標分別由固定 copy／symbol ID 審核，不為此控制另造相同 Button 外殼。來源：Button(""刪除階段"", role: .destructive, action: deleteStage)",docs/work-items/v9-frozen-inventory.md,來源原生標題按鈕已核對；位置／實際 hit-test／鍵盤與 Light／Dark 待驗收
V9-1239,已共用,"V9.1ao 已依凍結 ID 將原操作標題接至 SailuneActionCopy，原繁體中文值、closure、role、style 及圖標不變；現行來源：Button(SailuneActionCopy.deleteStage, role: .destructive, action: deleteStage)",docs/work-items/v9.1ao-repeated-action-copy.md,65 個固定 ID 靜態核對、String Catalog JSON 及主機無簽章 Debug build 通過；GUI／VoiceOver 待驗收
V9-1240,合理例外,"原生文字 Button；已使用 SailuneActionCopy 共用標題。保留 macOS 原生控制以承載此處 action；對應 button_style／copy ID 仍獨立審核，位置與實際命中須畫面驗收。凍結來源：Button(SailuneActionCopy.cancel, role: .cancel) { }",docs/work-items/v9-frozen-inventory.md,來源確認為文字 Button；位置／鍵盤焦點／實際命中及 Light／Dark 待驗收
V9-1241,已共用,已讀取 SailuneActionCopy 或位於其實作；原中文值由集中資源提供。,docs/work-items/v9-frozen-inventory.md,字面值／重複群已核對；實際文案與輔助描述待畫面驗收
V9-1242,合理例外,畫面標題、欄位名稱或領域狀態的靜態文字；不是 Button／Menu 操作命令。,docs/work-items/v9-frozen-inventory.md,字面值／重複群已核對；實際文案與輔助描述待畫面驗收
V9-1243,合理例外,catch 明確設定錯誤呈現／狀態，保留領域提示；此處是領域失敗處理，不宜僅為共用化抽成統一資料 action。來源分支：errorMessage = error.localizedDescription,docs/work-items/v9-frozen-inventory.md,來源分支已複核；故障注入或 GUI 呈現仍待相關驗收
V9-1244,合理例外,catch 明確設定錯誤呈現／狀態，保留領域提示；此處是領域失敗處理，不宜僅為共用化抽成統一資料 action。來源分支：errorMessage = error.localizedDescription,docs/work-items/v9-frozen-inventory.md,來源分支已複核；故障注入或 GUI 呈現仍待相關驗收
V9-1245,合理例外,catch 明確設定錯誤呈現／狀態，保留領域提示；此處是領域失敗處理，不宜僅為共用化抽成統一資料 action。來源分支：errorMessage = error.localizedDescription,docs/work-items/v9-frozen-inventory.md,來源分支已複核；故障注入或 GUI 呈現仍待相關驗收
V9-1246,合理例外,此重複字面值表示領域狀態或分類，不是同一個可執行動作；保留上下文。,docs/work-items/v9-frozen-inventory.md,字面值／重複群已核對；實際文案與輔助描述待畫面驗收
V9-1247,待共用,原生 .plain 樣式常見於圖標／整列控制；需與對應 Button ID 一起核對角色、28 pt 命中及是否需具名共用 variant。,docs/work-items/v9-frozen-inventory.md,來源 style 已核對；實際 hit-test／Light／Dark 待驗收
V9-1248,合理例外,"來源以 SwiftUI 原生 Button 的標題參數承載文字或文字加圖標；保留原生角色／焦點／可用狀態，文案與圖標分別由固定 copy／symbol ID 審核，不為此控制另造相同 Button 外殼。來源：Button(""新增大綱項目"", systemImage: SailuneSymbol.add.systemName, action: createItem)",docs/work-items/v9-frozen-inventory.md,來源原生標題按鈕已核對；位置／實際 hit-test／鍵盤與 Light／Dark 待驗收
V9-1249,已共用,"V9.1ao 已依凍結 ID 將原操作標題接至 SailuneActionCopy，原繁體中文值、closure、role、style 及圖標不變；現行來源：Button(SailuneActionCopy.addOutlineItem, systemImage: SailuneSymbol.add.systemName, action: createItem)",docs/work-items/v9.1ao-repeated-action-copy.md,65 個固定 ID 靜態核對、String Catalog JSON 及主機無簽章 Debug build 通過；GUI／VoiceOver 待驗收
V9-1250,已共用,來源已讀取 SailuneSymbol 語意 key；同功能字形是否一致依集中表與畫面驗收。,docs/work-items/v9-frozen-inventory.md,來源語意已複核；字形與輔助功能畫面驗收待完成
V9-1251,已共用,使用既有 PlanningActionStyle 或在 SharedUI 定義共用按鈕外殼；原按鈕位置仍需驗收。,docs/work-items/v9-frozen-inventory.md,來源 style 已核對；實際 hit-test／Light／Dark 待驗收
V9-1252,已共用,"背景引用已命名的 theme／AppTheme 色彩來源；用途與 Light／Dark 對照仍需畫面驗收。 凍結來源：.background(SailuneTheme.subtleSurface, in: RoundedRectangle(cornerRadius: 10))",docs/work-items/v9-frozen-inventory.md,來源色彩用途已分類；Light／Dark 與 hit-testing 待驗收
V9-1253,已共用,"背景引用已命名的 theme／AppTheme 色彩來源；用途與 Light／Dark 對照仍需畫面驗收。 凍結來源：.background(SailuneTheme.subtleSurface, in: RoundedRectangle(cornerRadius: 10))",docs/work-items/v9-frozen-inventory.md,來源色彩用途已分類；Light／Dark 與 hit-testing 待驗收
V9-1254,合理例外,catch 明確設定錯誤呈現／狀態，保留領域提示；此處是領域失敗處理，不宜僅為共用化抽成統一資料 action。來源分支：errorMessage = error.localizedDescription,docs/work-items/v9-frozen-inventory.md,來源分支已複核；故障注入或 GUI 呈現仍待相關驗收
V9-1255,合理例外,大綱卡片標題採 .plain、semibold 及 onSubmit(save)，屬卡片內編輯。 此例外只涵蓋欄位共用外殼，首行／focus GUI 仍依驗收清單檢查。,docs/work-items/v9-frozen-inventory.md,來源欄位與父容器契約已核對；CJK／focus／首行 GUI 待驗收
V9-1256,合理例外,使用 axis: .vertical 或多行 lineLimit，具有與單行表單不同的高度、換行及輸入契約；保留原生多行 TextField。,docs/work-items/v9-frozen-inventory.md,來源分類已複核；具體 UI／資料驗收待完成
V9-1257,合理例外,"來源以 SwiftUI 原生 Button 的標題參數承載文字或文字加圖標；保留原生角色／焦點／可用狀態，文案與圖標分別由固定 copy／symbol ID 審核，不為此控制另造相同 Button 外殼。來源：Button(""來源：回到正文"", systemImage: ""text.book.closed"") {",docs/work-items/v9-frozen-inventory.md,來源原生標題按鈕已核對；位置／實際 hit-test／鍵盤與 Light／Dark 待驗收
V9-1258,合理例外,目前固定清單中僅此處使用的領域文案「來源：回到正文」；沒有同功能重複證據，保留具名畫面語境。,docs/work-items/v9-frozen-inventory.md,字面值／重複群已核對；實際文案與輔助描述待畫面驗收
V9-1259,合理例外,返回正文來源的書本圖標；不同於一般上一層返回。 目前凍結清單沒有同一語意的第二個呼叫點，不為單一用途新增共用 key；若日後出現同義功能另版本再審。,docs/work-items/v9-frozen-inventory.md,來源語意已核對；實際字形／Light／Dark／VoiceOver 待驗收
V9-1260,已共用,使用既有 PlanningActionStyle 或在 SharedUI 定義共用按鈕外殼；原按鈕位置仍需驗收。,docs/work-items/v9-frozen-inventory.md,來源 style 已核對；實際 hit-test／Light／Dark 待驗收
V9-1261,合理例外,目前固定清單中僅此處使用的領域文案「來源已刪除」；沒有同功能重複證據，保留具名畫面語境。,docs/work-items/v9-frozen-inventory.md,字面值／重複群已核對；實際文案與輔助描述待畫面驗收
V9-1262,已共用,來源已讀取 SailuneSymbol 語意 key；同功能字形是否一致依集中表與畫面驗收。,docs/work-items/v9-frozen-inventory.md,來源語意已複核；字形與輔助功能畫面驗收待完成
V9-1263,合理例外,目前固定清單中僅此處使用的領域文案「狀態：\(item.status.displayTitle)」；沒有同功能重複證據，保留具名畫面語境。,docs/work-items/v9-frozen-inventory.md,字面值／重複群已核對；實際文案與輔助描述待畫面驗收
V9-1264,合理例外,"原生文字 Button；領域字面標題另由 copy 家族核對是否同功能。保留 macOS 原生控制以承載此處 action；對應 button_style／copy ID 仍獨立審核，位置與實際命中須畫面驗收。凍結來源：Button(""改為草稿"") { setLegacyManualStatus(.draft) }",docs/work-items/v9-frozen-inventory.md,來源確認為文字 Button；位置／鍵盤焦點／實際命中及 Light／Dark 待驗收
V9-1265,合理例外,目前固定清單中僅此處使用的領域文案「改為草稿」；沒有同功能重複證據，保留具名畫面語境。,docs/work-items/v9-frozen-inventory.md,字面值／重複群已核對；實際文案與輔助描述待畫面驗收
V9-1266,合理例外,"原生文字 Button；領域字面標題另由 copy 家族核對是否同功能。保留 macOS 原生控制以承載此處 action；對應 button_style／copy ID 仍獨立審核，位置與實際命中須畫面驗收。凍結來源：Button(""改為預定"") { setLegacyManualStatus(.planned) }",docs/work-items/v9-frozen-inventory.md,來源確認為文字 Button；位置／鍵盤焦點／實際命中及 Light／Dark 待驗收
V9-1267,合理例外,目前固定清單中僅此處使用的領域文案「改為預定」；沒有同功能重複證據，保留具名畫面語境。,docs/work-items/v9-frozen-inventory.md,字面值／重複群已核對；實際文案與輔助描述待畫面驗收
V9-1268,合理例外,"原生文字 Button；領域字面標題另由 copy 家族核對是否同功能。保留 macOS 原生控制以承載此處 action；對應 button_style／copy ID 仍獨立審核，位置與實際命中須畫面驗收。凍結來源：Button(""改為背景"") { setLegacyManualStatus(.background) }",docs/work-items/v9-frozen-inventory.md,來源確認為文字 Button；位置／鍵盤焦點／實際命中及 Light／Dark 待驗收
V9-1269,合理例外,目前固定清單中僅此處使用的領域文案「改為背景」；沒有同功能重複證據，保留具名畫面語境。,docs/work-items/v9-frozen-inventory.md,字面值／重複群已核對；實際文案與輔助描述待畫面驗收
V9-1270,合理例外,目前固定清單中僅此處使用的領域文案「需要調整狀態」；沒有同功能重複證據，保留具名畫面語境。,docs/work-items/v9-frozen-inventory.md,字面值／重複群已核對；實際文案與輔助描述待畫面驗收
V9-1271,已共用,來源已讀取 SailuneSymbol 語意 key；同功能字形是否一致依集中表與畫面驗收。,docs/work-items/v9-frozen-inventory.md,來源語意已複核；字形與輔助功能畫面驗收待完成
V9-1272,合理例外,目前固定清單中僅此處使用的領域文案「卷：\(source.volume)」；沒有同功能重複證據，保留具名畫面語境。,docs/work-items/v9-frozen-inventory.md,字面值／重複群已核對；實際文案與輔助描述待畫面驗收
V9-1273,合理例外,此處表示領域資料類型、靜態狀態或專用空狀態；未證實是跨畫面的相同操作，保留具名語境而不與同字形操作混用。,docs/work-items/v9-frozen-inventory.md,來源語意已複核；字形與輔助功能畫面驗收待完成
V9-1274,合理例外,目前固定清單中僅此處使用的領域文案「節：\(source.section)」；沒有同功能重複證據，保留具名畫面語境。,docs/work-items/v9-frozen-inventory.md,字面值／重複群已核對；實際文案與輔助描述待畫面驗收
V9-1275,合理例外,此處表示領域資料類型、靜態狀態或專用空狀態；未證實是跨畫面的相同操作，保留具名語境而不與同字形操作混用。,docs/work-items/v9-frozen-inventory.md,來源語意已複核；字形與輔助功能畫面驗收待完成
V9-1276,合理例外,"原生文字 Button；領域字面標題另由 copy 家族核對是否同功能。保留 macOS 原生控制以承載此處 action；對應 button_style／copy ID 仍獨立審核，位置與實際命中須畫面驗收。凍結來源：Button(""未分階段"") { move(to: nil) }",docs/work-items/v9-frozen-inventory.md,來源確認為文字 Button；位置／鍵盤焦點／實際命中及 Light／Dark 待驗收
V9-1277,合理例外,此重複字面值表示領域狀態或分類，不是同一個可執行動作；保留上下文。,docs/work-items/v9-frozen-inventory.md,字面值／重複群已核對；實際文案與輔助描述待畫面驗收
V9-1278,合理例外,來源以 SwiftUI 原生 Button 的標題參數承載文字或文字加圖標；保留原生角色／焦點／可用狀態，文案與圖標分別由固定 copy／symbol ID 審核，不為此控制另造相同 Button 外殼。來源：Button(stage.title) { move(to: stage) },docs/work-items/v9-frozen-inventory.md,來源原生標題按鈕已核對；位置／實際 hit-test／鍵盤與 Light／Dark 待驗收
V9-1279,合理例外,目前固定清單中僅此處使用的領域文案「階段：\(currentStageTitle)」；沒有同功能重複證據，保留具名畫面語境。,docs/work-items/v9-frozen-inventory.md,字面值／重複群已核對；實際文案與輔助描述待畫面驗收
V9-1280,合理例外,此處表示領域資料類型、靜態狀態或專用空狀態；未證實是跨畫面的相同操作，保留具名語境而不與同字形操作混用。,docs/work-items/v9-frozen-inventory.md,來源語意已複核；字形與輔助功能畫面驗收待完成
V9-1281,合理例外,"原生文字 Button；領域字面標題另由 copy 家族核對是否同功能。保留 macOS 原生控制以承載此處 action；對應 button_style／copy ID 仍獨立審核，位置與實際命中須畫面驗收。凍結來源：Button(""待安置"") { place(.pending) }",docs/work-items/v9-frozen-inventory.md,來源確認為文字 Button；位置／鍵盤焦點／實際命中及 Light／Dark 待驗收
V9-1282,合理例外,此重複字面值表示領域狀態或分類，不是同一個可執行動作；保留上下文。,docs/work-items/v9-frozen-inventory.md,字面值／重複群已核對；實際文案與輔助描述待畫面驗收
V9-1283,合理例外,"原生文字 Button；領域字面標題另由 copy 家族核對是否同功能。保留 macOS 原生控制以承載此處 action；對應 button_style／copy ID 仍獨立審核，位置與實際命中須畫面驗收。凍結來源：Button(""放在本幕開頭"") { place(.stageStart) }",docs/work-items/v9-frozen-inventory.md,來源確認為文字 Button；位置／鍵盤焦點／實際命中及 Light／Dark 待驗收
V9-1284,合理例外,目前固定清單中僅此處使用的領域文案「放在本幕開頭」；沒有同功能重複證據，保留具名畫面語境。,docs/work-items/v9-frozen-inventory.md,字面值／重複群已核對；實際文案與輔助描述待畫面驗收
V9-1285,合理例外,"原生文字 Button；領域字面標題另由 copy 家族核對是否同功能。保留 macOS 原生控制以承載此處 action；對應 button_style／copy ID 仍獨立審核，位置與實際命中須畫面驗收。凍結來源：Button(""放在本幕結尾"") { place(.stageEnd) }",docs/work-items/v9-frozen-inventory.md,來源確認為文字 Button；位置／鍵盤焦點／實際命中及 Light／Dark 待驗收
V9-1286,合理例外,目前固定清單中僅此處使用的領域文案「放在本幕結尾」；沒有同功能重複證據，保留具名畫面語境。,docs/work-items/v9-frozen-inventory.md,字面值／重複群已核對；實際文案與輔助描述待畫面驗收
V9-1287,合理例外,"原生文字 Button；領域字面標題另由 copy 家族核對是否同功能。保留 macOS 原生控制以承載此處 action；對應 button_style／copy ID 仍獨立審核，位置與實際命中須畫面驗收。凍結來源：Button(""同位置向上移"") { reorder(earlier: true) }",docs/work-items/v9-frozen-inventory.md,來源確認為文字 Button；位置／鍵盤焦點／實際命中及 Light／Dark 待驗收
V9-1288,合理例外,目前固定清單中僅此處使用的領域文案「同位置向上移」；沒有同功能重複證據，保留具名畫面語境。,docs/work-items/v9-frozen-inventory.md,字面值／重複群已核對；實際文案與輔助描述待畫面驗收
V9-1289,合理例外,"原生文字 Button；領域字面標題另由 copy 家族核對是否同功能。保留 macOS 原生控制以承載此處 action；對應 button_style／copy ID 仍獨立審核，位置與實際命中須畫面驗收。凍結來源：Button(""同位置向下移"") { reorder(earlier: false) }",docs/work-items/v9-frozen-inventory.md,來源確認為文字 Button；位置／鍵盤焦點／實際命中及 Light／Dark 待驗收
V9-1290,合理例外,目前固定清單中僅此處使用的領域文案「同位置向下移」；沒有同功能重複證據，保留具名畫面語境。,docs/work-items/v9-frozen-inventory.md,字面值／重複群已核對；實際文案與輔助描述待畫面驗收
V9-1291,合理例外,"原生文字 Button；領域字面標題另由 copy 家族核對是否同功能。保留 macOS 原生控制以承載此處 action；對應 button_style／copy ID 仍獨立審核，位置與實際命中須畫面驗收。凍結來源：Button(""接在「\(target.title)」後"") { place(.afterItem, after: target) }",docs/work-items/v9-frozen-inventory.md,來源確認為文字 Button；位置／鍵盤焦點／實際命中及 Light／Dark 待驗收
V9-1292,合理例外,目前固定清單中僅此處使用的領域文案「接在「\(target.title)」後」；沒有同功能重複證據，保留具名畫面語境。,docs/work-items/v9-frozen-inventory.md,字面值／重複群已核對；實際文案與輔助描述待畫面驗收
V9-1293,合理例外,目前固定清單中僅此處使用的領域文案「位置：\(placementTitle)」；沒有同功能重複證據，保留具名畫面語境。,docs/work-items/v9-frozen-inventory.md,字面值／重複群已核對；實際文案與輔助描述待畫面驗收
V9-1294,合理例外,此處表示領域資料類型、靜態狀態或專用空狀態；未證實是跨畫面的相同操作，保留具名語境而不與同字形操作混用。,docs/work-items/v9-frozen-inventory.md,來源語意已複核；字形與輔助功能畫面驗收待完成
V9-1295,合理例外,"來源以 SwiftUI 原生 Button 的標題參數承載文字或文字加圖標；保留原生角色／焦點／可用狀態，文案與圖標分別由固定 copy／symbol ID 審核，不為此控制另造相同 Button 外殼。來源：Button(SailuneActionCopy.save, systemImage: SailuneSymbol.save.systemName, action: save)",docs/work-items/v9-frozen-inventory.md,來源原生標題按鈕已核對；位置／實際 hit-test／鍵盤與 Light／Dark 待驗收
V9-1296,已共用,已讀取 SailuneActionCopy 或位於其實作；原中文值由集中資源提供。,docs/work-items/v9-frozen-inventory.md,字面值／重複群已核對；實際文案與輔助描述待畫面驗收
V9-1297,已共用,來源已讀取 SailuneSymbol 語意 key；同功能字形是否一致依集中表與畫面驗收。,docs/work-items/v9-frozen-inventory.md,來源語意已複核；字形與輔助功能畫面驗收待完成
V9-1298,已共用,使用既有 PlanningActionStyle 或在 SharedUI 定義共用按鈕外殼；原按鈕位置仍需驗收。,docs/work-items/v9-frozen-inventory.md,來源 style 已核對；實際 hit-test／Light／Dark 待驗收
V9-1299,已共用,大綱項目刪除已接 PlanningActionStyle 與 SailuneSymbol.delete；領域文字及確認 state 保留。 詳見 docs/v9-freeze/review-button-contexts.md。,docs/work-items/v9-frozen-inventory.md,來源契約複核；實際命中／鍵盤／Light／Dark 待驗收
V9-1300,合理例外,目前固定清單中僅此處使用的領域文案「刪除項目」；沒有同功能重複證據，保留具名畫面語境。,docs/work-items/v9-frozen-inventory.md,字面值／重複群已核對；實際文案與輔助描述待畫面驗收
V9-1301,已共用,來源已讀取 SailuneSymbol 語意 key；同功能字形是否一致依集中表與畫面驗收。,docs/work-items/v9-frozen-inventory.md,來源語意已複核；字形與輔助功能畫面驗收待完成
V9-1302,已共用,使用既有 PlanningActionStyle 或在 SharedUI 定義共用按鈕外殼；原按鈕位置仍需驗收。,docs/work-items/v9-frozen-inventory.md,來源 style 已核對；實際 hit-test／Light／Dark 待驗收
V9-1303,待共用,直接提示／輔助文字；需按固定 ID 核對操作對象、狀態、同功能用詞及是否缺少另一種描述。,docs/work-items/v9-frozen-inventory.md,來源描述已分類；VoiceOver／滑鼠提示仍待驗收
V9-1304,已共用,"背景引用已命名的 theme／AppTheme 色彩來源；用途與 Light／Dark 對照仍需畫面驗收。 凍結來源：.background(SailuneTheme.navigationCardSurface, in: RoundedRectangle(cornerRadius: 10))",docs/work-items/v9-frozen-inventory.md,來源色彩用途已分類；Light／Dark 與 hit-testing 待驗收
V9-1305,已共用,"背景引用已命名的 theme／AppTheme 色彩來源；用途與 Light／Dark 對照仍需畫面驗收。 凍結來源：.background(SailuneTheme.navigationCardSurface, in: RoundedRectangle(cornerRadius: 10))",docs/work-items/v9-frozen-inventory.md,來源色彩用途已分類；Light／Dark 與 hit-testing 待驗收
V9-1306,待共用,"確認流程候選；需核對標題、破壞後果、取消、預設角色及 Store action，僅呈現外殼可共用。 凍結來源：.confirmationDialog(""刪除大綱項目？"", isPresented: $showingDeleteConfirmation) {",docs/work-items/v9-frozen-inventory.md,來源呈現類型已核對；失敗／取消／GUI 待驗收
V9-1307,合理例外,"來源以 SwiftUI 原生 Button 的標題參數承載文字或文字加圖標；保留原生角色／焦點／可用狀態，文案與圖標分別由固定 copy／symbol ID 審核，不為此控制另造相同 Button 外殼。來源：Button(SailuneActionCopy.delete, role: .destructive, action: deleteItem)",docs/work-items/v9-frozen-inventory.md,來源原生標題按鈕已核對；位置／實際 hit-test／鍵盤與 Light／Dark 待驗收
V9-1308,已共用,已讀取 SailuneActionCopy 或位於其實作；原中文值由集中資源提供。,docs/work-items/v9-frozen-inventory.md,字面值／重複群已核對；實際文案與輔助描述待畫面驗收
V9-1309,合理例外,"原生文字 Button；已使用 SailuneActionCopy 共用標題。保留 macOS 原生控制以承載此處 action；對應 button_style／copy ID 仍獨立審核，位置與實際命中須畫面驗收。凍結來源：Button(SailuneActionCopy.cancel, role: .cancel) { }",docs/work-items/v9-frozen-inventory.md,來源確認為文字 Button；位置／鍵盤焦點／實際命中及 Light／Dark 待驗收
V9-1310,已共用,已讀取 SailuneActionCopy 或位於其實作；原中文值由集中資源提供。,docs/work-items/v9-frozen-inventory.md,字面值／重複群已核對；實際文案與輔助描述待畫面驗收
V9-1311,合理例外,畫面標題、欄位名稱或領域狀態的靜態文字；不是 Button／Menu 操作命令。,docs/work-items/v9-frozen-inventory.md,字面值／重複群已核對；實際文案與輔助描述待畫面驗收
V9-1312,合理例外,領域 catch 在同一來源行明確顯示錯誤、拋出具名錯誤或 private 記錄；其資料結果依原領域契約保留，沒有共用 catch 外殼的必要。原語句：catch { errorMessage = error.localizedDescription },docs/work-items/v9-frozen-inventory.md,來源已見明確錯誤出口；故障注入與 GUI 呈現尚待驗收
V9-1313,合理例外,catch 明確設定錯誤呈現／狀態，保留領域提示；此處是領域失敗處理，不宜僅為共用化抽成統一資料 action。來源分支：errorMessage = error.localizedDescription,docs/work-items/v9-frozen-inventory.md,來源分支已複核；故障注入或 GUI 呈現仍待相關驗收
V9-1314,合理例外,catch 明確設定錯誤呈現／狀態，保留領域提示；此處是領域失敗處理，不宜僅為共用化抽成統一資料 action。來源分支：errorMessage = error.localizedDescription,docs/work-items/v9-frozen-inventory.md,來源分支已複核；故障注入或 GUI 呈現仍待相關驗收
V9-1315,合理例外,catch 明確設定錯誤呈現／狀態，保留領域提示；此處是領域失敗處理，不宜僅為共用化抽成統一資料 action。來源分支：errorMessage = error.localizedDescription,docs/work-items/v9-frozen-inventory.md,來源分支已複核；故障注入或 GUI 呈現仍待相關驗收
V9-1316,合理例外,領域 catch 在同一來源行明確顯示錯誤、拋出具名錯誤或 private 記錄；其資料結果依原領域契約保留，沒有共用 catch 外殼的必要。原語句：catch { errorMessage = error.localizedDescription },docs/work-items/v9-frozen-inventory.md,來源已見明確錯誤出口；故障注入與 GUI 呈現尚待驗收
V9-1317,合理例外,領域 catch 在同一來源行明確顯示錯誤、拋出具名錯誤或 private 記錄；其資料結果依原領域契約保留，沒有共用 catch 外殼的必要。原語句：catch { errorMessage = error.localizedDescription },docs/work-items/v9-frozen-inventory.md,來源已見明確錯誤出口；故障注入與 GUI 呈現尚待驗收
V9-1318,合理例外,領域 catch 在同一來源行明確顯示錯誤、拋出具名錯誤或 private 記錄；其資料結果依原領域契約保留，沒有共用 catch 外殼的必要。原語句：catch { errorMessage = error.localizedDescription },docs/work-items/v9-frozen-inventory.md,來源已見明確錯誤出口；故障注入與 GUI 呈現尚待驗收
V9-1319,合理例外,"原生文字 Button；領域字面標題另由 copy 家族核對是否同功能。保留 macOS 原生控制以承載此處 action；對應 button_style／copy ID 仍獨立審核，位置與實際命中須畫面驗收。凍結來源：Button(""不選擇"") {",docs/work-items/v9-frozen-inventory.md,來源確認為文字 Button；位置／鍵盤焦點／實際命中及 Light／Dark 待驗收
V9-1320,已共用,V9.1ao 已依凍結 ID 將原操作標題接至 SailuneActionCopy，原繁體中文值、closure、role、style 及圖標不變；現行來源：Button(SailuneActionCopy.clearSelection) {,docs/work-items/v9.1ao-repeated-action-copy.md,65 個固定 ID 靜態核對、String Catalog JSON 及主機無簽章 Debug build 通過；GUI／VoiceOver 待驗收
V9-1321,合理例外,"原生文字 Button；領域字面標題另由 copy 家族核對是否同功能。保留 macOS 原生控制以承載此處 action；對應 button_style／copy ID 仍獨立審核，位置與實際命中須畫面驗收。凍結來源：Button(""選擇\(displayedPreset.title)"") {",docs/work-items/v9-frozen-inventory.md,來源確認為文字 Button；位置／鍵盤焦點／實際命中及 Light／Dark 待驗收
V9-1322,已共用,V9.1ao 已依凍結 ID 將原操作標題接至 SailuneActionCopy，原繁體中文值、closure、role、style 及圖標不變；現行來源：Button(SailuneActionCopy.selectPreset(displayedPreset.title)) {,docs/work-items/v9.1ao-repeated-action-copy.md,65 個固定 ID 靜態核對、String Catalog JSON 及主機無簽章 Debug build 通過；GUI／VoiceOver 待驗收
V9-1323,合理例外,採 macOS 原生 .borderedProminent 樣式，保留平台語意；此例外只涵蓋 style，按鈕位置／命中與操作文案仍依對應 Button ID 驗收。,docs/work-items/v9-frozen-inventory.md,來源 style 已核對；實際 hit-test／Light／Dark 待驗收
V9-1324,合理例外,採系統材質／bar 背景，語意與固定表面色不同；保留平台呈現。 凍結來源：.background(.bar),docs/work-items/v9-frozen-inventory.md,來源色彩用途已分類；Light／Dark 與 hit-testing 待驗收
V9-1325,已共用,"V9.1as 原字形由 SailuneSymbol.people 提供；功能、文字與位置不變。原命中：systemImage: ""person.3""",docs/work-items/v9.1as-frozen-symbol-groups.md,固定 ID、原字形與主機無簽章 macOS Debug build、git diff --check 通過；Light／Dark／VoiceOver 待驗收
V9-1326,合理例外,原生文字 Button；已使用 SailuneActionCopy 共用標題。保留 macOS 原生控制以承載此處 action；對應 button_style／copy ID 仍獨立審核，位置與實際命中須畫面驗收。凍結來源：Button(SailuneActionCopy.close) { dismiss() },docs/work-items/v9-frozen-inventory.md,來源確認為文字 Button；位置／鍵盤焦點／實際命中及 Light／Dark 待驗收
V9-1327,已共用,已讀取 SailuneActionCopy 或位於其實作；原中文值由集中資源提供。,docs/work-items/v9-frozen-inventory.md,字面值／重複群已核對；實際文案與輔助描述待畫面驗收
V9-1328,合理例外,畫面標題、欄位名稱或領域狀態的靜態文字；不是 Button／Menu 操作命令。,docs/work-items/v9-frozen-inventory.md,字面值／重複群已核對；實際文案與輔助描述待畫面驗收
V9-1329,合理例外,畫面標題、欄位名稱或領域狀態的靜態文字；不是 Button／Menu 操作命令。,docs/work-items/v9-frozen-inventory.md,字面值／重複群已核對；實際文案與輔助描述待畫面驗收
V9-1330,合理例外,"回傳含原錯誤原因的修復診斷項目；此處是領域失敗處理，不宜僅為共用化抽成統一資料 action。來源分支：return [""無法建立跨資料庫修復對照：\(error.localizedDescription)""]",docs/work-items/v9-frozen-inventory.md,來源分支已複核；故障注入或 GUI 呈現仍待相關驗收
V9-1331,合理例外,catch 明確向上拋出領域／原錯誤，保留呼叫端決策；此處是領域失敗處理，不宜僅為共用化抽成統一資料 action。來源分支：context.rollback() throw error,docs/work-items/v9-frozen-inventory.md,來源分支已複核；故障注入或 GUI 呈現仍待相關驗收
V9-1332,合理例外,"catch 明確記錄診斷或 Store 錯誤，保留原操作結果；此處是領域失敗處理，不宜僅為共用化抽成統一資料 action。來源分支：logger.error(""\(operation, privacy: .public)待下次啟動修復：\(error.localizedDescription, privacy: .public)"") return ""\(operation)：\(error.localizedDescription)""",docs/work-items/v9-frozen-inventory.md,來源分支已複核；故障注入或 GUI 呈現仍待相關驗收
V9-1333,已共用,來源已引用共用單行／搜尋欄位或位於其實作；原 Binding 與外層行為仍須依畫面核對。,docs/work-items/v9-frozen-inventory.md,來源分類已複核；具體 UI／資料驗收待完成
V9-1334,待共用,原生 .plain 樣式常見於圖標／整列控制；需與對應 Button ID 一起核對角色、28 pt 命中及是否需具名共用 variant。,docs/work-items/v9-frozen-inventory.md,來源 style 已核對；實際 hit-test／Light／Dark 待驗收
V9-1335,合理例外,"來源以 SwiftUI 原生 Button 的標題參數承載文字或文字加圖標；保留原生角色／焦點／可用狀態，文案與圖標分別由固定 copy／symbol ID 審核，不為此控制另造相同 Button 外殼。來源：Button(SailuneActionCopy.delete, role: .destructive) { deleteTarget = place }",docs/work-items/v9-frozen-inventory.md,來源原生標題按鈕已核對；位置／實際 hit-test／鍵盤與 Light／Dark 待驗收
V9-1336,已共用,已讀取 SailuneActionCopy 或位於其實作；原中文值由集中資源提供。,docs/work-items/v9-frozen-inventory.md,字面值／重複群已核對；實際文案與輔助描述待畫面驗收
V9-1337,待共用,原生 .plain 樣式常見於圖標／整列控制；需與對應 Button ID 一起核對角色、28 pt 命中及是否需具名共用 variant。,docs/work-items/v9-frozen-inventory.md,來源 style 已核對；實際 hit-test／Light／Dark 待驗收
V9-1338,已共用,背景引用已命名的 theme／AppTheme 色彩來源；用途與 Light／Dark 對照仍需畫面驗收。 凍結來源：.background(Color.workspacePanelBackground),docs/work-items/v9-frozen-inventory.md,來源色彩用途已分類；Light／Dark 與 hit-testing 待驗收
V9-1339,合理例外,"來源以 SwiftUI 原生 Button 的標題參數承載文字或文字加圖標；保留原生角色／焦點／可用狀態，文案與圖標分別由固定 copy／symbol ID 審核，不為此控制另造相同 Button 外殼。來源：Button(""新增地點"", systemImage: SailuneSymbol.add.systemName) {",docs/work-items/v9-frozen-inventory.md,來源原生標題按鈕已核對；位置／實際 hit-test／鍵盤與 Light／Dark 待驗收
V9-1340,合理例外,目前固定清單中僅此處使用的領域文案「新增地點」；沒有同功能重複證據，保留具名畫面語境。,docs/work-items/v9-frozen-inventory.md,字面值／重複群已核對；實際文案與輔助描述待畫面驗收
V9-1341,已共用,來源已讀取 SailuneSymbol 語意 key；同功能字形是否一致依集中表與畫面驗收。,docs/work-items/v9-frozen-inventory.md,來源語意已複核；字形與輔助功能畫面驗收待完成
V9-1342,合理例外,內容型系統 sheet 承載此領域編輯流程；不與刪除／錯誤提示共用資料 action，仍需核對取消與焦點。 凍結來源：.sheet(item: $editingPlace) { place in,docs/work-items/v9-frozen-inventory.md,來源呈現類型已核對；失敗／取消／GUI 待驗收
V9-1343,待共用,"確認流程候選；需核對標題、破壞後果、取消、預設角色及 Store action，僅呈現外殼可共用。 凍結來源：.confirmationDialog(""刪除地點？"", isPresented: Binding(",docs/work-items/v9-frozen-inventory.md,來源呈現類型已核對；失敗／取消／GUI 待驗收
V9-1344,合理例外,"來源以 SwiftUI 原生 Button 的標題參數承載文字或文字加圖標；保留原生角色／焦點／可用狀態，文案與圖標分別由固定 copy／symbol ID 審核，不為此控制另造相同 Button 外殼。來源：Button(SailuneActionCopy.delete, role: .destructive) {",docs/work-items/v9-frozen-inventory.md,來源原生標題按鈕已核對；位置／實際 hit-test／鍵盤與 Light／Dark 待驗收
V9-1345,已共用,已讀取 SailuneActionCopy 或位於其實作；原中文值由集中資源提供。,docs/work-items/v9-frozen-inventory.md,字面值／重複群已核對；實際文案與輔助描述待畫面驗收
V9-1346,合理例外,"原生文字 Button；已使用 SailuneActionCopy 共用標題。保留 macOS 原生控制以承載此處 action；對應 button_style／copy ID 仍獨立審核，位置與實際命中須畫面驗收。凍結來源：Button(SailuneActionCopy.cancel, role: .cancel) { deleteTarget = nil }",docs/work-items/v9-frozen-inventory.md,來源確認為文字 Button；位置／鍵盤焦點／實際命中及 Light／Dark 待驗收
V9-1347,已共用,已讀取 SailuneActionCopy 或位於其實作；原中文值由集中資源提供。,docs/work-items/v9-frozen-inventory.md,字面值／重複群已核對；實際文案與輔助描述待畫面驗收
V9-1348,已共用,來源已引用共用單行／搜尋欄位或位於其實作；原 Binding 與外層行為仍須依畫面核對。,docs/work-items/v9-frozen-inventory.md,來源分類已複核；具體 UI／資料驗收待完成
V9-1349,合理例外,畫面標題、欄位名稱或領域狀態的靜態文字；不是 Button／Menu 操作命令。,docs/work-items/v9-frozen-inventory.md,字面值／重複群已核對；實際文案與輔助描述待畫面驗收
V9-1350,待共用,原生 .plain 樣式常見於圖標／整列控制；需與對應 Button ID 一起核對角色、28 pt 命中及是否需具名共用 variant。,docs/work-items/v9-frozen-inventory.md,來源 style 已核對；實際 hit-test／Light／Dark 待驗收
V9-1351,合理例外,"來源以 SwiftUI 原生 Button 的標題參數承載文字或文字加圖標；保留原生角色／焦點／可用狀態，文案與圖標分別由固定 copy／symbol ID 審核，不為此控制另造相同 Button 外殼。來源：Button(SailuneActionCopy.delete, role: .destructive) { deleteTarget = term }",docs/work-items/v9-frozen-inventory.md,來源原生標題按鈕已核對；位置／實際 hit-test／鍵盤與 Light／Dark 待驗收
V9-1352,已共用,已讀取 SailuneActionCopy 或位於其實作；原中文值由集中資源提供。,docs/work-items/v9-frozen-inventory.md,字面值／重複群已核對；實際文案與輔助描述待畫面驗收
V9-1353,待共用,原生 .plain 樣式常見於圖標／整列控制；需與對應 Button ID 一起核對角色、28 pt 命中及是否需具名共用 variant。,docs/work-items/v9-frozen-inventory.md,來源 style 已核對；實際 hit-test／Light／Dark 待驗收
V9-1354,已共用,背景引用已命名的 theme／AppTheme 色彩來源；用途與 Light／Dark 對照仍需畫面驗收。 凍結來源：.background(Color.workspacePanelBackground),docs/work-items/v9-frozen-inventory.md,來源色彩用途已分類；Light／Dark 與 hit-testing 待驗收
V9-1355,合理例外,目前固定清單中僅此處使用的領域文案「新增條目」；沒有同功能重複證據，保留具名畫面語境。,docs/work-items/v9-frozen-inventory.md,字面值／重複群已核對；實際文案與輔助描述待畫面驗收
V9-1356,已共用,來源已讀取 SailuneSymbol 語意 key；同功能字形是否一致依集中表與畫面驗收。,docs/work-items/v9-frozen-inventory.md,來源語意已複核；字形與輔助功能畫面驗收待完成
V9-1357,合理例外,"內容型系統 sheet 承載此領域編輯流程；不與刪除／錯誤提示共用資料 action，仍需核對取消與焦點。 凍結來源：.sheet(item: $editingTerm, onDismiss: { newlyCreatedTermID = nil }) { term in",docs/work-items/v9-frozen-inventory.md,來源呈現類型已核對；失敗／取消／GUI 待驗收
V9-1358,待共用,"確認流程候選；需核對標題、破壞後果、取消、預設角色及 Store action，僅呈現外殼可共用。 凍結來源：.confirmationDialog(""刪除世界條目？"", isPresented: Binding(",docs/work-items/v9-frozen-inventory.md,來源呈現類型已核對；失敗／取消／GUI 待驗收
V9-1359,合理例外,"來源以 SwiftUI 原生 Button 的標題參數承載文字或文字加圖標；保留原生角色／焦點／可用狀態，文案與圖標分別由固定 copy／symbol ID 審核，不為此控制另造相同 Button 外殼。來源：Button(SailuneActionCopy.delete, role: .destructive) {",docs/work-items/v9-frozen-inventory.md,來源原生標題按鈕已核對；位置／實際 hit-test／鍵盤與 Light／Dark 待驗收
V9-1360,已共用,已讀取 SailuneActionCopy 或位於其實作；原中文值由集中資源提供。,docs/work-items/v9-frozen-inventory.md,字面值／重複群已核對；實際文案與輔助描述待畫面驗收
V9-1361,合理例外,"原生文字 Button；已使用 SailuneActionCopy 共用標題。保留 macOS 原生控制以承載此處 action；對應 button_style／copy ID 仍獨立審核，位置與實際命中須畫面驗收。凍結來源：Button(SailuneActionCopy.cancel, role: .cancel) { deleteTarget = nil }",docs/work-items/v9-frozen-inventory.md,來源確認為文字 Button；位置／鍵盤焦點／實際命中及 Light／Dark 待驗收
V9-1362,已共用,已讀取 SailuneActionCopy 或位於其實作；原中文值由集中資源提供。,docs/work-items/v9-frozen-inventory.md,字面值／重複群已核對；實際文案與輔助描述待畫面驗收
V9-1363,合理例外,此原生 Button 以 Label 同時提供文字與語意圖標，保留導覽／新增／刪除的領域 action；文案及圖標各有固定 ID 共用或例外，ButtonStyle 和實際命中仍獨立驗收。,docs/work-items/v9-frozen-inventory.md,來源 Label 按鈕已核對；位置／hit-test／鍵盤／Light／Dark 待驗收
V9-1364,合理例外,目前固定清單中僅此處使用的領域文案「返回地點」；沒有同功能重複證據，保留具名畫面語境。,docs/work-items/v9-frozen-inventory.md,字面值／重複群已核對；實際文案與輔助描述待畫面驗收
V9-1365,已共用,來源已讀取 SailuneSymbol 語意 key；同功能字形是否一致依集中表與畫面驗收。,docs/work-items/v9-frozen-inventory.md,來源語意已複核；字形與輔助功能畫面驗收待完成
V9-1366,待共用,原生 .plain 樣式常見於圖標／整列控制；需與對應 Button ID 一起核對角色、28 pt 命中及是否需具名共用 variant。,docs/work-items/v9-frozen-inventory.md,來源 style 已核對；實際 hit-test／Light／Dark 待驗收
V9-1367,合理例外,畫面標題、欄位名稱或領域狀態的靜態文字；不是 Button／Menu 操作命令。,docs/work-items/v9-frozen-inventory.md,字面值／重複群已核對；實際文案與輔助描述待畫面驗收
V9-1368,合理例外,"來源以 SwiftUI 原生 Button 的標題參數承載文字或文字加圖標；保留原生角色／焦點／可用狀態，文案與圖標分別由固定 copy／symbol ID 審核，不為此控制另造相同 Button 外殼。來源：Button(SailuneActionCopy.delete, role: .destructive) { showingDeleteConfirmation = true }",docs/work-items/v9-frozen-inventory.md,來源原生標題按鈕已核對；位置／實際 hit-test／鍵盤與 Light／Dark 待驗收
V9-1369,已共用,已讀取 SailuneActionCopy 或位於其實作；原中文值由集中資源提供。,docs/work-items/v9-frozen-inventory.md,字面值／重複群已核對；實際文案與輔助描述待畫面驗收
V9-1370,合理例外,"原生文字 Button；已使用 SailuneActionCopy 共用標題。保留 macOS 原生控制以承載此處 action；對應 button_style／copy ID 仍獨立審核，位置與實際命中須畫面驗收。凍結來源：Button(SailuneActionCopy.done, action: finish)",docs/work-items/v9-frozen-inventory.md,來源確認為文字 Button；位置／鍵盤焦點／實際命中及 Light／Dark 待驗收
V9-1371,已共用,已讀取 SailuneActionCopy 或位於其實作；原中文值由集中資源提供。,docs/work-items/v9-frozen-inventory.md,字面值／重複群已核對；實際文案與輔助描述待畫面驗收
V9-1372,已共用,來源已引用共用單行／搜尋欄位或位於其實作；原 Binding 與外層行為仍須依畫面核對。,docs/work-items/v9-frozen-inventory.md,來源分類已複核；具體 UI／資料驗收待完成
V9-1373,已共用,來源已引用共用單行／搜尋欄位或位於其實作；原 Binding 與外層行為仍須依畫面核對。,docs/work-items/v9-frozen-inventory.md,來源分類已複核；具體 UI／資料驗收待完成
V9-1374,已共用,來源已引用共用單行／搜尋欄位或位於其實作；原 Binding 與外層行為仍須依畫面核對。,docs/work-items/v9-frozen-inventory.md,來源分類已複核；具體 UI／資料驗收待完成
V9-1375,待共用,"確認流程候選；需核對標題、破壞後果、取消、預設角色及 Store action，僅呈現外殼可共用。 凍結來源：.confirmationDialog(""確定要刪除這個地點嗎？"", isPresented: $showingDeleteConfirmation, titleVisibility: .visible) {",docs/work-items/v9-frozen-inventory.md,來源呈現類型已核對；失敗／取消／GUI 待驗收
V9-1376,合理例外,"來源以 SwiftUI 原生 Button 的標題參數承載文字或文字加圖標；保留原生角色／焦點／可用狀態，文案與圖標分別由固定 copy／symbol ID 審核，不為此控制另造相同 Button 外殼。來源：Button(""刪除地點"", role: .destructive) {",docs/work-items/v9-frozen-inventory.md,來源原生標題按鈕已核對；位置／實際 hit-test／鍵盤與 Light／Dark 待驗收
V9-1377,已共用,"V9.1ao 已依凍結 ID 將原操作標題接至 SailuneActionCopy，原繁體中文值、closure、role、style 及圖標不變；現行來源：Button(SailuneActionCopy.deletePlace, role: .destructive) {",docs/work-items/v9.1ao-repeated-action-copy.md,65 個固定 ID 靜態核對、String Catalog JSON 及主機無簽章 Debug build 通過；GUI／VoiceOver 待驗收
V9-1378,合理例外,"原生文字 Button；已使用 SailuneActionCopy 共用標題。保留 macOS 原生控制以承載此處 action；對應 button_style／copy ID 仍獨立審核，位置與實際命中須畫面驗收。凍結來源：Button(SailuneActionCopy.cancel, role: .cancel) {}",docs/work-items/v9-frozen-inventory.md,來源確認為文字 Button；位置／鍵盤焦點／實際命中及 Light／Dark 待驗收
V9-1379,已共用,已讀取 SailuneActionCopy 或位於其實作；原中文值由集中資源提供。,docs/work-items/v9-frozen-inventory.md,字面值／重複群已核對；實際文案與輔助描述待畫面驗收
V9-1380,已共用,已接入共用圓角多行 editor；使用者地點簡介截圖證實首行安全距不足，V9.1am U／實際畫面驗收未完成。,docs/work-items/v9.1am-bordered-editor-first-line-inset.md,待實際 UI 驗收
V9-1381,合理例外,此原生 Button 以 Label 同時提供文字與語意圖標，保留導覽／新增／刪除的領域 action；文案及圖標各有固定 ID 共用或例外，ButtonStyle 和實際命中仍獨立驗收。,docs/work-items/v9-frozen-inventory.md,來源 Label 按鈕已核對；位置／hit-test／鍵盤／Light／Dark 待驗收
V9-1382,合理例外,目前固定清單中僅此處使用的領域文案「返回條目」；沒有同功能重複證據，保留具名畫面語境。,docs/work-items/v9-frozen-inventory.md,字面值／重複群已核對；實際文案與輔助描述待畫面驗收
V9-1383,已共用,來源已讀取 SailuneSymbol 語意 key；同功能字形是否一致依集中表與畫面驗收。,docs/work-items/v9-frozen-inventory.md,來源語意已複核；字形與輔助功能畫面驗收待完成
V9-1384,待共用,原生 .plain 樣式常見於圖標／整列控制；需與對應 Button ID 一起核對角色、28 pt 命中及是否需具名共用 variant。,docs/work-items/v9-frozen-inventory.md,來源 style 已核對；實際 hit-test／Light／Dark 待驗收
V9-1385,合理例外,畫面標題、欄位名稱或領域狀態的靜態文字；不是 Button／Menu 操作命令。,docs/work-items/v9-frozen-inventory.md,字面值／重複群已核對；實際文案與輔助描述待畫面驗收
V9-1386,合理例外,"來源以 SwiftUI 原生 Button 的標題參數承載文字或文字加圖標；保留原生角色／焦點／可用狀態，文案與圖標分別由固定 copy／symbol ID 審核，不為此控制另造相同 Button 外殼。來源：Button(SailuneActionCopy.delete, role: .destructive) { showingDeleteConfirmation = true }",docs/work-items/v9-frozen-inventory.md,來源原生標題按鈕已核對；位置／實際 hit-test／鍵盤與 Light／Dark 待驗收
V9-1387,已共用,已讀取 SailuneActionCopy 或位於其實作；原中文值由集中資源提供。,docs/work-items/v9-frozen-inventory.md,字面值／重複群已核對；實際文案與輔助描述待畫面驗收
V9-1388,合理例外,原生文字 Button；已使用 SailuneActionCopy 共用標題。保留 macOS 原生控制以承載此處 action；對應 button_style／copy ID 仍獨立審核，位置與實際命中須畫面驗收。凍結來源：Button(SailuneActionCopy.done) {,docs/work-items/v9-frozen-inventory.md,來源確認為文字 Button；位置／鍵盤焦點／實際命中及 Light／Dark 待驗收
V9-1389,已共用,已讀取 SailuneActionCopy 或位於其實作；原中文值由集中資源提供。,docs/work-items/v9-frozen-inventory.md,字面值／重複群已核對；實際文案與輔助描述待畫面驗收
V9-1390,合理例外,改名或名稱欄具 FocusState、提交或焦點副作用；保留專用輸入直到另有等價具名 variant。,docs/work-items/v9-frozen-inventory.md,來源分類已複核；具體 UI／資料驗收待完成
V9-1391,已共用,來源已引用共用單行／搜尋欄位或位於其實作；原 Binding 與外層行為仍須依畫面核對。,docs/work-items/v9-frozen-inventory.md,來源分類已複核；具體 UI／資料驗收待完成
V9-1392,合理例外,畫面標題、欄位名稱或領域狀態的靜態文字；不是 Button／Menu 操作命令。,docs/work-items/v9-frozen-inventory.md,字面值／重複群已核對；實際文案與輔助描述待畫面驗收
V9-1393,合理例外,畫面標題、欄位名稱或領域狀態的靜態文字；不是 Button／Menu 操作命令。,docs/work-items/v9-frozen-inventory.md,字面值／重複群已核對；實際文案與輔助描述待畫面驗收
V9-1394,合理例外,"來源以 SwiftUI 原生 Button 的標題參數承載文字或文字加圖標；保留原生角色／焦點／可用狀態，文案與圖標分別由固定 copy／symbol ID 審核，不為此控制另造相同 Button 外殼。來源：Button(""選擇並套用政體"", systemImage: ""building.columns"") {",docs/work-items/v9-frozen-inventory.md,來源原生標題按鈕已核對；位置／實際 hit-test／鍵盤與 Light／Dark 待驗收
V9-1395,合理例外,目前固定清單中僅此處使用的領域文案「選擇並套用政體」；沒有同功能重複證據，保留具名畫面語境。,docs/work-items/v9-frozen-inventory.md,字面值／重複群已核對；實際文案與輔助描述待畫面驗收
V9-1396,已共用,"V9.1as 原字形由 SailuneSymbol.government 提供；功能、文字與位置不變。原命中：systemImage: ""building.columns""",docs/work-items/v9.1as-frozen-symbol-groups.md,固定 ID、原字形與主機無簽章 macOS Debug build、git diff --check 通過；Light／Dark／VoiceOver 待驗收
V9-1397,合理例外,採 macOS 原生 .borderedProminent 樣式，保留平台語意；此例外只涵蓋 style，按鈕位置／命中與操作文案仍依對應 Button ID 驗收。,docs/work-items/v9-frozen-inventory.md,來源 style 已核對；實際 hit-test／Light／Dark 待驗收
V9-1398,合理例外,"來源以 SwiftUI 原生 Button 的標題參數承載文字或文字加圖標；保留原生角色／焦點／可用狀態，文案與圖標分別由固定 copy／symbol ID 審核，不為此控制另造相同 Button 外殼。來源：Button(""選擇並套用信仰"", systemImage: ""hands.sparkles"") {",docs/work-items/v9-frozen-inventory.md,來源原生標題按鈕已核對；位置／實際 hit-test／鍵盤與 Light／Dark 待驗收
V9-1399,合理例外,目前固定清單中僅此處使用的領域文案「選擇並套用信仰」；沒有同功能重複證據，保留具名畫面語境。,docs/work-items/v9-frozen-inventory.md,字面值／重複群已核對；實際文案與輔助描述待畫面驗收
V9-1400,已共用,"V9.1as 原字形由 SailuneSymbol.belief 提供；功能、文字與位置不變。原命中：systemImage: ""hands.sparkles""",docs/work-items/v9.1as-frozen-symbol-groups.md,固定 ID、原字形與主機無簽章 macOS Debug build、git diff --check 通過；Light／Dark／VoiceOver 待驗收
V9-1401,合理例外,採 macOS 原生 .borderedProminent 樣式，保留平台語意；此例外只涵蓋 style，按鈕位置／命中與操作文案仍依對應 Button ID 驗收。,docs/work-items/v9-frozen-inventory.md,來源 style 已核對；實際 hit-test／Light／Dark 待驗收
V9-1402,合理例外,"來源以 SwiftUI 原生 Button 的標題參數承載文字或文字加圖標；保留原生角色／焦點／可用狀態，文案與圖標分別由固定 copy／symbol ID 審核，不為此控制另造相同 Button 外殼。來源：Button(""選擇並套用技術階段"", systemImage: ""gearshape.2"") {",docs/work-items/v9-frozen-inventory.md,來源原生標題按鈕已核對；位置／實際 hit-test／鍵盤與 Light／Dark 待驗收
V9-1403,合理例外,目前固定清單中僅此處使用的領域文案「選擇並套用技術階段」；沒有同功能重複證據，保留具名畫面語境。,docs/work-items/v9-frozen-inventory.md,字面值／重複群已核對；實際文案與輔助描述待畫面驗收
V9-1404,已共用,"V9.1as 原字形由 SailuneSymbol.technology 提供；功能、文字與位置不變。原命中：systemImage: ""gearshape.2""",docs/work-items/v9.1as-frozen-symbol-groups.md,固定 ID、原字形與主機無簽章 macOS Debug build、git diff --check 通過；Light／Dark／VoiceOver 待驗收
V9-1405,合理例外,採 macOS 原生 .borderedProminent 樣式，保留平台語意；此例外只涵蓋 style，按鈕位置／命中與操作文案仍依對應 Button ID 驗收。,docs/work-items/v9-frozen-inventory.md,來源 style 已核對；實際 hit-test／Light／Dark 待驗收
V9-1406,合理例外,"來源以 SwiftUI 原生 Button 的標題參數承載文字或文字加圖標；保留原生角色／焦點／可用狀態，文案與圖標分別由固定 copy／symbol ID 審核，不為此控制另造相同 Button 外殼。來源：Button(""選擇並套用資源"", systemImage: SailuneSymbol.resource.systemName) {",docs/work-items/v9-frozen-inventory.md,來源原生標題按鈕已核對；位置／實際 hit-test／鍵盤與 Light／Dark 待驗收
V9-1407,合理例外,目前固定清單中僅此處使用的領域文案「選擇並套用資源」；沒有同功能重複證據，保留具名畫面語境。,docs/work-items/v9-frozen-inventory.md,字面值／重複群已核對；實際文案與輔助描述待畫面驗收
V9-1408,已共用,來源已讀取 SailuneSymbol 語意 key；同功能字形是否一致依集中表與畫面驗收。,docs/work-items/v9-frozen-inventory.md,來源語意已複核；字形與輔助功能畫面驗收待完成
V9-1409,合理例外,採 macOS 原生 .borderedProminent 樣式，保留平台語意；此例外只涵蓋 style，按鈕位置／命中與操作文案仍依對應 Button ID 驗收。,docs/work-items/v9-frozen-inventory.md,來源 style 已核對；實際 hit-test／Light／Dark 待驗收
V9-1410,合理例外,"來源以 SwiftUI 原生 Button 的標題參數承載文字或文字加圖標；保留原生角色／焦點／可用狀態，文案與圖標分別由固定 copy／symbol ID 審核，不為此控制另造相同 Button 外殼。來源：Button(""選擇並套用族群／種族"", systemImage: ""person.3"") {",docs/work-items/v9-frozen-inventory.md,來源原生標題按鈕已核對；位置／實際 hit-test／鍵盤與 Light／Dark 待驗收
V9-1411,合理例外,目前固定清單中僅此處使用的領域文案「選擇並套用族群／種族」；沒有同功能重複證據，保留具名畫面語境。,docs/work-items/v9-frozen-inventory.md,字面值／重複群已核對；實際文案與輔助描述待畫面驗收
V9-1412,已共用,"V9.1as 原字形由 SailuneSymbol.people 提供；功能、文字與位置不變。原命中：systemImage: ""person.3""",docs/work-items/v9.1as-frozen-symbol-groups.md,固定 ID、原字形與主機無簽章 macOS Debug build、git diff --check 通過；Light／Dark／VoiceOver 待驗收
V9-1413,合理例外,採 macOS 原生 .borderedProminent 樣式，保留平台語意；此例外只涵蓋 style，按鈕位置／命中與操作文案仍依對應 Button ID 驗收。,docs/work-items/v9-frozen-inventory.md,來源 style 已核對；實際 hit-test／Light／Dark 待驗收
V9-1414,合理例外,畫面標題、欄位名稱或領域狀態的靜態文字；不是 Button／Menu 操作命令。,docs/work-items/v9-frozen-inventory.md,字面值／重複群已核對；實際文案與輔助描述待畫面驗收
V9-1415,合理例外,領域錯誤／結果標題與狀態綁定由原畫面提供，確認按鈕已讀取 SailuneActionCopy.acknowledge，系統 .alert 提供共同呈現；保留領域內容與原 action。凍結來源：.alert(,docs/work-items/v9-frozen-inventory.md,來源確認共用確認文案；實際錯誤呈現與鍵盤／VoiceOver 待驗收
V9-1416,合理例外,原生文字 Button；已使用 SailuneActionCopy 共用標題。保留 macOS 原生控制以承載此處 action；對應 button_style／copy ID 仍獨立審核，位置與實際命中須畫面驗收。凍結來源：Button(SailuneActionCopy.acknowledge) { saveErrorMessage = nil },docs/work-items/v9-frozen-inventory.md,來源確認為文字 Button；位置／鍵盤焦點／實際命中及 Light／Dark 待驗收
V9-1417,已共用,已讀取 SailuneActionCopy 或位於其實作；原中文值由集中資源提供。,docs/work-items/v9-frozen-inventory.md,字面值／重複群已核對；實際文案與輔助描述待畫面驗收
V9-1418,待共用,"確認流程候選；需核對標題、破壞後果、取消、預設角色及 Store action，僅呈現外殼可共用。 凍結來源：.confirmationDialog(""確定要刪除這個世界條目嗎？"", isPresented: $showingDeleteConfirmation, titleVisibility: .visible) {",docs/work-items/v9-frozen-inventory.md,來源呈現類型已核對；失敗／取消／GUI 待驗收
V9-1419,合理例外,"來源以 SwiftUI 原生 Button 的標題參數承載文字或文字加圖標；保留原生角色／焦點／可用狀態，文案與圖標分別由固定 copy／symbol ID 審核，不為此控制另造相同 Button 外殼。來源：Button(""刪除世界條目"", role: .destructive) {",docs/work-items/v9-frozen-inventory.md,來源原生標題按鈕已核對；位置／實際 hit-test／鍵盤與 Light／Dark 待驗收
V9-1420,合理例外,目前固定清單中僅此處使用的領域文案「刪除世界條目」；沒有同功能重複證據，保留具名畫面語境。,docs/work-items/v9-frozen-inventory.md,字面值／重複群已核對；實際文案與輔助描述待畫面驗收
V9-1421,合理例外,"原生文字 Button；已使用 SailuneActionCopy 共用標題。保留 macOS 原生控制以承載此處 action；對應 button_style／copy ID 仍獨立審核，位置與實際命中須畫面驗收。凍結來源：Button(SailuneActionCopy.cancel, role: .cancel) {}",docs/work-items/v9-frozen-inventory.md,來源確認為文字 Button；位置／鍵盤焦點／實際命中及 Light／Dark 待驗收
V9-1422,已共用,已讀取 SailuneActionCopy 或位於其實作；原中文值由集中資源提供。,docs/work-items/v9-frozen-inventory.md,字面值／重複群已核對；實際文案與輔助描述待畫面驗收
V9-1423,已共用,已接入共用圓角多行 editor；使用者地點簡介截圖證實首行安全距不足，V9.1am U／實際畫面驗收未完成。,docs/work-items/v9.1am-bordered-editor-first-line-inset.md,待實際 UI 驗收
V9-1424,合理例外,"catch 明確記錄診斷或 Store 錯誤，保留原操作結果；此處是領域失敗處理，不宜僅為共用化抽成統一資料 action。來源分支：logger.error( ""Failed to build planning records for \(surface.rawValue, privacy: .public); returning an empty list. \(String(describing: error), privacy: .private)"" ) return []",docs/work-items/v9-frozen-inventory.md,來源分支已複核；故障注入或 GUI 呈現仍待相關驗收
V9-1425,合理例外,catch 明確向上拋出領域／原錯誤，保留呼叫端決策；此處是領域失敗處理，不宜僅為共用化抽成統一資料 action。來源分支：level.name = oldName throw error,docs/work-items/v9-frozen-inventory.md,來源分支已複核；故障注入或 GUI 呈現仍待相關驗收
V9-1426,合理例外,catch 明確向上拋出領域／原錯誤，保留呼叫端決策；此處是領域失敗處理，不宜僅為共用化抽成統一資料 action。來源分支：power.levelID = oldLevelID throw error,docs/work-items/v9-frozen-inventory.md,來源分支已複核；故障注入或 GUI 呈現仍待相關驗收
V9-1427,合理例外,catch 明確向上拋出領域／原錯誤，保留呼叫端決策；此處是領域失敗處理，不宜僅為共用化抽成統一資料 action。來源分支：for level in levels { level.sortOrder = oldOrders[level.id] ?? level.sortOrder } throw error,docs/work-items/v9-frozen-inventory.md,來源分支已複核；故障注入或 GUI 呈現仍待相關驗收
V9-1428,已共用,來源已引用共用單行／搜尋欄位或位於其實作；原 Binding 與外層行為仍須依畫面核對。,docs/work-items/v9-frozen-inventory.md,來源分類已複核；具體 UI／資料驗收待完成
V9-1429,已共用,"V9.1ao 已依凍結 ID 將原操作標題接至 SailuneActionCopy，原繁體中文值、closure、role、style 及圖標不變；現行來源：Button { showingLevels = true } label: { Label(SailuneActionCopy.manageLevels, systemImage: SailuneSymbol.powerLevel.systemName) }",docs/work-items/v9.1ao-repeated-action-copy.md,65 個固定 ID 靜態核對、String Catalog JSON 及主機無簽章 Debug build 通過；GUI／VoiceOver 待驗收
V9-1430,已共用,來源已讀取 SailuneSymbol 語意 key；同功能字形是否一致依集中表與畫面驗收。,docs/work-items/v9-frozen-inventory.md,來源語意已複核；字形與輔助功能畫面驗收待完成
V9-1431,待共用,原生 .borderless 樣式常見於圖標／整列控制；需與對應 Button ID 一起核對角色、28 pt 命中及是否需具名共用 variant。,docs/work-items/v9-frozen-inventory.md,來源 style 已核對；實際 hit-test／Light／Dark 待驗收
V9-1432,待共用,原生 .plain 樣式常見於圖標／整列控制；需與對應 Button ID 一起核對角色、28 pt 命中及是否需具名共用 variant。,docs/work-items/v9-frozen-inventory.md,來源 style 已核對；實際 hit-test／Light／Dark 待驗收
V9-1433,合理例外,"來源以 SwiftUI 原生 Button 的標題參數承載文字或文字加圖標；保留原生角色／焦點／可用狀態，文案與圖標分別由固定 copy／symbol ID 審核，不為此控制另造相同 Button 外殼。來源：Button(SailuneActionCopy.delete, role: .destructive) { deleteTarget = power }",docs/work-items/v9-frozen-inventory.md,來源原生標題按鈕已核對；位置／實際 hit-test／鍵盤與 Light／Dark 待驗收
V9-1434,已共用,已讀取 SailuneActionCopy 或位於其實作；原中文值由集中資源提供。,docs/work-items/v9-frozen-inventory.md,字面值／重複群已核對；實際文案與輔助描述待畫面驗收
V9-1435,待共用,原生 .plain 樣式常見於圖標／整列控制；需與對應 Button ID 一起核對角色、28 pt 命中及是否需具名共用 variant。,docs/work-items/v9-frozen-inventory.md,來源 style 已核對；實際 hit-test／Light／Dark 待驗收
V9-1436,已共用,背景引用已命名的 theme／AppTheme 色彩來源；用途與 Light／Dark 對照仍需畫面驗收。 凍結來源：.background(Color.workspacePanelBackground),docs/work-items/v9-frozen-inventory.md,來源色彩用途已分類；Light／Dark 與 hit-testing 待驗收
V9-1437,已共用,已讀取 SailuneActionCopy 或位於其實作；原中文值由集中資源提供。,docs/work-items/v9-frozen-inventory.md,字面值／重複群已核對；實際文案與輔助描述待畫面驗收
V9-1438,已共用,來源已讀取 SailuneSymbol 語意 key；同功能字形是否一致依集中表與畫面驗收。,docs/work-items/v9-frozen-inventory.md,來源語意已複核；字形與輔助功能畫面驗收待完成
V9-1439,待共用,原生 .borderless 樣式常見於圖標／整列控制；需與對應 Button ID 一起核對角色、28 pt 命中及是否需具名共用 variant。,docs/work-items/v9-frozen-inventory.md,來源 style 已核對；實際 hit-test／Light／Dark 待驗收
V9-1440,待共用,"確認流程候選；需核對標題、破壞後果、取消、預設角色及 Store action，僅呈現外殼可共用。 凍結來源：.confirmationDialog(""刪除勢力？"", isPresented: Binding(",docs/work-items/v9-frozen-inventory.md,來源呈現類型已核對；失敗／取消／GUI 待驗收
V9-1441,合理例外,"來源以 SwiftUI 原生 Button 的標題參數承載文字或文字加圖標；保留原生角色／焦點／可用狀態，文案與圖標分別由固定 copy／symbol ID 審核，不為此控制另造相同 Button 外殼。來源：Button(SailuneActionCopy.delete, role: .destructive) {",docs/work-items/v9-frozen-inventory.md,來源原生標題按鈕已核對；位置／實際 hit-test／鍵盤與 Light／Dark 待驗收
V9-1442,已共用,已讀取 SailuneActionCopy 或位於其實作；原中文值由集中資源提供。,docs/work-items/v9-frozen-inventory.md,字面值／重複群已核對；實際文案與輔助描述待畫面驗收
V9-1443,合理例外,"原生文字 Button；已使用 SailuneActionCopy 共用標題。保留 macOS 原生控制以承載此處 action；對應 button_style／copy ID 仍獨立審核，位置與實際命中須畫面驗收。凍結來源：Button(SailuneActionCopy.cancel, role: .cancel) { deleteTarget = nil }",docs/work-items/v9-frozen-inventory.md,來源確認為文字 Button；位置／鍵盤焦點／實際命中及 Light／Dark 待驗收
V9-1444,已共用,已讀取 SailuneActionCopy 或位於其實作；原中文值由集中資源提供。,docs/work-items/v9-frozen-inventory.md,字面值／重複群已核對；實際文案與輔助描述待畫面驗收
V9-1445,合理例外,內容型系統 sheet 承載此領域編輯流程；不與刪除／錯誤提示共用資料 action，仍需核對取消與焦點。 凍結來源：.sheet(isPresented: $showingLevels) {,docs/work-items/v9-frozen-inventory.md,來源呈現類型已核對；失敗／取消／GUI 待驗收
V9-1446,合理例外,畫面標題、欄位名稱或領域狀態的靜態文字；不是 Button／Menu 操作命令。,docs/work-items/v9-frozen-inventory.md,字面值／重複群已核對；實際文案與輔助描述待畫面驗收
V9-1447,合理例外,畫面標題、欄位名稱或領域狀態的靜態文字；不是 Button／Menu 操作命令。,docs/work-items/v9-frozen-inventory.md,字面值／重複群已核對；實際文案與輔助描述待畫面驗收
V9-1448,合理例外,"來源以 SwiftUI 原生 Button 的標題參數承載文字或文字加圖標；保留原生角色／焦點／可用狀態，文案與圖標分別由固定 copy／symbol ID 審核，不為此控制另造相同 Button 外殼。來源：Button(""新增層級"", systemImage: SailuneSymbol.add.systemName, action: addLevel)",docs/work-items/v9-frozen-inventory.md,來源原生標題按鈕已核對；位置／實際 hit-test／鍵盤與 Light／Dark 待驗收
V9-1449,合理例外,目前固定清單中僅此處使用的領域文案「新增層級」；沒有同功能重複證據，保留具名畫面語境。,docs/work-items/v9-frozen-inventory.md,字面值／重複群已核對；實際文案與輔助描述待畫面驗收
V9-1450,已共用,來源已讀取 SailuneSymbol 語意 key；同功能字形是否一致依集中表與畫面驗收。,docs/work-items/v9-frozen-inventory.md,來源語意已複核；字形與輔助功能畫面驗收待完成
V9-1451,合理例外,原生文字 Button；已使用 SailuneActionCopy 共用標題。保留 macOS 原生控制以承載此處 action；對應 button_style／copy ID 仍獨立審核，位置與實際命中須畫面驗收。凍結來源：Button(SailuneActionCopy.done) { dismiss() },docs/work-items/v9-frozen-inventory.md,來源確認為文字 Button；位置／鍵盤焦點／實際命中及 Light／Dark 待驗收
V9-1452,已共用,已讀取 SailuneActionCopy 或位於其實作；原中文值由集中資源提供。,docs/work-items/v9-frozen-inventory.md,字面值／重複群已核對；實際文案與輔助描述待畫面驗收
V9-1453,已共用,來源已讀取 SailuneSymbol 語意 key；同功能字形是否一致依集中表與畫面驗收。,docs/work-items/v9-frozen-inventory.md,來源語意已複核；字形與輔助功能畫面驗收待完成
V9-1454,合理例外,畫面標題、欄位名稱或領域狀態的靜態文字；不是 Button／Menu 操作命令。,docs/work-items/v9-frozen-inventory.md,字面值／重複群已核對；實際文案與輔助描述待畫面驗收
V9-1455,合理例外,畫面標題、欄位名稱或領域狀態的靜態文字；不是 Button／Menu 操作命令。,docs/work-items/v9-frozen-inventory.md,字面值／重複群已核對；實際文案與輔助描述待畫面驗收
V9-1456,合理例外,層級管理列有 onSubmit(rename) 及相鄰儲存／排序控制，保留原生列內欄位。 此例外只涵蓋欄位共用外殼，首行／focus GUI 仍依驗收清單檢查。,docs/work-items/v9-frozen-inventory.md,來源欄位與父容器契約已核對；CJK／focus／首行 GUI 待驗收
V9-1457,合理例外,原生文字 Button；已使用 SailuneActionCopy 共用標題。保留 macOS 原生控制以承載此處 action；對應 button_style／copy ID 仍獨立審核，位置與實際命中須畫面驗收。凍結來源：Button(SailuneActionCopy.save) { rename(level) },docs/work-items/v9-frozen-inventory.md,來源確認為文字 Button；位置／鍵盤焦點／實際命中及 Light／Dark 待驗收
V9-1458,已共用,已讀取 SailuneActionCopy 或位於其實作；原中文值由集中資源提供。,docs/work-items/v9-frozen-inventory.md,字面值／重複群已核對；實際文案與輔助描述待畫面驗收
V9-1459,待共用,同為上下移動，但物品等級使用 arrow.up/down、勢力與側邊欄使用 chevron.up/down；具體控制、原 action／禁用與提案見 V9.1af，U 待核定。,docs/work-items/v9.1af-reorder-controls.md,來源字形與操作已核對；U／I、hit-test、鍵盤／Light／Dark 待驗收
V9-1460,待共用,原生 .borderless 樣式常見於圖標／整列控制；需與對應 Button ID 一起核對角色、28 pt 命中及是否需具名共用 variant。,docs/work-items/v9-frozen-inventory.md,來源 style 已核對；實際 hit-test／Light／Dark 待驗收
V9-1461,待共用,同為上下移動，但物品等級使用 arrow.up/down、勢力與側邊欄使用 chevron.up/down；具體控制、原 action／禁用與提案見 V9.1af，U 待核定。,docs/work-items/v9.1af-reorder-controls.md,來源字形與操作已核對；U／I、hit-test、鍵盤／Light／Dark 待驗收
V9-1462,待共用,原生 .borderless 樣式常見於圖標／整列控制；需與對應 Button ID 一起核對角色、28 pt 命中及是否需具名共用 variant。,docs/work-items/v9-frozen-inventory.md,來源 style 已核對；實際 hit-test／Light／Dark 待驗收
V9-1463,待共用,純圖標或 iconOnly 按鈕候選；依凍結位置核對 28 pt 命中、間距、help／accessibility、原 action 及禁用條件。 凍結來源：Button(role: .destructive) { delete(level) } label: { Image(systemName: SailuneSymbol.delete.systemName) },docs/work-items/v9-frozen-inventory.md,來源按鈕型態已列；實際命中／鍵盤／Light／Dark 待驗收
V9-1464,已共用,來源已讀取 SailuneSymbol 語意 key；同功能字形是否一致依集中表與畫面驗收。,docs/work-items/v9-frozen-inventory.md,來源語意已複核；字形與輔助功能畫面驗收待完成
V9-1465,待共用,原生 .borderless 樣式常見於圖標／整列控制；需與對應 Button ID 一起核對角色、28 pt 命中及是否需具名共用 variant。,docs/work-items/v9-frozen-inventory.md,來源 style 已核對；實際 hit-test／Light／Dark 待驗收
V9-1466,待共用,"錯誤或結果 alert 候選；需核對同類標題、詳細訊息、確認按鈕與錯誤出口後決定共用呈現外殼。 凍結來源：.alert(""無法變更層級"", isPresented: errorBinding) {",docs/work-items/v9-frozen-inventory.md,來源呈現類型已核對；失敗／取消／GUI 待驗收
V9-1467,合理例外,"原生文字 Button；已使用 SailuneActionCopy 共用標題。保留 macOS 原生控制以承載此處 action；對應 button_style／copy ID 仍獨立審核，位置與實際命中須畫面驗收。凍結來源：Button(SailuneActionCopy.acknowledge, role: .cancel) {}",docs/work-items/v9-frozen-inventory.md,來源確認為文字 Button；位置／鍵盤焦點／實際命中及 Light／Dark 待驗收
V9-1468,已共用,已讀取 SailuneActionCopy 或位於其實作；原中文值由集中資源提供。,docs/work-items/v9-frozen-inventory.md,字面值／重複群已核對；實際文案與輔助描述待畫面驗收
V9-1469,合理例外,catch 明確設定錯誤呈現／狀態，保留領域提示；此處是領域失敗處理，不宜僅為共用化抽成統一資料 action。來源分支：errorMessage = error.localizedDescription,docs/work-items/v9-frozen-inventory.md,來源分支已複核；故障注入或 GUI 呈現仍待相關驗收
V9-1470,合理例外,catch 明確設定錯誤呈現／狀態，保留領域提示；此處是領域失敗處理，不宜僅為共用化抽成統一資料 action。來源分支：draftNames[level.id] = level.name errorMessage = error.localizedDescription,docs/work-items/v9-frozen-inventory.md,來源分支已複核；故障注入或 GUI 呈現仍待相關驗收
V9-1471,合理例外,catch 明確設定錯誤呈現／狀態，保留領域提示；此處是領域失敗處理，不宜僅為共用化抽成統一資料 action。來源分支：errorMessage = error.localizedDescription,docs/work-items/v9-frozen-inventory.md,來源分支已複核；故障注入或 GUI 呈現仍待相關驗收
V9-1472,合理例外,catch 明確設定錯誤呈現／狀態，保留領域提示；此處是領域失敗處理，不宜僅為共用化抽成統一資料 action。來源分支：errorMessage = error.localizedDescription,docs/work-items/v9-frozen-inventory.md,來源分支已複核；故障注入或 GUI 呈現仍待相關驗收
V9-1473,合理例外,此原生 Button 以 Label 同時提供文字與語意圖標，保留導覽／新增／刪除的領域 action；文案及圖標各有固定 ID 共用或例外，ButtonStyle 和實際命中仍獨立驗收。,docs/work-items/v9-frozen-inventory.md,來源 Label 按鈕已核對；位置／hit-test／鍵盤／Light／Dark 待驗收
V9-1474,合理例外,目前固定清單中僅此處使用的領域文案「返回勢力」；沒有同功能重複證據，保留具名畫面語境。,docs/work-items/v9-frozen-inventory.md,字面值／重複群已核對；實際文案與輔助描述待畫面驗收
V9-1475,已共用,來源已讀取 SailuneSymbol 語意 key；同功能字形是否一致依集中表與畫面驗收。,docs/work-items/v9-frozen-inventory.md,來源語意已複核；字形與輔助功能畫面驗收待完成
V9-1476,待共用,原生 .plain 樣式常見於圖標／整列控制；需與對應 Button ID 一起核對角色、28 pt 命中及是否需具名共用 variant。,docs/work-items/v9-frozen-inventory.md,來源 style 已核對；實際 hit-test／Light／Dark 待驗收
V9-1477,合理例外,"來源以 SwiftUI 原生 Button 的標題參數承載文字或文字加圖標；保留原生角色／焦點／可用狀態，文案與圖標分別由固定 copy／symbol ID 審核，不為此控制另造相同 Button 外殼。來源：Button(""管理層級"", systemImage: SailuneSymbol.powerLevel.systemName) { showingLevels = true }",docs/work-items/v9-frozen-inventory.md,來源原生標題按鈕已核對；位置／實際 hit-test／鍵盤與 Light／Dark 待驗收
V9-1478,已共用,"V9.1ao 已依凍結 ID 將原操作標題接至 SailuneActionCopy，原繁體中文值、closure、role、style 及圖標不變；現行來源：Button(SailuneActionCopy.manageLevels, systemImage: SailuneSymbol.powerLevel.systemName) { showingLevels = true }",docs/work-items/v9.1ao-repeated-action-copy.md,65 個固定 ID 靜態核對、String Catalog JSON 及主機無簽章 Debug build 通過；GUI／VoiceOver 待驗收
V9-1479,已共用,來源已讀取 SailuneSymbol 語意 key；同功能字形是否一致依集中表與畫面驗收。,docs/work-items/v9-frozen-inventory.md,來源語意已複核；字形與輔助功能畫面驗收待完成
V9-1480,待共用,原生 .borderless 樣式常見於圖標／整列控制；需與對應 Button ID 一起核對角色、28 pt 命中及是否需具名共用 variant。,docs/work-items/v9-frozen-inventory.md,來源 style 已核對；實際 hit-test／Light／Dark 待驗收
V9-1481,合理例外,此原生 Button 以 Label 同時提供文字與語意圖標，保留導覽／新增／刪除的領域 action；文案及圖標各有固定 ID 共用或例外，ButtonStyle 和實際命中仍獨立驗收。,docs/work-items/v9-frozen-inventory.md,來源 Label 按鈕已核對；位置／hit-test／鍵盤／Light／Dark 待驗收
V9-1482,已共用,已讀取 SailuneActionCopy 或位於其實作；原中文值由集中資源提供。,docs/work-items/v9-frozen-inventory.md,字面值／重複群已核對；實際文案與輔助描述待畫面驗收
V9-1483,已共用,來源已讀取 SailuneSymbol 語意 key；同功能字形是否一致依集中表與畫面驗收。,docs/work-items/v9-frozen-inventory.md,來源語意已複核；字形與輔助功能畫面驗收待完成
V9-1484,待共用,原生 .borderless 樣式常見於圖標／整列控制；需與對應 Button ID 一起核對角色、28 pt 命中及是否需具名共用 variant。,docs/work-items/v9-frozen-inventory.md,來源 style 已核對；實際 hit-test／Light／Dark 待驗收
V9-1485,已共用,來源已引用共用單行／搜尋欄位或位於其實作；原 Binding 與外層行為仍須依畫面核對。,docs/work-items/v9-frozen-inventory.md,來源分類已複核；具體 UI／資料驗收待完成
V9-1486,合理例外,畫面標題、欄位名稱或領域狀態的靜態文字；不是 Button／Menu 操作命令。,docs/work-items/v9-frozen-inventory.md,字面值／重複群已核對；實際文案與輔助描述待畫面驗收
V9-1487,已共用,已接入共用圓角多行 editor；使用者地點簡介截圖證實首行安全距不足，V9.1am U／實際畫面驗收未完成。,docs/work-items/v9.1am-bordered-editor-first-line-inset.md,待實際 UI 驗收
V9-1488,合理例外,畫面標題、欄位名稱或領域狀態的靜態文字；不是 Button／Menu 操作命令。,docs/work-items/v9-frozen-inventory.md,字面值／重複群已核對；實際文案與輔助描述待畫面驗收
V9-1489,合理例外,畫面標題、欄位名稱或領域狀態的靜態文字；不是 Button／Menu 操作命令。,docs/work-items/v9-frozen-inventory.md,字面值／重複群已核對；實際文案與輔助描述待畫面驗收
V9-1490,已共用,已接入共用圓角多行 editor；使用者地點簡介截圖證實首行安全距不足，V9.1am U／實際畫面驗收未完成。,docs/work-items/v9.1am-bordered-editor-first-line-inset.md,待實際 UI 驗收
V9-1491,已共用,"背景引用已命名的 theme／AppTheme 色彩來源；用途與 Light／Dark 對照仍需畫面驗收。 凍結來源：.background(SailuneTheme.subtleSurface, in: RoundedRectangle(cornerRadius: 8))",docs/work-items/v9-frozen-inventory.md,來源色彩用途已分類；Light／Dark 與 hit-testing 待驗收
V9-1492,已共用,"背景引用已命名的 theme／AppTheme 色彩來源；用途與 Light／Dark 對照仍需畫面驗收。 凍結來源：.background(SailuneTheme.subtleSurface, in: RoundedRectangle(cornerRadius: 8))",docs/work-items/v9-frozen-inventory.md,來源色彩用途已分類；Light／Dark 與 hit-testing 待驗收
V9-1493,合理例外,畫面標題、欄位名稱或領域狀態的靜態文字；不是 Button／Menu 操作命令。,docs/work-items/v9-frozen-inventory.md,字面值／重複群已核對；實際文案與輔助描述待畫面驗收
V9-1494,合理例外,畫面標題、欄位名稱或領域狀態的靜態文字；不是 Button／Menu 操作命令。,docs/work-items/v9-frozen-inventory.md,字面值／重複群已核對；實際文案與輔助描述待畫面驗收
V9-1495,合理例外,來源以 SwiftUI 原生 Button 的標題參數承載文字或文字加圖標；保留原生角色／焦點／可用狀態，文案與圖標分別由固定 copy／symbol ID 審核，不為此控制另造相同 Button 外殼。來源：Button(level.name) { changeLevel(to: level) },docs/work-items/v9-frozen-inventory.md,來源原生標題按鈕已核對；位置／實際 hit-test／鍵盤與 Light／Dark 待驗收
V9-1496,已共用,來源已讀取 SailuneSymbol 語意 key；同功能字形是否一致依集中表與畫面驗收。,docs/work-items/v9-frozen-inventory.md,來源語意已複核；字形與輔助功能畫面驗收待完成
V9-1497,待共用,原生 .borderless 樣式常見於圖標／整列控制；需與對應 Button ID 一起核對角色、28 pt 命中及是否需具名共用 variant。,docs/work-items/v9-frozen-inventory.md,來源 style 已核對；實際 hit-test／Light／Dark 待驗收
V9-1498,已共用,"背景引用已命名的 theme／AppTheme 色彩來源；用途與 Light／Dark 對照仍需畫面驗收。 凍結來源：.background(SailuneTheme.subtleSurface, in: RoundedRectangle(cornerRadius: 8))",docs/work-items/v9-frozen-inventory.md,來源色彩用途已分類；Light／Dark 與 hit-testing 待驗收
V9-1499,已共用,"背景引用已命名的 theme／AppTheme 色彩來源；用途與 Light／Dark 對照仍需畫面驗收。 凍結來源：.background(SailuneTheme.subtleSurface, in: RoundedRectangle(cornerRadius: 8))",docs/work-items/v9-frozen-inventory.md,來源色彩用途已分類；Light／Dark 與 hit-testing 待驗收
V9-1500,合理例外,此處表示領域資料類型、靜態狀態或專用空狀態；未證實是跨畫面的相同操作，保留具名語境而不與同字形操作混用。,docs/work-items/v9-frozen-inventory.md,來源語意已複核；字形與輔助功能畫面驗收待完成
V9-1501,合理例外,畫面標題、欄位名稱或領域狀態的靜態文字；不是 Button／Menu 操作命令。,docs/work-items/v9-frozen-inventory.md,字面值／重複群已核對；實際文案與輔助描述待畫面驗收
V9-1502,合理例外,內容型系統 sheet 承載此領域編輯流程；不與刪除／錯誤提示共用資料 action，仍需核對取消與焦點。 凍結來源：.sheet(isPresented: $showingLevels) {,docs/work-items/v9-frozen-inventory.md,來源呈現類型已核對；失敗／取消／GUI 待驗收
V9-1503,合理例外,內容型系統 sheet 承載此領域編輯流程；不與刪除／錯誤提示共用資料 action，仍需核對取消與焦點。 凍結來源：.sheet(isPresented: $showingRelationEditor) {,docs/work-items/v9-frozen-inventory.md,來源呈現類型已核對；失敗／取消／GUI 待驗收
V9-1504,合理例外,catch 明確設定錯誤呈現／狀態，保留領域提示；此處是領域失敗處理，不宜僅為共用化抽成統一資料 action。來源分支：errorMessage = error.localizedDescription return false,docs/work-items/v9-frozen-inventory.md,來源分支已複核；故障注入或 GUI 呈現仍待相關驗收
V9-1505,待共用,"錯誤或結果 alert 候選；需核對同類標題、詳細訊息、確認按鈕與錯誤出口後決定共用呈現外殼。 凍結來源：.alert(""無法完成勢力變更"", isPresented: errorBinding) {",docs/work-items/v9-frozen-inventory.md,來源呈現類型已核對；失敗／取消／GUI 待驗收
V9-1506,合理例外,"原生文字 Button；已使用 SailuneActionCopy 共用標題。保留 macOS 原生控制以承載此處 action；對應 button_style／copy ID 仍獨立審核，位置與實際命中須畫面驗收。凍結來源：Button(SailuneActionCopy.acknowledge, role: .cancel) {}",docs/work-items/v9-frozen-inventory.md,來源確認為文字 Button；位置／鍵盤焦點／實際命中及 Light／Dark 待驗收
V9-1507,已共用,已讀取 SailuneActionCopy 或位於其實作；原中文值由集中資源提供。,docs/work-items/v9-frozen-inventory.md,字面值／重複群已核對；實際文案與輔助描述待畫面驗收
V9-1508,已共用,已接入共用圓角多行 editor；使用者地點簡介截圖證實首行安全距不足，V9.1am U／實際畫面驗收未完成。,docs/work-items/v9.1am-bordered-editor-first-line-inset.md,待實際 UI 驗收
V9-1509,已共用,"背景引用已命名的 theme／AppTheme 色彩來源；用途與 Light／Dark 對照仍需畫面驗收。 凍結來源：.background(SailuneTheme.subtleSurface, in: RoundedRectangle(cornerRadius: 8))",docs/work-items/v9-frozen-inventory.md,來源色彩用途已分類；Light／Dark 與 hit-testing 待驗收
V9-1510,已共用,"背景引用已命名的 theme／AppTheme 色彩來源；用途與 Light／Dark 對照仍需畫面驗收。 凍結來源：.background(SailuneTheme.subtleSurface, in: RoundedRectangle(cornerRadius: 8))",docs/work-items/v9-frozen-inventory.md,來源色彩用途已分類；Light／Dark 與 hit-testing 待驗收
V9-1511,合理例外,畫面標題、欄位名稱或領域狀態的靜態文字；不是 Button／Menu 操作命令。,docs/work-items/v9-frozen-inventory.md,字面值／重複群已核對；實際文案與輔助描述待畫面驗收
V9-1512,合理例外,畫面標題、欄位名稱或領域狀態的靜態文字；不是 Button／Menu 操作命令。,docs/work-items/v9-frozen-inventory.md,字面值／重複群已核對；實際文案與輔助描述待畫面驗收
V9-1513,合理例外,畫面標題、欄位名稱或領域狀態的靜態文字；不是 Button／Menu 操作命令。,docs/work-items/v9-frozen-inventory.md,字面值／重複群已核對；實際文案與輔助描述待畫面驗收
V9-1514,待共用,"純圖標或 iconOnly 按鈕候選；依凍結位置核對 28 pt 命中、間距、help／accessibility、原 action 及禁用條件。 凍結來源：Button(role: .destructive) { settingsStore.removeSubordination(lower: power, upper: value, bookID: book.id) } label: { Image(systemName: SailuneSymbol",docs/work-items/v9-frozen-inventory.md,來源按鈕型態已列；實際命中／鍵盤／Light／Dark 待驗收
V9-1515,已共用,來源已讀取 SailuneSymbol 語意 key；同功能字形是否一致依集中表與畫面驗收。,docs/work-items/v9-frozen-inventory.md,來源語意已複核；字形與輔助功能畫面驗收待完成
V9-1516,待共用,原生 .plain 樣式常見於圖標／整列控制；需與對應 Button ID 一起核對角色、28 pt 命中及是否需具名共用 variant。,docs/work-items/v9-frozen-inventory.md,來源 style 已核對；實際 hit-test／Light／Dark 待驗收
V9-1517,合理例外,畫面標題、欄位名稱或領域狀態的靜態文字；不是 Button／Menu 操作命令。,docs/work-items/v9-frozen-inventory.md,字面值／重複群已核對；實際文案與輔助描述待畫面驗收
V9-1518,合理例外,目前固定清單中僅此處使用的領域文案「選擇直屬上級」；沒有同功能重複證據，保留具名畫面語境。,docs/work-items/v9-frozen-inventory.md,字面值／重複群已核對；實際文案與輔助描述待畫面驗收
V9-1519,合理例外,此處表示領域資料類型、靜態狀態或專用空狀態；未證實是跨畫面的相同操作，保留具名語境而不與同字形操作混用。,docs/work-items/v9-frozen-inventory.md,來源語意已複核；字形與輔助功能畫面驗收待完成
V9-1520,待共用,原生 .borderless 樣式常見於圖標／整列控制；需與對應 Button ID 一起核對角色、28 pt 命中及是否需具名共用 variant。,docs/work-items/v9-frozen-inventory.md,來源 style 已核對；實際 hit-test／Light／Dark 待驗收
V9-1521,已共用,"背景引用已命名的 theme／AppTheme 色彩來源；用途與 Light／Dark 對照仍需畫面驗收。 凍結來源：.background(SailuneTheme.subtleSurface, in: RoundedRectangle(cornerRadius: 8))",docs/work-items/v9-frozen-inventory.md,來源色彩用途已分類；Light／Dark 與 hit-testing 待驗收
V9-1522,已共用,"背景引用已命名的 theme／AppTheme 色彩來源；用途與 Light／Dark 對照仍需畫面驗收。 凍結來源：.background(SailuneTheme.subtleSurface, in: RoundedRectangle(cornerRadius: 8))",docs/work-items/v9-frozen-inventory.md,來源色彩用途已分類；Light／Dark 與 hit-testing 待驗收
V9-1523,合理例外,畫面標題、欄位名稱或領域狀態的靜態文字；不是 Button／Menu 操作命令。,docs/work-items/v9-frozen-inventory.md,字面值／重複群已核對；實際文案與輔助描述待畫面驗收
V9-1524,合理例外,畫面標題、欄位名稱或領域狀態的靜態文字；不是 Button／Menu 操作命令。,docs/work-items/v9-frozen-inventory.md,字面值／重複群已核對；實際文案與輔助描述待畫面驗收
V9-1525,合理例外,畫面標題、欄位名稱或領域狀態的靜態文字；不是 Button／Menu 操作命令。,docs/work-items/v9-frozen-inventory.md,字面值／重複群已核對；實際文案與輔助描述待畫面驗收
V9-1526,待共用,純圖標或 iconOnly 按鈕候選；依凍結位置核對 28 pt 命中、間距、help／accessibility、原 action 及禁用條件。 凍結來源：Button(role: .destructive) {,docs/work-items/v9-frozen-inventory.md,來源按鈕型態已列；實際命中／鍵盤／Light／Dark 待驗收
V9-1527,已共用,來源已讀取 SailuneSymbol 語意 key；同功能字形是否一致依集中表與畫面驗收。,docs/work-items/v9-frozen-inventory.md,來源語意已複核；字形與輔助功能畫面驗收待完成
V9-1528,待共用,原生 .plain 樣式常見於圖標／整列控制；需與對應 Button ID 一起核對角色、28 pt 命中及是否需具名共用 variant。,docs/work-items/v9-frozen-inventory.md,來源 style 已核對；實際 hit-test／Light／Dark 待驗收
V9-1529,已共用,來源已引用共用單行／搜尋欄位或位於其實作；原 Binding 與外層行為仍須依畫面核對。,docs/work-items/v9-frozen-inventory.md,來源分類已複核；具體 UI／資料驗收待完成
V9-1530,合理例外,"來源以 SwiftUI 原生 Button 的標題參數承載文字或文字加圖標；保留原生角色／焦點／可用狀態，文案與圖標分別由固定 copy／symbol ID 審核，不為此控制另造相同 Button 外殼。來源：Button(""新增關係"", systemImage: SailuneSymbol.add.systemName) { showingRelationEditor = true }",docs/work-items/v9-frozen-inventory.md,來源原生標題按鈕已核對；位置／實際 hit-test／鍵盤與 Light／Dark 待驗收
V9-1531,已共用,"V9.1ao 已依凍結 ID 將原操作標題接至 SailuneActionCopy，原繁體中文值、closure、role、style 及圖標不變；現行來源：Button(SailuneActionCopy.addRelationship, systemImage: SailuneSymbol.add.systemName) { showingRelationEditor = true }",docs/work-items/v9.1ao-repeated-action-copy.md,65 個固定 ID 靜態核對、String Catalog JSON 及主機無簽章 Debug build 通過；GUI／VoiceOver 待驗收
V9-1532,已共用,來源已讀取 SailuneSymbol 語意 key；同功能字形是否一致依集中表與畫面驗收。,docs/work-items/v9-frozen-inventory.md,來源語意已複核；字形與輔助功能畫面驗收待完成
V9-1533,待共用,原生 .borderless 樣式常見於圖標／整列控制；需與對應 Button ID 一起核對角色、28 pt 命中及是否需具名共用 variant。,docs/work-items/v9-frozen-inventory.md,來源 style 已核對；實際 hit-test／Light／Dark 待驗收
V9-1534,合理例外,畫面標題、欄位名稱或領域狀態的靜態文字；不是 Button／Menu 操作命令。,docs/work-items/v9-frozen-inventory.md,字面值／重複群已核對；實際文案與輔助描述待畫面驗收
V9-1535,合理例外,畫面標題、欄位名稱或領域狀態的靜態文字；不是 Button／Menu 操作命令。,docs/work-items/v9-frozen-inventory.md,字面值／重複群已核對；實際文案與輔助描述待畫面驗收
V9-1536,已共用,已接入共用圓角多行 editor；使用者地點簡介截圖證實首行安全距不足，V9.1am U／實際畫面驗收未完成。,docs/work-items/v9.1am-bordered-editor-first-line-inset.md,待實際 UI 驗收
V9-1537,已共用,"背景引用已命名的 theme／AppTheme 色彩來源；用途與 Light／Dark 對照仍需畫面驗收。 凍結來源：.background(SailuneTheme.subtleSurface, in: RoundedRectangle(cornerRadius: 8))",docs/work-items/v9-frozen-inventory.md,來源色彩用途已分類；Light／Dark 與 hit-testing 待驗收
V9-1538,已共用,"背景引用已命名的 theme／AppTheme 色彩來源；用途與 Light／Dark 對照仍需畫面驗收。 凍結來源：.background(SailuneTheme.subtleSurface, in: RoundedRectangle(cornerRadius: 8))",docs/work-items/v9-frozen-inventory.md,來源色彩用途已分類；Light／Dark 與 hit-testing 待驗收
V9-1539,合理例外,畫面標題、欄位名稱或領域狀態的靜態文字；不是 Button／Menu 操作命令。,docs/work-items/v9-frozen-inventory.md,字面值／重複群已核對；實際文案與輔助描述待畫面驗收
V9-1540,已共用,"背景引用已命名的 theme／AppTheme 色彩來源；用途與 Light／Dark 對照仍需畫面驗收。 凍結來源：.background(SailuneTheme.subtleSurface, in: RoundedRectangle(cornerRadius: 8))",docs/work-items/v9-frozen-inventory.md,來源色彩用途已分類；Light／Dark 與 hit-testing 待驗收
V9-1541,已共用,"背景引用已命名的 theme／AppTheme 色彩來源；用途與 Light／Dark 對照仍需畫面驗收。 凍結來源：.background(SailuneTheme.subtleSurface, in: RoundedRectangle(cornerRadius: 8))",docs/work-items/v9-frozen-inventory.md,來源色彩用途已分類；Light／Dark 與 hit-testing 待驗收
V9-1542,合理例外,"原生文字 Button；領域字面標題另由 copy 家族核對是否同功能。保留 macOS 原生控制以承載此處 action；對應 button_style／copy ID 仍獨立審核，位置與實際命中須畫面驗收。凍結來源：Button(""不連結"") { setWorldTerm(nil, field: field) }",docs/work-items/v9-frozen-inventory.md,來源確認為文字 Button；位置／鍵盤焦點／實際命中及 Light／Dark 待驗收
V9-1543,合理例外,目前固定清單中僅此處使用的領域文案「不連結」；沒有同功能重複證據，保留具名畫面語境。,docs/work-items/v9-frozen-inventory.md,字面值／重複群已核對；實際文案與輔助描述待畫面驗收
V9-1544,合理例外,"來源以 SwiftUI 原生 Button 的標題參數承載文字或文字加圖標；保留原生角色／焦點／可用狀態，文案與圖標分別由固定 copy／symbol ID 審核，不為此控制另造相同 Button 外殼。來源：Button(term.name.isEmpty ? ""未命名條目"" : term.name) { setWorldTerm(term, field: field) }",docs/work-items/v9-frozen-inventory.md,來源原生標題按鈕已核對；位置／實際 hit-test／鍵盤與 Light／Dark 待驗收
V9-1545,合理例外,畫面標題、欄位名稱或領域狀態的靜態文字；不是 Button／Menu 操作命令。,docs/work-items/v9-frozen-inventory.md,字面值／重複群已核對；實際文案與輔助描述待畫面驗收
V9-1546,合理例外,畫面標題、欄位名稱或領域狀態的靜態文字；不是 Button／Menu 操作命令。,docs/work-items/v9-frozen-inventory.md,字面值／重複群已核對；實際文案與輔助描述待畫面驗收
V9-1547,已共用,V9.1aq 已接 SailuneFormTextField；原 Binding、區塊與操作不變，圓角樣式由共用元件提供。,docs/work-items/v9.1aq-power-rounded-fields.md,八個來源及主機無簽章 macOS Debug build、git diff --check 通過；GUI／CJK／首行待驗收
V9-1548,已共用,V9.1aq 已接 SailuneFormTextField；原 Binding、區塊與操作不變，圓角樣式由共用元件提供。,docs/work-items/v9.1aq-power-rounded-fields.md,八個來源及主機無簽章 macOS Debug build、git diff --check 通過；GUI／CJK／首行待驗收
V9-1549,已共用,V9.1aq 已接 SailuneFormTextField；原 Binding、區塊與操作不變，圓角樣式由共用元件提供。,docs/work-items/v9.1aq-power-rounded-fields.md,八個來源及主機無簽章 macOS Debug build、git diff --check 通過；GUI／CJK／首行待驗收
V9-1550,已共用,"背景引用已命名的 theme／AppTheme 色彩來源；用途與 Light／Dark 對照仍需畫面驗收。 凍結來源：.background(SailuneTheme.subtleSurface, in: RoundedRectangle(cornerRadius: 8))",docs/work-items/v9-frozen-inventory.md,來源色彩用途已分類；Light／Dark 與 hit-testing 待驗收
V9-1551,已共用,"背景引用已命名的 theme／AppTheme 色彩來源；用途與 Light／Dark 對照仍需畫面驗收。 凍結來源：.background(SailuneTheme.subtleSurface, in: RoundedRectangle(cornerRadius: 8))",docs/work-items/v9-frozen-inventory.md,來源色彩用途已分類；Light／Dark 與 hit-testing 待驗收
V9-1552,合理例外,畫面標題、欄位名稱或領域狀態的靜態文字；不是 Button／Menu 操作命令。,docs/work-items/v9-frozen-inventory.md,字面值／重複群已核對；實際文案與輔助描述待畫面驗收
V9-1553,已共用,V9.1aq 已接 SailuneFormTextField；原 Binding、區塊與操作不變，圓角樣式由共用元件提供。,docs/work-items/v9.1aq-power-rounded-fields.md,八個來源及主機無簽章 macOS Debug build、git diff --check 通過；GUI／CJK／首行待驗收
V9-1554,待共用,"純圖標或 iconOnly 按鈕候選；依凍結位置核對 28 pt 命中、間距、help／accessibility、原 action 及禁用條件。 凍結來源：Button(role: .destructive) { settingsStore.removeLifecycleEvent(event, bookID: book.id) } label: { Image(systemName: SailuneSymbol.removeEntry.systemN",docs/work-items/v9-frozen-inventory.md,來源按鈕型態已列；實際命中／鍵盤／Light／Dark 待驗收
V9-1555,已共用,來源已讀取 SailuneSymbol 語意 key；同功能字形是否一致依集中表與畫面驗收。,docs/work-items/v9-frozen-inventory.md,來源語意已複核；字形與輔助功能畫面驗收待完成
V9-1556,待共用,原生 .plain 樣式常見於圖標／整列控制；需與對應 Button ID 一起核對角色、28 pt 命中及是否需具名共用 variant。,docs/work-items/v9-frozen-inventory.md,來源 style 已核對；實際 hit-test／Light／Dark 待驗收
V9-1557,已共用,V9.1aq 已接 SailuneFormTextField；原 Binding、區塊與操作不變，圓角樣式由共用元件提供。,docs/work-items/v9.1aq-power-rounded-fields.md,八個來源及主機無簽章 macOS Debug build、git diff --check 通過；GUI／CJK／首行待驗收
V9-1558,合理例外,目前固定清單中僅此處使用的領域文案「新增生命週期事件」；沒有同功能重複證據，保留具名畫面語境。,docs/work-items/v9-frozen-inventory.md,字面值／重複群已核對；實際文案與輔助描述待畫面驗收
V9-1559,合理例外,來源以 SwiftUI 原生 Button 的標題參數承載文字或文字加圖標；保留原生角色／焦點／可用狀態，文案與圖標分別由固定 copy／symbol ID 審核，不為此控制另造相同 Button 外殼。來源：ForEach(PowerLifecycleKind.allCases) { kind in Button(kind.title) { addLifecycleEvent(kind) } },docs/work-items/v9-frozen-inventory.md,來源原生標題按鈕已核對；位置／實際 hit-test／鍵盤與 Light／Dark 待驗收
V9-1560,待共用,原生 .borderless 樣式常見於圖標／整列控制；需與對應 Button ID 一起核對角色、28 pt 命中及是否需具名共用 variant。,docs/work-items/v9-frozen-inventory.md,來源 style 已核對；實際 hit-test／Light／Dark 待驗收
V9-1561,合理例外,目前固定清單中僅此處使用的領域文案「加入前身」；沒有同功能重複證據，保留具名畫面語境。,docs/work-items/v9-frozen-inventory.md,字面值／重複群已核對；實際文案與輔助描述待畫面驗收
V9-1562,合理例外,"來源以 SwiftUI 原生 Button 的標題參數承載文字或文字加圖標；保留原生角色／焦點／可用狀態，文案與圖標分別由固定 copy／symbol ID 審核，不為此控制另造相同 Button 外殼。來源：Menu(""加入前身"") { ForEach(powers.filter { $0.id != power.id }) { candidate in Button(candidate.name) { addSuccession(predecessor: candidate, successor: power) } } }",docs/work-items/v9-frozen-inventory.md,來源原生標題按鈕已核對；位置／實際 hit-test／鍵盤與 Light／Dark 待驗收
V9-1563,合理例外,目前固定清單中僅此處使用的領域文案「加入後繼」；沒有同功能重複證據，保留具名畫面語境。,docs/work-items/v9-frozen-inventory.md,字面值／重複群已核對；實際文案與輔助描述待畫面驗收
V9-1564,合理例外,"來源以 SwiftUI 原生 Button 的標題參數承載文字或文字加圖標；保留原生角色／焦點／可用狀態，文案與圖標分別由固定 copy／symbol ID 審核，不為此控制另造相同 Button 外殼。來源：Menu(""加入後繼"") { ForEach(powers.filter { $0.id != power.id }) { candidate in Button(candidate.name) { addSuccession(predecessor: power, successor: candidate) } } }",docs/work-items/v9-frozen-inventory.md,來源原生標題按鈕已核對；位置／實際 hit-test／鍵盤與 Light／Dark 待驗收
V9-1565,待共用,原生 .borderless 樣式常見於圖標／整列控制；需與對應 Button ID 一起核對角色、28 pt 命中及是否需具名共用 variant。,docs/work-items/v9-frozen-inventory.md,來源 style 已核對；實際 hit-test／Light／Dark 待驗收
V9-1566,待共用,"純圖標或 iconOnly 按鈕候選；依凍結位置核對 28 pt 命中、間距、help／accessibility、原 action 及禁用條件。 凍結來源：Button(role: .destructive) { settingsStore.removeSuccession(link, bookID: book.id) } label: { Image(systemName: SailuneSymbol.removeAssociation.system",docs/work-items/v9-frozen-inventory.md,來源按鈕型態已列；實際命中／鍵盤／Light／Dark 待驗收
V9-1567,已共用,來源已讀取 SailuneSymbol 語意 key；同功能字形是否一致依集中表與畫面驗收。,docs/work-items/v9-frozen-inventory.md,來源語意已複核；字形與輔助功能畫面驗收待完成
V9-1568,待共用,原生 .plain 樣式常見於圖標／整列控制；需與對應 Button ID 一起核對角色、28 pt 命中及是否需具名共用 variant。,docs/work-items/v9-frozen-inventory.md,來源 style 已核對；實際 hit-test／Light／Dark 待驗收
V9-1569,已共用,V9.1aq 已接 SailuneFormTextField；原 Binding、區塊與操作不變，圓角樣式由共用元件提供。,docs/work-items/v9.1aq-power-rounded-fields.md,八個來源及主機無簽章 macOS Debug build、git diff --check 通過；GUI／CJK／首行待驗收
V9-1570,已共用,"背景引用已命名的 theme／AppTheme 色彩來源；用途與 Light／Dark 對照仍需畫面驗收。 凍結來源：.background(SailuneTheme.subtleSurface, in: RoundedRectangle(cornerRadius: 8))",docs/work-items/v9-frozen-inventory.md,來源色彩用途已分類；Light／Dark 與 hit-testing 待驗收
V9-1571,已共用,"背景引用已命名的 theme／AppTheme 色彩來源；用途與 Light／Dark 對照仍需畫面驗收。 凍結來源：.background(SailuneTheme.subtleSurface, in: RoundedRectangle(cornerRadius: 8))",docs/work-items/v9-frozen-inventory.md,來源色彩用途已分類；Light／Dark 與 hit-testing 待驗收
V9-1572,合理例外,畫面標題、欄位名稱或領域狀態的靜態文字；不是 Button／Menu 操作命令。,docs/work-items/v9-frozen-inventory.md,字面值／重複群已核對；實際文案與輔助描述待畫面驗收
V9-1573,合理例外,畫面標題、欄位名稱或領域狀態的靜態文字；不是 Button／Menu 操作命令。,docs/work-items/v9-frozen-inventory.md,字面值／重複群已核對；實際文案與輔助描述待畫面驗收
V9-1574,已共用,"背景引用已命名的 theme／AppTheme 色彩來源；用途與 Light／Dark 對照仍需畫面驗收。 凍結來源：.background(SailuneTheme.subtleSurface, in: RoundedRectangle(cornerRadius: 8))",docs/work-items/v9-frozen-inventory.md,來源色彩用途已分類；Light／Dark 與 hit-testing 待驗收
V9-1575,已共用,"背景引用已命名的 theme／AppTheme 色彩來源；用途與 Light／Dark 對照仍需畫面驗收。 凍結來源：.background(SailuneTheme.subtleSurface, in: RoundedRectangle(cornerRadius: 8))",docs/work-items/v9-frozen-inventory.md,來源色彩用途已分類；Light／Dark 與 hit-testing 待驗收
V9-1576,合理例外,目前固定清單中僅此處使用的領域文案「連接\(kind.title)」；沒有同功能重複證據，保留具名畫面語境。,docs/work-items/v9-frozen-inventory.md,字面值／重複群已核對；實際文案與輔助描述待畫面驗收
V9-1577,合理例外,畫面標題、欄位名稱或領域狀態的靜態文字；不是 Button／Menu 操作命令。,docs/work-items/v9-frozen-inventory.md,字面值／重複群已核對；實際文案與輔助描述待畫面驗收
V9-1578,合理例外,"來源以 SwiftUI 原生 Button 的標題參數承載文字或文字加圖標；保留原生角色／焦點／可用狀態，文案與圖標分別由固定 copy／symbol ID 審核，不為此控制另造相同 Button 外殼。來源：Button(source.name) { addAsset(kind: kind, sourceID: source.id) }",docs/work-items/v9-frozen-inventory.md,來源原生標題按鈕已核對；位置／實際 hit-test／鍵盤與 Light／Dark 待驗收
V9-1579,待共用,原生 .borderless 樣式常見於圖標／整列控制；需與對應 Button ID 一起核對角色、28 pt 命中及是否需具名共用 variant。,docs/work-items/v9-frozen-inventory.md,來源 style 已核對；實際 hit-test／Light／Dark 待驗收
V9-1580,待共用,"純圖標或 iconOnly 按鈕候選；依凍結位置核對 28 pt 命中、間距、help／accessibility、原 action 及禁用條件。 凍結來源：Button(role: .destructive) { settingsStore.removeAsset(asset, bookID: book.id) } label: { Image(systemName: SailuneSymbol.removeAssociation.systemName",docs/work-items/v9-frozen-inventory.md,來源按鈕型態已列；實際命中／鍵盤／Light／Dark 待驗收
V9-1581,已共用,來源已讀取 SailuneSymbol 語意 key；同功能字形是否一致依集中表與畫面驗收。,docs/work-items/v9-frozen-inventory.md,來源語意已複核；字形與輔助功能畫面驗收待完成
V9-1582,待共用,原生 .plain 樣式常見於圖標／整列控制；需與對應 Button ID 一起核對角色、28 pt 命中及是否需具名共用 variant。,docs/work-items/v9-frozen-inventory.md,來源 style 已核對；實際 hit-test／Light／Dark 待驗收
V9-1583,合理例外,畫面標題、欄位名稱或領域狀態的靜態文字；不是 Button／Menu 操作命令。,docs/work-items/v9-frozen-inventory.md,字面值／重複群已核對；實際文案與輔助描述待畫面驗收
V9-1584,合理例外,畫面標題、欄位名稱或領域狀態的靜態文字；不是 Button／Menu 操作命令。,docs/work-items/v9-frozen-inventory.md,字面值／重複群已核對；實際文案與輔助描述待畫面驗收
V9-1585,合理例外,原生文字 Button；已使用 SailuneActionCopy 共用標題。保留 macOS 原生控制以承載此處 action；對應 button_style／copy ID 仍獨立審核，位置與實際命中須畫面驗收。凍結來源：Button(SailuneActionCopy.add) { addAdvantage(kind: kind) }.buttonStyle(.borderless),docs/work-items/v9-frozen-inventory.md,來源確認為文字 Button；位置／鍵盤焦點／實際命中及 Light／Dark 待驗收
V9-1586,已共用,已讀取 SailuneActionCopy 或位於其實作；原中文值由集中資源提供。,docs/work-items/v9-frozen-inventory.md,字面值／重複群已核對；實際文案與輔助描述待畫面驗收
V9-1587,待共用,原生 .borderless 樣式常見於圖標／整列控制；需與對應 Button ID 一起核對角色、28 pt 命中及是否需具名共用 variant。,docs/work-items/v9-frozen-inventory.md,來源 style 已核對；實際 hit-test／Light／Dark 待驗收
V9-1588,已共用,V9.1aq 已接 SailuneFormTextField；原 Binding、區塊與操作不變，圓角樣式由共用元件提供。,docs/work-items/v9.1aq-power-rounded-fields.md,八個來源及主機無簽章 macOS Debug build、git diff --check 通過；GUI／CJK／首行待驗收
V9-1589,待共用,"純圖標或 iconOnly 按鈕候選；依凍結位置核對 28 pt 命中、間距、help／accessibility、原 action 及禁用條件。 凍結來源：Button(role: .destructive) { settingsStore.removeAdvantage(advantage, bookID: book.id) } label: { Image(systemName: SailuneSymbol.removeEntry.systemNa",docs/work-items/v9-frozen-inventory.md,來源按鈕型態已列；實際命中／鍵盤／Light／Dark 待驗收
V9-1590,已共用,來源已讀取 SailuneSymbol 語意 key；同功能字形是否一致依集中表與畫面驗收。,docs/work-items/v9-frozen-inventory.md,來源語意已複核；字形與輔助功能畫面驗收待完成
V9-1591,待共用,原生 .plain 樣式常見於圖標／整列控制；需與對應 Button ID 一起核對角色、28 pt 命中及是否需具名共用 variant。,docs/work-items/v9-frozen-inventory.md,來源 style 已核對；實際 hit-test／Light／Dark 待驗收
V9-1592,已共用,V9.1aq 已接 SailuneFormTextField；原 Binding、區塊與操作不變，圓角樣式由共用元件提供。,docs/work-items/v9.1aq-power-rounded-fields.md,八個來源及主機無簽章 macOS Debug build、git diff --check 通過；GUI／CJK／首行待驗收
V9-1593,已共用,"背景引用已命名的 theme／AppTheme 色彩來源；用途與 Light／Dark 對照仍需畫面驗收。 凍結來源：.background(SailuneTheme.subtleSurface, in: RoundedRectangle(cornerRadius: 8))",docs/work-items/v9-frozen-inventory.md,來源色彩用途已分類；Light／Dark 與 hit-testing 待驗收
V9-1594,已共用,"背景引用已命名的 theme／AppTheme 色彩來源；用途與 Light／Dark 對照仍需畫面驗收。 凍結來源：.background(SailuneTheme.subtleSurface, in: RoundedRectangle(cornerRadius: 8))",docs/work-items/v9-frozen-inventory.md,來源色彩用途已分類；Light／Dark 與 hit-testing 待驗收
V9-1595,合理例外,領域 catch 在同一來源行明確顯示錯誤、拋出具名錯誤或 private 記錄；其資料結果依原領域契約保留，沒有共用 catch 外殼的必要。原語句：catch { errorMessage = error.localizedDescription },docs/work-items/v9-frozen-inventory.md,來源已見明確錯誤出口；故障注入與 GUI 呈現尚待驗收
V9-1596,合理例外,領域 catch 在同一來源行明確顯示錯誤、拋出具名錯誤或 private 記錄；其資料結果依原領域契約保留，沒有共用 catch 外殼的必要。原語句：catch { errorMessage = error.localizedDescription },docs/work-items/v9-frozen-inventory.md,來源已見明確錯誤出口；故障注入與 GUI 呈現尚待驗收
V9-1597,合理例外,畫面標題、欄位名稱或領域狀態的靜態文字；不是 Button／Menu 操作命令。,docs/work-items/v9-frozen-inventory.md,字面值／重複群已核對；實際文案與輔助描述待畫面驗收
V9-1598,待共用,"純圖標或 iconOnly 按鈕候選；依凍結位置核對 28 pt 命中、間距、help／accessibility、原 action 及禁用條件。 凍結來源：Button(role: .destructive) { settingsStore.removeMember(member, bookID: book.id) } label: { Image(systemName: SailuneSymbol.removeAssociation.systemNa",docs/work-items/v9-frozen-inventory.md,來源按鈕型態已列；實際命中／鍵盤／Light／Dark 待驗收
V9-1599,已共用,來源已讀取 SailuneSymbol 語意 key；同功能字形是否一致依集中表與畫面驗收。,docs/work-items/v9-frozen-inventory.md,來源語意已複核；字形與輔助功能畫面驗收待完成
V9-1600,待共用,原生 .plain 樣式常見於圖標／整列控制；需與對應 Button ID 一起核對角色、28 pt 命中及是否需具名共用 variant。,docs/work-items/v9-frozen-inventory.md,來源 style 已核對；實際 hit-test／Light／Dark 待驗收
V9-1601,合理例外,畫面標題、欄位名稱或領域狀態的靜態文字；不是 Button／Menu 操作命令。,docs/work-items/v9-frozen-inventory.md,字面值／重複群已核對；實際文案與輔助描述待畫面驗收
V9-1602,合理例外,畫面標題、欄位名稱或領域狀態的靜態文字；不是 Button／Menu 操作命令。,docs/work-items/v9-frozen-inventory.md,字面值／重複群已核對；實際文案與輔助描述待畫面驗收
V9-1603,合理例外,勢力成員卡片的職務欄位與領導 toggle、職務狀態 Picker 同列，Binding 直接呼叫 settingsStore.save()；沒有一般圓角欄的呈現契約，保留原生列內欄。,docs/work-items/v9-frozen-inventory.md,來源列內樣式與保存入口已核對；GUI／CJK／focus 待驗收
V9-1604,待共用,"純圖標或 iconOnly 按鈕候選；依凍結位置核對 28 pt 命中、間距、help／accessibility、原 action 及禁用條件。 凍結來源：Button(role: .destructive) { settingsStore.removeRole(role, bookID: book.id) } label: { Image(systemName: SailuneSymbol.removeEntry.systemName) }.butt",docs/work-items/v9-frozen-inventory.md,來源按鈕型態已列；實際命中／鍵盤／Light／Dark 待驗收
V9-1605,已共用,來源已讀取 SailuneSymbol 語意 key；同功能字形是否一致依集中表與畫面驗收。,docs/work-items/v9-frozen-inventory.md,來源語意已複核；字形與輔助功能畫面驗收待完成
V9-1606,待共用,原生 .plain 樣式常見於圖標／整列控制；需與對應 Button ID 一起核對角色、28 pt 命中及是否需具名共用 variant。,docs/work-items/v9-frozen-inventory.md,來源 style 已核對；實際 hit-test／Light／Dark 待驗收
V9-1607,合理例外,畫面標題、欄位名稱或領域狀態的靜態文字；不是 Button／Menu 操作命令。,docs/work-items/v9-frozen-inventory.md,字面值／重複群已核對；實際文案與輔助描述待畫面驗收
V9-1608,合理例外,畫面標題、欄位名稱或領域狀態的靜態文字；不是 Button／Menu 操作命令。,docs/work-items/v9-frozen-inventory.md,字面值／重複群已核對；實際文案與輔助描述待畫面驗收
V9-1609,已共用,V9.1av 已把原色值來源改讀 SailuneTheme.insetRowSurface，保留原 shape、opacity 與層級；雙重 regex ID 指向同一色值表達式時共同標記。,docs/work-items/v9.1av-frozen-surfaces.md,21 個現行來源、原色值、無簽章 macOS Debug build 與 git diff --check 通過；Light／Dark／hover 實際畫面待驗收
V9-1610,已共用,V9.1av 已把原色值來源改讀 SailuneTheme.insetRowSurface，保留原 shape、opacity 與層級；雙重 regex ID 指向同一色值表達式時共同標記。,docs/work-items/v9.1av-frozen-surfaces.md,21 個現行來源、原色值、無簽章 macOS Debug build 與 git diff --check 通過；Light／Dark／hover 實際畫面待驗收
V9-1611,合理例外,"來源以 SwiftUI 原生 Button 的標題參數承載文字或文字加圖標；保留原生角色／焦點／可用狀態，文案與圖標分別由固定 copy／symbol ID 審核，不為此控制另造相同 Button 外殼。來源：Button(""新增職務"", systemImage: SailuneSymbol.add.systemName) { addRole(member) }.buttonStyle(.borderless)",docs/work-items/v9-frozen-inventory.md,來源原生標題按鈕已核對；位置／實際 hit-test／鍵盤與 Light／Dark 待驗收
V9-1612,合理例外,目前固定清單中僅此處使用的領域文案「新增職務」；沒有同功能重複證據，保留具名畫面語境。,docs/work-items/v9-frozen-inventory.md,字面值／重複群已核對；實際文案與輔助描述待畫面驗收
V9-1613,已共用,來源已讀取 SailuneSymbol 語意 key；同功能字形是否一致依集中表與畫面驗收。,docs/work-items/v9-frozen-inventory.md,來源語意已複核；字形與輔助功能畫面驗收待完成
V9-1614,待共用,原生 .borderless 樣式常見於圖標／整列控制；需與對應 Button ID 一起核對角色、28 pt 命中及是否需具名共用 variant。,docs/work-items/v9-frozen-inventory.md,來源 style 已核對；實際 hit-test／Light／Dark 待驗收
V9-1615,合理例外,"來源以 SwiftUI 原生 Button 的標題參數承載文字或文字加圖標；保留原生角色／焦點／可用狀態，文案與圖標分別由固定 copy／symbol ID 審核，不為此控制另造相同 Button 外殼。來源：Button(character.realName.isEmpty ? ""未命名角色"" : character.realName) { selectedCharacterID = character.id }",docs/work-items/v9-frozen-inventory.md,來源原生標題按鈕已核對；位置／實際 hit-test／鍵盤與 Light／Dark 待驗收
V9-1616,合理例外,勢力成員的手寫職稱在加入成員 HStack 中，與選擇角色及加入 action 同列，未設定一般圓角樣式。 此例外只涵蓋欄位共用外殼，首行／focus GUI 仍依驗收清單檢查。,docs/work-items/v9-frozen-inventory.md,來源欄位與父容器契約已核對；CJK／focus／首行 GUI 待驗收
V9-1617,合理例外,"原生文字 Button；領域字面標題另由 copy 家族核對是否同功能。保留 macOS 原生控制以承載此處 action；對應 button_style／copy ID 仍獨立審核，位置與實際命中須畫面驗收。凍結來源：Button(""加入"") { addMember() }.disabled(selectedCharacterID == nil)",docs/work-items/v9-frozen-inventory.md,來源確認為文字 Button；位置／鍵盤焦點／實際命中及 Light／Dark 待驗收
V9-1618,合理例外,目前固定清單中僅此處使用的領域文案「加入」；沒有同功能重複證據，保留具名畫面語境。,docs/work-items/v9-frozen-inventory.md,字面值／重複群已核對；實際文案與輔助描述待畫面驗收
V9-1619,已共用,"背景引用已命名的 theme／AppTheme 色彩來源；用途與 Light／Dark 對照仍需畫面驗收。 凍結來源：.background(SailuneTheme.subtleSurface, in: RoundedRectangle(cornerRadius: 8))",docs/work-items/v9-frozen-inventory.md,來源色彩用途已分類；Light／Dark 與 hit-testing 待驗收
V9-1620,已共用,"背景引用已命名的 theme／AppTheme 色彩來源；用途與 Light／Dark 對照仍需畫面驗收。 凍結來源：.background(SailuneTheme.subtleSurface, in: RoundedRectangle(cornerRadius: 8))",docs/work-items/v9-frozen-inventory.md,來源色彩用途已分類；Light／Dark 與 hit-testing 待驗收
V9-1621,合理例外,領域 catch 在同一來源行明確顯示錯誤、拋出具名錯誤或 private 記錄；其資料結果依原領域契約保留，沒有共用 catch 外殼的必要。原語句：catch { errorMessage = error.localizedDescription },docs/work-items/v9-frozen-inventory.md,來源已見明確錯誤出口；故障注入與 GUI 呈現尚待驗收
V9-1622,合理例外,領域 catch 在同一來源行明確顯示錯誤、拋出具名錯誤或 private 記錄；其資料結果依原領域契約保留，沒有共用 catch 外殼的必要。原語句：} catch { errorMessage = error.localizedDescription },docs/work-items/v9-frozen-inventory.md,來源已見明確錯誤出口；故障注入與 GUI 呈現尚待驗收
V9-1623,合理例外,"領域 catch 在同一來源行明確顯示錯誤、拋出具名錯誤或 private 記錄；其資料結果依原領域契約保留，沒有共用 catch 外殼的必要。原語句：do { try settingsStore.addRole(to: member, bookID: book.id) } catch { errorMessage = error.localizedDescription }",docs/work-items/v9-frozen-inventory.md,來源已見明確錯誤出口；故障注入與 GUI 呈現尚待驗收
V9-1624,合理例外,"領域 catch 在同一來源行明確顯示錯誤、拋出具名錯誤或 private 記錄；其資料結果依原領域契約保留，沒有共用 catch 外殼的必要。原語句：do { try settingsStore.addLifecycleEvent(to: power, kind: kind, bookID: book.id) } catch { errorMessage = error.localizedDescription }",docs/work-items/v9-frozen-inventory.md,來源已見明確錯誤出口；故障注入與 GUI 呈現尚待驗收
V9-1625,合理例外,"領域 catch 在同一來源行明確顯示錯誤、拋出具名錯誤或 private 記錄；其資料結果依原領域契約保留，沒有共用 catch 外殼的必要。原語句：do { try settingsStore.addSuccession(predecessor: predecessor, successor: successor, kind: transitionKind, bookID: book.id) } catch { errorMessage = error.localizedDescription }",docs/work-items/v9-frozen-inventory.md,來源已見明確錯誤出口；故障注入與 GUI 呈現尚待驗收
V9-1626,合理例外,catch 明確設定錯誤呈現／狀態，保留領域提示；此處是領域失敗處理，不宜僅為共用化抽成統一資料 action。來源分支：errorMessage = error.localizedDescription,docs/work-items/v9-frozen-inventory.md,來源分支已複核；故障注入或 GUI 呈現仍待相關驗收
V9-1627,合理例外,catch 明確設定錯誤呈現／狀態，保留領域提示；此處是領域失敗處理，不宜僅為共用化抽成統一資料 action。來源分支：errorMessage = error.localizedDescription,docs/work-items/v9-frozen-inventory.md,來源分支已複核；故障注入或 GUI 呈現仍待相關驗收
V9-1628,合理例外,畫面標題、欄位名稱或領域狀態的靜態文字；不是 Button／Menu 操作命令。,docs/work-items/v9-frozen-inventory.md,字面值／重複群已核對；實際文案與輔助描述待畫面驗收
V9-1629,合理例外,畫面標題、欄位名稱或領域狀態的靜態文字；不是 Button／Menu 操作命令。,docs/work-items/v9-frozen-inventory.md,字面值／重複群已核對；實際文案與輔助描述待畫面驗收
V9-1630,合理例外,新增非隸屬關係的原生 Form 欄位，保留平台表單樣式。 此例外只涵蓋欄位共用外殼，首行／focus GUI 仍依驗收清單檢查。,docs/work-items/v9-frozen-inventory.md,來源欄位與父容器契約已核對；CJK／focus／首行 GUI 待驗收
V9-1631,合理例外,原生文字 Button；已使用 SailuneActionCopy 共用標題。保留 macOS 原生控制以承載此處 action；對應 button_style／copy ID 仍獨立審核，位置與實際命中須畫面驗收。凍結來源：ToolbarItem(placement: .cancellationAction) { Button(SailuneActionCopy.cancel) { dismiss() } },docs/work-items/v9-frozen-inventory.md,來源確認為文字 Button；位置／鍵盤焦點／實際命中及 Light／Dark 待驗收
V9-1632,已共用,已讀取 SailuneActionCopy 或位於其實作；原中文值由集中資源提供。,docs/work-items/v9-frozen-inventory.md,字面值／重複群已核對；實際文案與輔助描述待畫面驗收
V9-1633,合理例外,"原生文字 Button；已使用 SailuneActionCopy 共用標題。保留 macOS 原生控制以承載此處 action；對應 button_style／copy ID 仍獨立審核，位置與實際命中須畫面驗收。凍結來源：Button(SailuneActionCopy.add, action: save).disabled(selectedPowerID == nil)",docs/work-items/v9-frozen-inventory.md,來源確認為文字 Button；位置／鍵盤焦點／實際命中及 Light／Dark 待驗收
V9-1634,已共用,已讀取 SailuneActionCopy 或位於其實作；原中文值由集中資源提供。,docs/work-items/v9-frozen-inventory.md,字面值／重複群已核對；實際文案與輔助描述待畫面驗收
V9-1635,已共用,來源已讀取 SailuneSymbol 語意 key；同功能字形是否一致依集中表與畫面驗收。,docs/work-items/v9-frozen-inventory.md,來源語意已複核；字形與輔助功能畫面驗收待完成
V9-1636,合理例外,畫面標題、欄位名稱或領域狀態的靜態文字；不是 Button／Menu 操作命令。,docs/work-items/v9-frozen-inventory.md,字面值／重複群已核對；實際文案與輔助描述待畫面驗收
V9-1637,待共用,原生 .plain 樣式常見於圖標／整列控制；需與對應 Button ID 一起核對角色、28 pt 命中及是否需具名共用 variant。,docs/work-items/v9-frozen-inventory.md,來源 style 已核對；實際 hit-test／Light／Dark 待驗收
V9-1638,合理例外,畫面標題、欄位名稱或領域狀態的靜態文字；不是 Button／Menu 操作命令。,docs/work-items/v9-frozen-inventory.md,字面值／重複群已核對；實際文案與輔助描述待畫面驗收
V9-1639,合理例外,原生文字 Button；已使用 SailuneActionCopy 共用標題。保留 macOS 原生控制以承載此處 action；對應 button_style／copy ID 仍獨立審核，位置與實際命中須畫面驗收。凍結來源：Button(SailuneActionCopy.done) { dismiss() },docs/work-items/v9-frozen-inventory.md,來源確認為文字 Button；位置／鍵盤焦點／實際命中及 Light／Dark 待驗收
V9-1640,已共用,已讀取 SailuneActionCopy 或位於其實作；原中文值由集中資源提供。,docs/work-items/v9-frozen-inventory.md,字面值／重複群已核對；實際文案與輔助描述待畫面驗收
V9-1641,合理例外,畫面標題、欄位名稱或領域狀態的靜態文字；不是 Button／Menu 操作命令。,docs/work-items/v9-frozen-inventory.md,字面值／重複群已核對；實際文案與輔助描述待畫面驗收
V9-1642,待共用,純圖標或 iconOnly 按鈕候選；依凍結位置核對 28 pt 命中、間距、help／accessibility、原 action 及禁用條件。 凍結來源：Button(role: .destructive) { confirmDelete = true } label: {,docs/work-items/v9-frozen-inventory.md,來源按鈕型態已列；實際命中／鍵盤／Light／Dark 待驗收
V9-1643,已共用,來源已讀取 SailuneSymbol 語意 key；同功能字形是否一致依集中表與畫面驗收。,docs/work-items/v9-frozen-inventory.md,來源語意已複核；字形與輔助功能畫面驗收待完成
V9-1644,待共用,原生 .plain 樣式常見於圖標／整列控制；需與對應 Button ID 一起核對角色、28 pt 命中及是否需具名共用 variant。,docs/work-items/v9-frozen-inventory.md,來源 style 已核對；實際 hit-test／Light／Dark 待驗收
V9-1645,待共用,"確認流程候選；需核對標題、破壞後果、取消、預設角色及 Store action，僅呈現外殼可共用。 凍結來源：.confirmationDialog(""刪除關係？"", isPresented: $confirmDelete) {",docs/work-items/v9-frozen-inventory.md,來源呈現類型已核對；失敗／取消／GUI 待驗收
V9-1646,合理例外,"來源以 SwiftUI 原生 Button 的標題參數承載文字或文字加圖標；保留原生角色／焦點／可用狀態，文案與圖標分別由固定 copy／symbol ID 審核，不為此控制另造相同 Button 外殼。來源：Button(SailuneActionCopy.delete, role: .destructive) {",docs/work-items/v9-frozen-inventory.md,來源原生標題按鈕已核對；位置／實際 hit-test／鍵盤與 Light／Dark 待驗收
V9-1647,已共用,已讀取 SailuneActionCopy 或位於其實作；原中文值由集中資源提供。,docs/work-items/v9-frozen-inventory.md,字面值／重複群已核對；實際文案與輔助描述待畫面驗收
V9-1648,合理例外,畫面標題、欄位名稱或領域狀態的靜態文字；不是 Button／Menu 操作命令。,docs/work-items/v9-frozen-inventory.md,字面值／重複群已核對；實際文案與輔助描述待畫面驗收
V9-1649,待共用,純圖標或 iconOnly 按鈕候選；依凍結位置核對 28 pt 命中、間距、help／accessibility、原 action 及禁用條件。 凍結來源：Button(role: .destructive) { confirmDelete = true } label: {,docs/work-items/v9-frozen-inventory.md,來源按鈕型態已列；實際命中／鍵盤／Light／Dark 待驗收
V9-1650,已共用,來源已讀取 SailuneSymbol 語意 key；同功能字形是否一致依集中表與畫面驗收。,docs/work-items/v9-frozen-inventory.md,來源語意已複核；字形與輔助功能畫面驗收待完成
V9-1651,待共用,原生 .plain 樣式常見於圖標／整列控制；需與對應 Button ID 一起核對角色、28 pt 命中及是否需具名共用 variant。,docs/work-items/v9-frozen-inventory.md,來源 style 已核對；實際 hit-test／Light／Dark 待驗收
V9-1652,待共用,"確認流程候選；需核對標題、破壞後果、取消、預設角色及 Store action，僅呈現外殼可共用。 凍結來源：.confirmationDialog(""刪除血緣關係？"", isPresented: $confirmDelete) {",docs/work-items/v9-frozen-inventory.md,來源呈現類型已核對；失敗／取消／GUI 待驗收
V9-1653,合理例外,"來源以 SwiftUI 原生 Button 的標題參數承載文字或文字加圖標；保留原生角色／焦點／可用狀態，文案與圖標分別由固定 copy／symbol ID 審核，不為此控制另造相同 Button 外殼。來源：Button(SailuneActionCopy.delete, role: .destructive) { deleteKinship() }",docs/work-items/v9-frozen-inventory.md,來源原生標題按鈕已核對；位置／實際 hit-test／鍵盤與 Light／Dark 待驗收
V9-1654,已共用,已讀取 SailuneActionCopy 或位於其實作；原中文值由集中資源提供。,docs/work-items/v9-frozen-inventory.md,字面值／重複群已核對；實際文案與輔助描述待畫面驗收
V9-1655,合理例外,畫面標題、欄位名稱或領域狀態的靜態文字；不是 Button／Menu 操作命令。,docs/work-items/v9-frozen-inventory.md,字面值／重複群已核對；實際文案與輔助描述待畫面驗收
V9-1656,合理例外,畫面標題、欄位名稱或領域狀態的靜態文字；不是 Button／Menu 操作命令。,docs/work-items/v9-frozen-inventory.md,字面值／重複群已核對；實際文案與輔助描述待畫面驗收
V9-1657,合理例外,新增角色關係的原生 Form 欄位，保留平台表單樣式。 此例外只涵蓋欄位共用外殼，首行／focus GUI 仍依驗收清單檢查。,docs/work-items/v9-frozen-inventory.md,來源欄位與父容器契約已核對；CJK／focus／首行 GUI 待驗收
V9-1658,合理例外,使用 axis: .vertical 或多行 lineLimit，具有與單行表單不同的高度、換行及輸入契約；保留原生多行 TextField。,docs/work-items/v9-frozen-inventory.md,來源分類已複核；具體 UI／資料驗收待完成
V9-1659,合理例外,畫面標題、欄位名稱或領域狀態的靜態文字；不是 Button／Menu 操作命令。,docs/work-items/v9-frozen-inventory.md,字面值／重複群已核對；實際文案與輔助描述待畫面驗收
V9-1660,合理例外,原生文字 Button；已使用 SailuneActionCopy 共用標題。保留 macOS 原生控制以承載此處 action；對應 button_style／copy ID 仍獨立審核，位置與實際命中須畫面驗收。凍結來源：Button(SailuneActionCopy.cancel) { dismiss() }.keyboardShortcut(.cancelAction),docs/work-items/v9-frozen-inventory.md,來源確認為文字 Button；位置／鍵盤焦點／實際命中及 Light／Dark 待驗收
V9-1661,已共用,已讀取 SailuneActionCopy 或位於其實作；原中文值由集中資源提供。,docs/work-items/v9-frozen-inventory.md,字面值／重複群已核對；實際文案與輔助描述待畫面驗收
V9-1662,合理例外,"原生文字 Button；領域字面標題另由 copy 家族核對是否同功能。保留 macOS 原生控制以承載此處 action；對應 button_style／copy ID 仍獨立審核，位置與實際命中須畫面驗收。凍結來源：Button(""建立"", action: create)",docs/work-items/v9-frozen-inventory.md,來源確認為文字 Button；位置／鍵盤焦點／實際命中及 Light／Dark 待驗收
V9-1663,已共用,"V9.1ao 已依凍結 ID 將原操作標題接至 SailuneActionCopy，原繁體中文值、closure、role、style 及圖標不變；現行來源：Button(SailuneActionCopy.create, action: create)",docs/work-items/v9.1ao-repeated-action-copy.md,65 個固定 ID 靜態核對、String Catalog JSON 及主機無簽章 Debug build 通過；GUI／VoiceOver 待驗收
V9-1664,合理例外,"原生文字 Button；領域字面標題另由 copy 家族核對是否同功能。保留 macOS 原生控制以承載此處 action；對應 button_style／copy ID 仍獨立審核，位置與實際命中須畫面驗收。凍結來源：Button(""不選擇"") {",docs/work-items/v9-frozen-inventory.md,來源確認為文字 Button；位置／鍵盤焦點／實際命中及 Light／Dark 待驗收
V9-1665,已共用,V9.1ao 已依凍結 ID 將原操作標題接至 SailuneActionCopy，原繁體中文值、closure、role、style 及圖標不變；現行來源：Button(SailuneActionCopy.clearSelection) {,docs/work-items/v9.1ao-repeated-action-copy.md,65 個固定 ID 靜態核對、String Catalog JSON 及主機無簽章 Debug build 通過；GUI／VoiceOver 待驗收
V9-1666,合理例外,"原生文字 Button；領域字面標題另由 copy 家族核對是否同功能。保留 macOS 原生控制以承載此處 action；對應 button_style／copy ID 仍獨立審核，位置與實際命中須畫面驗收。凍結來源：Button(""選擇\(displayedPreset.title)"") {",docs/work-items/v9-frozen-inventory.md,來源確認為文字 Button；位置／鍵盤焦點／實際命中及 Light／Dark 待驗收
V9-1667,已共用,V9.1ao 已依凍結 ID 將原操作標題接至 SailuneActionCopy，原繁體中文值、closure、role、style 及圖標不變；現行來源：Button(SailuneActionCopy.selectPreset(displayedPreset.title)) {,docs/work-items/v9.1ao-repeated-action-copy.md,65 個固定 ID 靜態核對、String Catalog JSON 及主機無簽章 Debug build 通過；GUI／VoiceOver 待驗收
V9-1668,合理例外,採 macOS 原生 .borderedProminent 樣式，保留平台語意；此例外只涵蓋 style，按鈕位置／命中與操作文案仍依對應 Button ID 驗收。,docs/work-items/v9-frozen-inventory.md,來源 style 已核對；實際 hit-test／Light／Dark 待驗收
V9-1669,合理例外,採系統材質／bar 背景，語意與固定表面色不同；保留平台呈現。 凍結來源：.background(.bar),docs/work-items/v9-frozen-inventory.md,來源色彩用途已分類；Light／Dark 與 hit-testing 待驗收
V9-1670,已共用,來源已讀取 SailuneSymbol 語意 key；同功能字形是否一致依集中表與畫面驗收。,docs/work-items/v9-frozen-inventory.md,來源語意已複核；字形與輔助功能畫面驗收待完成
V9-1671,合理例外,原生文字 Button；已使用 SailuneActionCopy 共用標題。保留 macOS 原生控制以承載此處 action；對應 button_style／copy ID 仍獨立審核，位置與實際命中須畫面驗收。凍結來源：Button(SailuneActionCopy.close) { dismiss() },docs/work-items/v9-frozen-inventory.md,來源確認為文字 Button；位置／鍵盤焦點／實際命中及 Light／Dark 待驗收
V9-1672,已共用,已讀取 SailuneActionCopy 或位於其實作；原中文值由集中資源提供。,docs/work-items/v9-frozen-inventory.md,字面值／重複群已核對；實際文案與輔助描述待畫面驗收
V9-1673,合理例外,畫面標題、欄位名稱或領域狀態的靜態文字；不是 Button／Menu 操作命令。,docs/work-items/v9-frozen-inventory.md,字面值／重複群已核對；實際文案與輔助描述待畫面驗收
V9-1674,合理例外,畫面標題、欄位名稱或領域狀態的靜態文字；不是 Button／Menu 操作命令。,docs/work-items/v9-frozen-inventory.md,字面值／重複群已核對；實際文案與輔助描述待畫面驗收
V9-1675,合理例外,透過 onSaveStateChange(.failed) 回報正文儲存狀態；此處是領域失敗處理，不宜僅為共用化抽成統一資料 action。來源分支：self.onSaveStateChange?(.failed) return,docs/work-items/v9-frozen-inventory.md,來源分支已複核；故障注入或 GUI 呈現仍待相關驗收
V9-1676,合理例外,"catch 明確記錄診斷或 Store 錯誤，保留原操作結果；此處是領域失敗處理，不宜僅為共用化抽成統一資料 action。來源分支：self.logger.error(""正文已儲存，但大綱錨點降級待下次重試：\(error.localizedDescription, privacy: .public)"")",docs/work-items/v9-frozen-inventory.md,來源分支已複核；故障注入或 GUI 呈現仍待相關驗收
V9-1677,合理例外,"catch 明確記錄診斷或 Store 錯誤，保留原操作結果；此處是領域失敗處理，不宜僅為共用化抽成統一資料 action。來源分支：logger.error(""規劃資料\(restoring ? ""復原"" : ""重做"")失敗：\(error.localizedDescription, privacy: .public)"") guard let undoManager = textView?.undoManager else { onPlanningUndoError?(restoring, error) return } isCompensatingPlanningUndo = true DispatchQueue.main.async { [weak self, weak undoManager] in guard le",docs/work-items/v9-frozen-inventory.md,來源分支已複核；故障注入或 GUI 呈現仍待相關驗收
V9-1678,合理例外,畫面標題、欄位名稱或領域狀態的靜態文字；不是 Button／Menu 操作命令。,docs/work-items/v9-frozen-inventory.md,字面值／重複群已核對；實際文案與輔助描述待畫面驗收
V9-1679,合理例外,此處表示領域資料類型、靜態狀態或專用空狀態；未證實是跨畫面的相同操作，保留具名語境而不與同字形操作混用。,docs/work-items/v9-frozen-inventory.md,來源語意已複核；字形與輔助功能畫面驗收待完成
V9-1680,待共用,原生 .plain 樣式常見於圖標／整列控制；需與對應 Button ID 一起核對角色、28 pt 命中及是否需具名共用 variant。,docs/work-items/v9-frozen-inventory.md,來源 style 已核對；實際 hit-test／Light／Dark 待驗收
V9-1681,已共用,V9.1ax 固定重複描述「切換對話」已接 SailuneActionCopy 或 SailuneAccessibilityCopy 單一來源；原文字逐字相同。,docs/work-items/v9.1ax-repeated-accessibility-copy.md,String Catalog JSON 與主機無簽章 Debug build 通過；hover／VoiceOver 待驗收
V9-1682,已共用,V9.1ax 固定重複描述「切換對話」已接 SailuneActionCopy 或 SailuneAccessibilityCopy 單一來源；原文字逐字相同。,docs/work-items/v9.1ax-repeated-accessibility-copy.md,String Catalog JSON 與主機無簽章 Debug build 通過；hover／VoiceOver 待驗收
V9-1683,待共用,純圖標或 iconOnly 按鈕候選；依凍結位置核對 28 pt 命中、間距、help／accessibility、原 action 及禁用條件。 凍結來源：Button(action: onClose) {,docs/work-items/v9-frozen-inventory.md,來源按鈕型態已列；實際命中／鍵盤／Light／Dark 待驗收
V9-1684,已共用,來源已讀取 SailuneSymbol 語意 key；同功能字形是否一致依集中表與畫面驗收。,docs/work-items/v9-frozen-inventory.md,來源語意已複核；字形與輔助功能畫面驗收待完成
V9-1685,待共用,原生 .plain 樣式常見於圖標／整列控制；需與對應 Button ID 一起核對角色、28 pt 命中及是否需具名共用 variant。,docs/work-items/v9-frozen-inventory.md,來源 style 已核對；實際 hit-test／Light／Dark 待驗收
V9-1686,已共用,V9.1ax 固定重複描述「關閉 AI 助手」已接 SailuneActionCopy 或 SailuneAccessibilityCopy 單一來源；原文字逐字相同。,docs/work-items/v9.1ax-repeated-accessibility-copy.md,String Catalog JSON 與主機無簽章 Debug build 通過；hover／VoiceOver 待驗收
V9-1687,已共用,V9.1ax 固定重複描述「關閉 AI 助手」已接 SailuneActionCopy 或 SailuneAccessibilityCopy 單一來源；原文字逐字相同。,docs/work-items/v9.1ax-repeated-accessibility-copy.md,String Catalog JSON 與主機無簽章 Debug build 通過；hover／VoiceOver 待驗收
V9-1688,合理例外,畫面標題、欄位名稱或領域狀態的靜態文字；不是 Button／Menu 操作命令。,docs/work-items/v9-frozen-inventory.md,字面值／重複群已核對；實際文案與輔助描述待畫面驗收
V9-1689,已共用,來源已讀取 SailuneSymbol 語意 key；同功能字形是否一致依集中表與畫面驗收。,docs/work-items/v9-frozen-inventory.md,來源語意已複核；字形與輔助功能畫面驗收待完成
V9-1690,已共用,來源已讀取 SailuneSymbol 語意 key；同功能字形是否一致依集中表與畫面驗收。,docs/work-items/v9-frozen-inventory.md,來源語意已複核；字形與輔助功能畫面驗收待完成
V9-1691,待共用,原生 .plain 樣式常見於圖標／整列控制；需與對應 Button ID 一起核對角色、28 pt 命中及是否需具名共用 variant。,docs/work-items/v9-frozen-inventory.md,來源 style 已核對；實際 hit-test／Light／Dark 待驗收
V9-1692,已共用,V9.1ax 固定重複描述「移除角色整理模板」已接 SailuneActionCopy 或 SailuneAccessibilityCopy 單一來源；原文字逐字相同。,docs/work-items/v9.1ax-repeated-accessibility-copy.md,String Catalog JSON 與主機無簽章 Debug build 通過；hover／VoiceOver 待驗收
V9-1693,已共用,V9.1ax 固定重複描述「移除角色整理模板」已接 SailuneActionCopy 或 SailuneAccessibilityCopy 單一來源；原文字逐字相同。,docs/work-items/v9.1ax-repeated-accessibility-copy.md,String Catalog JSON 與主機無簽章 Debug build 通過；hover／VoiceOver 待驗收
V9-1694,已共用,來源已讀取 SailuneSymbol 語意 key；同功能字形是否一致依集中表與畫面驗收。,docs/work-items/v9-frozen-inventory.md,來源語意已複核；字形與輔助功能畫面驗收待完成
V9-1695,合理例外,"原生文字 Button；領域字面標題另由 copy 家族核對是否同功能。保留 macOS 原生控制以承載此處 action；對應 button_style／copy ID 仍獨立審核，位置與實際命中須畫面驗收。凍結來源：Button(""生成摘要"") {",docs/work-items/v9-frozen-inventory.md,來源確認為文字 Button；位置／鍵盤焦點／實際命中及 Light／Dark 待驗收
V9-1696,合理例外,目前固定清單中僅此處使用的領域文案「生成摘要」；沒有同功能重複證據，保留具名畫面語境。,docs/work-items/v9-frozen-inventory.md,字面值／重複群已核對；實際文案與輔助描述待畫面驗收
V9-1697,待共用,原生 .plain 樣式常見於圖標／整列控制；需與對應 Button ID 一起核對角色、28 pt 命中及是否需具名共用 variant。,docs/work-items/v9-frozen-inventory.md,來源 style 已核對；實際 hit-test／Light／Dark 待驗收
V9-1698,已共用,來源已讀取 SailuneSymbol 語意 key；同功能字形是否一致依集中表與畫面驗收。,docs/work-items/v9-frozen-inventory.md,來源語意已複核；字形與輔助功能畫面驗收待完成
V9-1699,待共用,原生 .plain 樣式常見於圖標／整列控制；需與對應 Button ID 一起核對角色、28 pt 命中及是否需具名共用 variant。,docs/work-items/v9-frozen-inventory.md,來源 style 已核對；實際 hit-test／Light／Dark 待驗收
V9-1700,已共用,V9.1ax 固定重複描述「移除閱讀範圍」已接 SailuneActionCopy 或 SailuneAccessibilityCopy 單一來源；原文字逐字相同。,docs/work-items/v9.1ax-repeated-accessibility-copy.md,String Catalog JSON 與主機無簽章 Debug build 通過；hover／VoiceOver 待驗收
V9-1701,已共用,V9.1ax 固定重複描述「移除閱讀範圍」已接 SailuneActionCopy 或 SailuneAccessibilityCopy 單一來源；原文字逐字相同。,docs/work-items/v9.1ax-repeated-accessibility-copy.md,String Catalog JSON 與主機無簽章 Debug build 通過；hover／VoiceOver 待驗收
V9-1702,合理例外,"來源以 SwiftUI 原生 Button 的標題參數承載文字或文字加圖標；保留原生角色／焦點／可用狀態，文案與圖標分別由固定 copy／symbol ID 審核，不為此控制另造相同 Button 外殼。來源：Button(""加入閱讀範圍…"", systemImage: SailuneSymbol.aiReadingScope.systemName) {",docs/work-items/v9-frozen-inventory.md,來源原生標題按鈕已核對；位置／實際 hit-test／鍵盤與 Light／Dark 待驗收
V9-1703,合理例外,目前固定清單中僅此處使用的領域文案「加入閱讀範圍…」；沒有同功能重複證據，保留具名畫面語境。,docs/work-items/v9-frozen-inventory.md,字面值／重複群已核對；實際文案與輔助描述待畫面驗收
V9-1704,已共用,來源已讀取 SailuneSymbol 語意 key；同功能字形是否一致依集中表與畫面驗收。,docs/work-items/v9-frozen-inventory.md,來源語意已複核；字形與輔助功能畫面驗收待完成
V9-1705,合理例外,"來源以 SwiftUI 原生 Button 的標題參數承載文字或文字加圖標；保留原生角色／焦點／可用狀態，文案與圖標分別由固定 copy／symbol ID 審核，不為此控制另造相同 Button 外殼。來源：Button(""設定分析…"", systemImage: ""list.clipboard"") {",docs/work-items/v9-frozen-inventory.md,來源原生標題按鈕已核對；位置／實際 hit-test／鍵盤與 Light／Dark 待驗收
V9-1706,合理例外,目前固定清單中僅此處使用的領域文案「設定分析…」；沒有同功能重複證據，保留具名畫面語境。,docs/work-items/v9-frozen-inventory.md,字面值／重複群已核對；實際文案與輔助描述待畫面驗收
V9-1707,合理例外,AI 設定分析入口的清單筆記板；與 AI 閱讀範圍及角色整理不同。 目前凍結清單沒有同一語意的第二個呼叫點，不為單一用途新增共用 key；若日後出現同義功能另版本再審。,docs/work-items/v9-frozen-inventory.md,來源語意已核對；實際字形／Light／Dark／VoiceOver 待驗收
V9-1708,合理例外,"來源以 SwiftUI 原生 Button 的標題參數承載文字或文字加圖標；保留原生角色／焦點／可用狀態，文案與圖標分別由固定 copy／symbol ID 審核，不為此控制另造相同 Button 外殼。來源：Button(""角色比較…"", systemImage: ""person.crop.rectangle.stack"") {",docs/work-items/v9-frozen-inventory.md,來源原生標題按鈕已核對；位置／實際 hit-test／鍵盤與 Light／Dark 待驗收
V9-1709,合理例外,目前固定清單中僅此處使用的領域文案「角色比較…」；沒有同功能重複證據，保留具名畫面語境。,docs/work-items/v9-frozen-inventory.md,字面值／重複群已核對；實際文案與輔助描述待畫面驗收
V9-1710,合理例外,AI 角色比較入口的人物卡堆疊；與關聯角色選取不同。 目前凍結清單沒有同一語意的第二個呼叫點，不為單一用途新增共用 key；若日後出現同義功能另版本再審。,docs/work-items/v9-frozen-inventory.md,來源語意已核對；實際字形／Light／Dark／VoiceOver 待驗收
V9-1711,合理例外,"來源以 SwiftUI 原生 Button 的標題參數承載文字或文字加圖標；保留原生角色／焦點／可用狀態，文案與圖標分別由固定 copy／symbol ID 審核，不為此控制另造相同 Button 外殼。來源：Button(""角色資訊整理…"", systemImage: SailuneSymbol.aiCharacterTemplate.systemName) {",docs/work-items/v9-frozen-inventory.md,來源原生標題按鈕已核對；位置／實際 hit-test／鍵盤與 Light／Dark 待驗收
V9-1712,合理例外,目前固定清單中僅此處使用的領域文案「角色資訊整理…」；沒有同功能重複證據，保留具名畫面語境。,docs/work-items/v9-frozen-inventory.md,字面值／重複群已核對；實際文案與輔助描述待畫面驗收
V9-1713,已共用,來源已讀取 SailuneSymbol 語意 key；同功能字形是否一致依集中表與畫面驗收。,docs/work-items/v9-frozen-inventory.md,來源語意已複核；字形與輔助功能畫面驗收待完成
V9-1714,已共用,來源已讀取 SailuneSymbol 語意 key；同功能字形是否一致依集中表與畫面驗收。,docs/work-items/v9-frozen-inventory.md,來源語意已複核；字形與輔助功能畫面驗收待完成
V9-1715,待共用,原生 .plain 樣式常見於圖標／整列控制；需與對應 Button ID 一起核對角色、28 pt 命中及是否需具名共用 variant。,docs/work-items/v9-frozen-inventory.md,來源 style 已核對；實際 hit-test／Light／Dark 待驗收
V9-1716,待共用,直接提示／輔助文字；需按固定 ID 核對操作對象、狀態、同功能用詞及是否缺少另一種描述。,docs/work-items/v9-frozen-inventory.md,來源描述已分類；VoiceOver／滑鼠提示仍待驗收
V9-1717,待共用,直接提示／輔助文字；需按固定 ID 核對操作對象、狀態、同功能用詞及是否缺少另一種描述。,docs/work-items/v9-frozen-inventory.md,來源描述已分類；VoiceOver／滑鼠提示仍待驗收
V9-1718,合理例外,內容型系統 sheet 承載此領域編輯流程；不與刪除／錯誤提示共用資料 action，仍需核對取消與焦點。 凍結來源：.sheet(isPresented: $showingReadingRange) {,docs/work-items/v9-frozen-inventory.md,來源呈現類型已核對；失敗／取消／GUI 待驗收
V9-1719,合理例外,內容型系統 sheet 承載此領域編輯流程；不與刪除／錯誤提示共用資料 action，仍需核對取消與焦點。 凍結來源：.sheet(isPresented: $showingSettingAnalysis) {,docs/work-items/v9-frozen-inventory.md,來源呈現類型已核對；失敗／取消／GUI 待驗收
V9-1720,合理例外,內容型系統 sheet 承載此領域編輯流程；不與刪除／錯誤提示共用資料 action，仍需核對取消與焦點。 凍結來源：.sheet(isPresented: $showingCharacterComparison) {,docs/work-items/v9-frozen-inventory.md,來源呈現類型已核對；失敗／取消／GUI 待驗收
V9-1721,合理例外,內容型系統 sheet 承載此領域編輯流程；不與刪除／錯誤提示共用資料 action，仍需核對取消與焦點。 凍結來源：.sheet(isPresented: $showingCharacterTemplate) {,docs/work-items/v9-frozen-inventory.md,來源呈現類型已核對；失敗／取消／GUI 待驗收
V9-1722,合理例外,使用 axis: .vertical 或多行 lineLimit，具有與單行表單不同的高度、換行及輸入契約；保留原生多行 TextField。,docs/work-items/v9-frozen-inventory.md,來源分類已複核；具體 UI／資料驗收待完成
V9-1723,待共用,直接提示／輔助文字；需按固定 ID 核對操作對象、狀態、同功能用詞及是否缺少另一種描述。,docs/work-items/v9-frozen-inventory.md,來源描述已分類；VoiceOver／滑鼠提示仍待驗收
V9-1724,合理例外,停止 AI 回應的方形圖標；不同於關閉對話或取消編輯。 目前凍結清單沒有同一語意的第二個呼叫點，不為單一用途新增共用 key；若日後出現同義功能另版本再審。,docs/work-items/v9-frozen-inventory.md,來源語意已核對；實際字形／Light／Dark／VoiceOver 待驗收
V9-1725,待共用,同一純圖標控制同時提供 help 與 accessibility label；需由同一語意描述來源提供兩者並核對 VoiceOver。,docs/work-items/v9-frozen-inventory.md,來源描述已分類；VoiceOver／滑鼠提示仍待驗收
V9-1726,待共用,同一純圖標控制同時提供 help 與 accessibility label；需由同一語意描述來源提供兩者並核對 VoiceOver。,docs/work-items/v9-frozen-inventory.md,來源描述已分類；VoiceOver／滑鼠提示仍待驗收
V9-1727,待共用,純圖標或 iconOnly 按鈕候選；依凍結位置核對 28 pt 命中、間距、help／accessibility、原 action 及禁用條件。 凍結來源：Button(action: send) {,docs/work-items/v9-frozen-inventory.md,來源按鈕型態已列；實際命中／鍵盤／Light／Dark 待驗收
V9-1728,合理例外,AI 聊天送出箭頭；與列表上移同字形但 action 與輸入語意不同，不併入 V9.1af。,docs/work-items/v9-frozen-inventory.md,來源語意已複核；字形與輔助功能畫面驗收待完成
V9-1729,已共用,V9.1ax 固定重複描述「送出訊息」已接 SailuneActionCopy 或 SailuneAccessibilityCopy 單一來源；原文字逐字相同。,docs/work-items/v9.1ax-repeated-accessibility-copy.md,String Catalog JSON 與主機無簽章 Debug build 通過；hover／VoiceOver 待驗收
V9-1730,已共用,V9.1ax 固定重複描述「送出訊息」已接 SailuneActionCopy 或 SailuneAccessibilityCopy 單一來源；原文字逐字相同。,docs/work-items/v9.1ax-repeated-accessibility-copy.md,String Catalog JSON 與主機無簽章 Debug build 通過；hover／VoiceOver 待驗收
V9-1731,待共用,"錯誤或結果 alert 候選；需核對同類標題、詳細訊息、確認按鈕與錯誤出口後決定共用呈現外殼。 凍結來源：.alert(""刪除對話？"", isPresented: Binding(",docs/work-items/v9-frozen-inventory.md,來源呈現類型已核對；失敗／取消／GUI 待驗收
V9-1732,合理例外,"來源以 SwiftUI 原生 Button 的標題參數承載文字或文字加圖標；保留原生角色／焦點／可用狀態，文案與圖標分別由固定 copy／symbol ID 審核，不為此控制另造相同 Button 外殼。來源：Button(""刪除對話"", role: .destructive) {",docs/work-items/v9-frozen-inventory.md,來源原生標題按鈕已核對；位置／實際 hit-test／鍵盤與 Light／Dark 待驗收
V9-1733,合理例外,目前固定清單中僅此處使用的領域文案「刪除對話」；沒有同功能重複證據，保留具名畫面語境。,docs/work-items/v9-frozen-inventory.md,字面值／重複群已核對；實際文案與輔助描述待畫面驗收
V9-1734,合理例外,"原生文字 Button；已使用 SailuneActionCopy 共用標題。保留 macOS 原生控制以承載此處 action；對應 button_style／copy ID 仍獨立審核，位置與實際命中須畫面驗收。凍結來源：Button(SailuneActionCopy.cancel, role: .cancel) {",docs/work-items/v9-frozen-inventory.md,來源確認為文字 Button；位置／鍵盤焦點／實際命中及 Light／Dark 待驗收
V9-1735,已共用,已讀取 SailuneActionCopy 或位於其實作；原中文值由集中資源提供。,docs/work-items/v9-frozen-inventory.md,字面值／重複群已核對；實際文案與輔助描述待畫面驗收
V9-1736,合理例外,畫面標題、欄位名稱或領域狀態的靜態文字；不是 Button／Menu 操作命令。,docs/work-items/v9-frozen-inventory.md,字面值／重複群已核對；實際文案與輔助描述待畫面驗收
V9-1737,合理例外,畫面標題、欄位名稱或領域狀態的靜態文字；不是 Button／Menu 操作命令。,docs/work-items/v9-frozen-inventory.md,字面值／重複群已核對；實際文案與輔助描述待畫面驗收
V9-1738,已共用,來源已讀取 SailuneSymbol 語意 key；同功能字形是否一致依集中表與畫面驗收。,docs/work-items/v9-frozen-inventory.md,來源語意已複核；字形與輔助功能畫面驗收待完成
V9-1739,待共用,原生 .plain 樣式常見於圖標／整列控制；需與對應 Button ID 一起核對角色、28 pt 命中及是否需具名共用 variant。,docs/work-items/v9-frozen-inventory.md,來源 style 已核對；實際 hit-test／Light／Dark 待驗收
V9-1740,已共用,V9.1ax 固定重複描述「新增對話」已接 SailuneActionCopy 或 SailuneAccessibilityCopy 單一來源；原文字逐字相同。,docs/work-items/v9.1ax-repeated-accessibility-copy.md,String Catalog JSON 與主機無簽章 Debug build 通過；hover／VoiceOver 待驗收
V9-1741,已共用,V9.1ax 固定重複描述「新增對話」已接 SailuneActionCopy 或 SailuneAccessibilityCopy 單一來源；原文字逐字相同。,docs/work-items/v9.1ax-repeated-accessibility-copy.md,String Catalog JSON 與主機無簽章 Debug build 通過；hover／VoiceOver 待驗收
V9-1742,已共用,來源已讀取 SailuneSymbol 語意 key；同功能字形是否一致依集中表與畫面驗收。,docs/work-items/v9-frozen-inventory.md,來源語意已複核；字形與輔助功能畫面驗收待完成
V9-1743,待共用,原生 .plain 樣式常見於圖標／整列控制；需與對應 Button ID 一起核對角色、28 pt 命中及是否需具名共用 variant。,docs/work-items/v9-frozen-inventory.md,來源 style 已核對；實際 hit-test／Light／Dark 待驗收
V9-1744,已共用,來源已讀取 SailuneSymbol 語意 key；同功能字形是否一致依集中表與畫面驗收。,docs/work-items/v9-frozen-inventory.md,來源語意已複核；字形與輔助功能畫面驗收待完成
V9-1745,待共用,原生 .plain 樣式常見於圖標／整列控制；需與對應 Button ID 一起核對角色、28 pt 命中及是否需具名共用 variant。,docs/work-items/v9-frozen-inventory.md,來源 style 已核對；實際 hit-test／Light／Dark 待驗收
V9-1746,待共用,同一純圖標控制同時提供 help 與 accessibility label；需由同一語意描述來源提供兩者並核對 VoiceOver。,docs/work-items/v9-frozen-inventory.md,來源描述已分類；VoiceOver／滑鼠提示仍待驗收
V9-1747,待共用,同一純圖標控制同時提供 help 與 accessibility label；需由同一語意描述來源提供兩者並核對 VoiceOver。,docs/work-items/v9-frozen-inventory.md,來源描述已分類；VoiceOver／滑鼠提示仍待驗收
V9-1748,合理例外,"AI 訊息的系統 quaternary 或依發話角色變色之氣泡，不能與一般內容卡共用單色。 來源：.background(.quaternary, in: RoundedRectangle(cornerRadius: 6))",docs/work-items/v9-frozen-inventory.md,來源色彩用途已分類；Light／Dark／hover 實際畫面待驗收
V9-1749,合理例外,AI 訊息的系統 quaternary 或依發話角色變色之氣泡，不能與一般內容卡共用單色。 來源：.background(,docs/work-items/v9-frozen-inventory.md,來源色彩用途已分類；Light／Dark／hover 實際畫面待驗收
V9-1750,合理例外,"AI 訊息的系統 quaternary 或依發話角色變色之氣泡，不能與一般內容卡共用單色。 來源：message.role == .user ? Color.accentColor.opacity(0.12) : Color.secondary.opacity(0.08),",docs/work-items/v9-frozen-inventory.md,來源色彩用途已分類；Light／Dark／hover 實際畫面待驗收
V9-1751,合理例外,畫面標題、欄位名稱或領域狀態的靜態文字；不是 Button／Menu 操作命令。,docs/work-items/v9-frozen-inventory.md,字面值／重複群已核對；實際文案與輔助描述待畫面驗收
V9-1752,合理例外,畫面標題、欄位名稱或領域狀態的靜態文字；不是 Button／Menu 操作命令。,docs/work-items/v9-frozen-inventory.md,字面值／重複群已核對；實際文案與輔助描述待畫面驗收
V9-1753,合理例外,畫面標題、欄位名稱或領域狀態的靜態文字；不是 Button／Menu 操作命令。,docs/work-items/v9-frozen-inventory.md,字面值／重複群已核對；實際文案與輔助描述待畫面驗收
V9-1754,合理例外,原生文字 Button；已使用 SailuneActionCopy 共用標題。保留 macOS 原生控制以承載此處 action；對應 button_style／copy ID 仍獨立審核，位置與實際命中須畫面驗收。凍結來源：Button(SailuneActionCopy.cancel) { showingReadingRange = false },docs/work-items/v9-frozen-inventory.md,來源確認為文字 Button；位置／鍵盤焦點／實際命中及 Light／Dark 待驗收
V9-1755,已共用,已讀取 SailuneActionCopy 或位於其實作；原中文值由集中資源提供。,docs/work-items/v9-frozen-inventory.md,字面值／重複群已核對；實際文案與輔助描述待畫面驗收
V9-1756,合理例外,"原生文字 Button；領域字面標題另由 copy 家族核對是否同功能。保留 macOS 原生控制以承載此處 action；對應 button_style／copy ID 仍獨立審核，位置與實際命中須畫面驗收。凍結來源：Button(""加入範圍"") {",docs/work-items/v9-frozen-inventory.md,來源確認為文字 Button；位置／鍵盤焦點／實際命中及 Light／Dark 待驗收
V9-1757,合理例外,目前固定清單中僅此處使用的領域文案「加入範圍」；沒有同功能重複證據，保留具名畫面語境。,docs/work-items/v9-frozen-inventory.md,字面值／重複群已核對；實際文案與輔助描述待畫面驗收
V9-1758,合理例外,畫面標題、欄位名稱或領域狀態的靜態文字；不是 Button／Menu 操作命令。,docs/work-items/v9-frozen-inventory.md,字面值／重複群已核對；實際文案與輔助描述待畫面驗收
V9-1759,合理例外,畫面標題、欄位名稱或領域狀態的靜態文字；不是 Button／Menu 操作命令。,docs/work-items/v9-frozen-inventory.md,字面值／重複群已核對；實際文案與輔助描述待畫面驗收
V9-1760,合理例外,原生文字 Button；已使用 SailuneActionCopy 共用標題。保留 macOS 原生控制以承載此處 action；對應 button_style／copy ID 仍獨立審核，位置與實際命中須畫面驗收。凍結來源：Button(SailuneActionCopy.cancel) { showingSettingAnalysis = false },docs/work-items/v9-frozen-inventory.md,來源確認為文字 Button；位置／鍵盤焦點／實際命中及 Light／Dark 待驗收
V9-1761,已共用,已讀取 SailuneActionCopy 或位於其實作；原中文值由集中資源提供。,docs/work-items/v9-frozen-inventory.md,字面值／重複群已核對；實際文案與輔助描述待畫面驗收
V9-1762,合理例外,"原生文字 Button；領域字面標題另由 copy 家族核對是否同功能。保留 macOS 原生控制以承載此處 action；對應 button_style／copy ID 仍獨立審核，位置與實際命中須畫面驗收。凍結來源：Button(""開始分析"") { runSettingAnalysis() }",docs/work-items/v9-frozen-inventory.md,來源確認為文字 Button；位置／鍵盤焦點／實際命中及 Light／Dark 待驗收
V9-1763,合理例外,目前固定清單中僅此處使用的領域文案「開始分析」；沒有同功能重複證據，保留具名畫面語境。,docs/work-items/v9-frozen-inventory.md,字面值／重複群已核對；實際文案與輔助描述待畫面驗收
V9-1764,合理例外,畫面標題、欄位名稱或領域狀態的靜態文字；不是 Button／Menu 操作命令。,docs/work-items/v9-frozen-inventory.md,字面值／重複群已核對；實際文案與輔助描述待畫面驗收
V9-1765,合理例外,畫面標題、欄位名稱或領域狀態的靜態文字；不是 Button／Menu 操作命令。,docs/work-items/v9-frozen-inventory.md,字面值／重複群已核對；實際文案與輔助描述待畫面驗收
V9-1766,合理例外,原生文字 Button；已使用 SailuneActionCopy 共用標題。保留 macOS 原生控制以承載此處 action；對應 button_style／copy ID 仍獨立審核，位置與實際命中須畫面驗收。凍結來源：Button(SailuneActionCopy.cancel) { showingCharacterComparison = false },docs/work-items/v9-frozen-inventory.md,來源確認為文字 Button；位置／鍵盤焦點／實際命中及 Light／Dark 待驗收
V9-1767,已共用,已讀取 SailuneActionCopy 或位於其實作；原中文值由集中資源提供。,docs/work-items/v9-frozen-inventory.md,字面值／重複群已核對；實際文案與輔助描述待畫面驗收
V9-1768,合理例外,"原生文字 Button；領域字面標題另由 copy 家族核對是否同功能。保留 macOS 原生控制以承載此處 action；對應 button_style／copy ID 仍獨立審核，位置與實際命中須畫面驗收。凍結來源：Button(""開始比較"") { runCharacterComparison() }",docs/work-items/v9-frozen-inventory.md,來源確認為文字 Button；位置／鍵盤焦點／實際命中及 Light／Dark 待驗收
V9-1769,合理例外,目前固定清單中僅此處使用的領域文案「開始比較」；沒有同功能重複證據，保留具名畫面語境。,docs/work-items/v9-frozen-inventory.md,字面值／重複群已核對；實際文案與輔助描述待畫面驗收
V9-1770,合理例外,原生文字 Button；已使用 SailuneActionCopy 共用標題。保留 macOS 原生控制以承載此處 action；對應 button_style／copy ID 仍獨立審核，位置與實際命中須畫面驗收。凍結來源：Button(SailuneActionCopy.cancel) { showingCharacterTemplate = false },docs/work-items/v9-frozen-inventory.md,來源確認為文字 Button；位置／鍵盤焦點／實際命中及 Light／Dark 待驗收
V9-1771,已共用,已讀取 SailuneActionCopy 或位於其實作；原中文值由集中資源提供。,docs/work-items/v9-frozen-inventory.md,字面值／重複群已核對；實際文案與輔助描述待畫面驗收
V9-1772,合理例外,"原生文字 Button；領域字面標題另由 copy 家族核對是否同功能。保留 macOS 原生控制以承載此處 action；對應 button_style／copy ID 仍獨立審核，位置與實際命中須畫面驗收。凍結來源：Button(""套用"") {",docs/work-items/v9-frozen-inventory.md,來源確認為文字 Button；位置／鍵盤焦點／實際命中及 Light／Dark 待驗收
V9-1773,合理例外,目前固定清單中僅此處使用的領域文案「套用」；沒有同功能重複證據，保留具名畫面語境。,docs/work-items/v9-frozen-inventory.md,字面值／重複群已核對；實際文案與輔助描述待畫面驗收
V9-1774,合理例外,"catch 明確設定錯誤呈現／狀態，保留領域提示；此處是領域失敗處理，不宜僅為共用化抽成統一資料 action。來源分支：canSave = false errorMessage = ""無法讀取 AI 對話：\(error.localizedDescription)""",docs/work-items/v9-frozen-inventory.md,來源分支已複核；故障注入或 GUI 呈現仍待相關驗收
V9-1775,合理例外,catch 明確設定錯誤呈現／狀態，保留領域提示；此處是領域失敗處理，不宜僅為共用化抽成統一資料 action。來源分支：errorMessage = error.localizedDescription return false,docs/work-items/v9-frozen-inventory.md,來源分支已複核；故障注入或 GUI 呈現仍待相關驗收
V9-1776,合理例外,catch 明確設定錯誤呈現／狀態，保留領域提示；此處是領域失敗處理，不宜僅為共用化抽成統一資料 action。來源分支：guard self.preparationID == preparationID else { return false } self.preparationID = nil isLoading = false errorMessage = error.localizedDescription return false,docs/work-items/v9-frozen-inventory.md,來源分支已複核；故障注入或 GUI 呈現仍待相關驗收
V9-1777,合理例外,"catch 明確設定錯誤呈現／狀態，保留領域提示；此處是領域失敗處理，不宜僅為共用化抽成統一資料 action。來源分支：guard let self, !Task.isCancelled, self.selectedConversationID == conversationID else { return } self.errorMessage = error.localizedDescription self.isLoading = false self.requestTask = nil",docs/work-items/v9-frozen-inventory.md,來源分支已複核；故障注入或 GUI 呈現仍待相關驗收
V9-1778,合理例外,catch 明確設定錯誤呈現／狀態，保留領域提示；此處是領域失敗處理，不宜僅為共用化抽成統一資料 action。來源分支：errorMessage = error.localizedDescription return false,docs/work-items/v9-frozen-inventory.md,來源分支已複核；故障注入或 GUI 呈現仍待相關驗收
V9-1779,合理例外,"catch 明確設定錯誤呈現／狀態，保留領域提示；此處是領域失敗處理，不宜僅為共用化抽成統一資料 action。來源分支：guard let self, !Task.isCancelled, self.selectedConversationID == conversationID else { return } self.errorMessage = error.localizedDescription self.isLoading = false self.requestTask = nil",docs/work-items/v9-frozen-inventory.md,來源分支已複核；故障注入或 GUI 呈現仍待相關驗收
V9-1780,合理例外,"catch 明確設定錯誤呈現／狀態，保留領域提示；此處是領域失敗處理，不宜僅為共用化抽成統一資料 action。來源分支：errorMessage = ""無法儲存 AI 對話：\(error.localizedDescription)"" return false",docs/work-items/v9-frozen-inventory.md,來源分支已複核；故障注入或 GUI 呈現仍待相關驗收
V9-1781,合理例外,"catch 明確記錄診斷或 Store 錯誤，保留原操作結果；此處是領域失敗處理，不宜僅為共用化抽成統一資料 action。來源分支：aiResponseDecodeLogger.error(""Backend response decode failed: \(error.localizedDescription, privacy: .private)"") reply = nil",docs/work-items/v9-frozen-inventory.md,來源分支已複核；故障注入或 GUI 呈現仍待相關驗收
V9-1782,合理例外,"catch 明確向上拋出領域／原錯誤，保留呼叫端決策；此處是領域失敗處理，不宜僅為共用化抽成統一資料 action。來源分支：if #available(macOS 27.0, *), let modelError = error as? LanguageModelError, case .contextSizeExceeded = modelError { throw SailuneAIClientError.contextTooLong } if let modelError = error as? LanguageModelSession.GenerationError, case .exceededContextWindowSize = modelError { throw SailuneAIClientEr",docs/work-items/v9-frozen-inventory.md,來源分支已複核；故障注入或 GUI 呈現仍待相關驗收
V9-1783,合理例外,"catch 明確記錄診斷或 Store 錯誤，保留原操作結果；此處是領域失敗處理，不宜僅為共用化抽成統一資料 action。來源分支：aiResponseDecodeLogger.error(""Gemini interaction decode failed: \(error.localizedDescription, privacy: .private)"") return nil",docs/work-items/v9-frozen-inventory.md,來源分支已複核；故障注入或 GUI 呈現仍待相關驗收
V9-1784,合理例外,"catch 明確記錄診斷或 Store 錯誤，保留原操作結果；此處是領域失敗處理，不宜僅為共用化抽成統一資料 action。來源分支：aiResponseDecodeLogger.error(""Gemini model output decode failed: \(error.localizedDescription, privacy: .private)"") return nil",docs/work-items/v9-frozen-inventory.md,來源分支已複核；故障注入或 GUI 呈現仍待相關驗收
V9-1785,合理例外,catch 明確設定錯誤呈現／狀態，保留領域提示；此處是領域失敗處理，不宜僅為共用化抽成統一資料 action。來源分支：startupState = .failed(error.localizedDescription),docs/work-items/v9-frozen-inventory.md,來源分支已複核；故障注入或 GUI 呈現仍待相關驗收
V9-1786,合理例外,"catch 明確向上拋出領域／原錯誤，保留呼叫端決策；此處是領域失敗處理，不宜僅為共用化抽成統一資料 action。來源分支：throw StartupStageError(stage: ""資料目錄建立失敗"", underlying: error)",docs/work-items/v9-frozen-inventory.md,來源分支已複核；故障注入或 GUI 呈現仍待相關驗收
V9-1787,合理例外,"catch 明確向上拋出領域／原錯誤，保留呼叫端決策；此處是領域失敗處理，不宜僅為共用化抽成統一資料 action。來源分支：throw StartupStageError(stage: ""備份還原失敗，原資料回復狀態未確認"", underlying: error)",docs/work-items/v9-frozen-inventory.md,來源分支已複核；故障注入或 GUI 呈現仍待相關驗收
V9-1788,合理例外,"catch 明確向上拋出領域／原錯誤，保留呼叫端決策；此處是領域失敗處理，不宜僅為共用化抽成統一資料 action。來源分支：throw StartupStageError(stage: ""舊資料庫載入失敗"", underlying: error)",docs/work-items/v9-frozen-inventory.md,來源分支已複核；故障注入或 GUI 呈現仍待相關驗收
V9-1789,合理例外,"catch 明確向上拋出領域／原錯誤，保留呼叫端決策；此處是領域失敗處理，不宜僅為共用化抽成統一資料 action。來源分支：throw StartupStageError(stage: ""V5 主資料庫載入失敗（Sailune-v5.store）"", underlying: error)",docs/work-items/v9-frozen-inventory.md,來源分支已複核；故障注入或 GUI 呈現仍待相關驗收
V9-1790,合理例外,"catch 明確向上拋出領域／原錯誤，保留呼叫端決策；此處是領域失敗處理，不宜僅為共用化抽成統一資料 action。來源分支：throw StartupStageError(stage: ""舊資料匯入 V5 失敗"", underlying: error)",docs/work-items/v9-frozen-inventory.md,來源分支已複核；故障注入或 GUI 呈現仍待相關驗收
V9-1791,合理例外,"catch 明確向上拋出領域／原錯誤，保留呼叫端決策；此處是領域失敗處理，不宜僅為共用化抽成統一資料 action。來源分支：throw StartupStageError(stage: ""書籍懸空資料修復失敗"", underlying: error)",docs/work-items/v9-frozen-inventory.md,來源分支已複核；故障注入或 GUI 呈現仍待相關驗收
V9-1792,合理例外,"catch 明確向上拋出領域／原錯誤，保留呼叫端決策；此處是領域失敗處理，不宜僅為共用化抽成統一資料 action。來源分支：throw StartupStageError(stage: ""V5 舊組織資料清理失敗"", underlying: error)",docs/work-items/v9-frozen-inventory.md,來源分支已複核；故障注入或 GUI 呈現仍待相關驗收
V9-1793,合理例外,"catch 明確向上拋出領域／原錯誤，保留呼叫端決策；此處是領域失敗處理，不宜僅為共用化抽成統一資料 action。來源分支：throw StartupStageError(stage: ""V5 設定集與勢力資料庫載入失敗"", underlying: error)",docs/work-items/v9-frozen-inventory.md,來源分支已複核；故障注入或 GUI 呈現仍待相關驗收
V9-1794,合理例外,"catch 明確向上拋出領域／原錯誤，保留呼叫端決策；此處是領域失敗處理，不宜僅為共用化抽成統一資料 action。來源分支：throw StartupStageError(stage: ""心理資料轉換失敗"", underlying: error)",docs/work-items/v9-frozen-inventory.md,來源分支已複核；故障注入或 GUI 呈現仍待相關驗收
V9-1795,合理例外,"catch 明確向上拋出領域／原錯誤，保留呼叫端決策；此處是領域失敗處理，不宜僅為共用化抽成統一資料 action。來源分支：throw StartupStageError(stage: ""物品舊歷史轉換失敗"", underlying: error)",docs/work-items/v9-frozen-inventory.md,來源分支已複核；故障注入或 GUI 呈現仍待相關驗收
V9-1796,合理例外,"catch 明確向上拋出領域／原錯誤，保留呼叫端決策；此處是領域失敗處理，不宜僅為共用化抽成統一資料 action。來源分支：throw StartupStageError(stage: ""物品等級資料修復失敗"", underlying: error)",docs/work-items/v9-frozen-inventory.md,來源分支已複核；故障注入或 GUI 呈現仍待相關驗收
V9-1797,合理例外,"catch 明確向上拋出領域／原錯誤，保留呼叫端決策；此處是領域失敗處理，不宜僅為共用化抽成統一資料 action。來源分支：throw StartupStageError(stage: ""獨立物品副本或當下等級資料庫載入失敗"", underlying: error)",docs/work-items/v9-frozen-inventory.md,來源分支已複核；故障注入或 GUI 呈現仍待相關驗收
V9-1798,合理例外,"catch 明確向上拋出領域／原錯誤，保留呼叫端決策；此處是領域失敗處理，不宜僅為共用化抽成統一資料 action。來源分支：throw StartupStageError(stage: ""初始寫作結構補齊失敗"", underlying: error)",docs/work-items/v9-frozen-inventory.md,來源分支已複核；故障注入或 GUI 呈現仍待相關驗收
V9-1799,合理例外,"領域 catch 在同一來源行明確顯示錯誤、拋出具名錯誤或 private 記錄；其資料結果依原領域契約保留，沒有共用 catch 外殼的必要。原語句：} catch { throw StartupStageError(stage: ""能力進度資料庫載入失敗"", underlying: error) }",docs/work-items/v9-frozen-inventory.md,來源已見明確錯誤出口；故障注入與 GUI 呈現尚待驗收
V9-1800,合理例外,"領域 catch 在同一來源行明確顯示錯誤、拋出具名錯誤或 private 記錄；其資料結果依原領域契約保留，沒有共用 catch 外殼的必要。原語句：} catch { throw StartupStageError(stage: ""故事規劃資料庫載入失敗"", underlying: error) }",docs/work-items/v9-frozen-inventory.md,來源已見明確錯誤出口；故障注入與 GUI 呈現尚待驗收
V9-1801,合理例外,"catch 明確向上拋出領域／原錯誤，保留呼叫端決策；此處是領域失敗處理，不宜僅為共用化抽成統一資料 action。來源分支：throw StartupStageError(stage: ""V5 舊組織規劃資料清理失敗"", underlying: error)",docs/work-items/v9-frozen-inventory.md,來源分支已複核；故障注入或 GUI 呈現仍待相關驗收
V9-1802,合理例外,"catch 明確向上拋出領域／原錯誤，保留呼叫端決策；此處是領域失敗處理，不宜僅為共用化抽成統一資料 action。來源分支：throw StartupStageError(stage: ""V5 勢力跨資料庫連結修復失敗"", underlying: error)",docs/work-items/v9-frozen-inventory.md,來源分支已複核；故障注入或 GUI 呈現仍待相關驗收
V9-1803,合理例外,"領域錯誤／結果標題與狀態綁定由原畫面提供，確認按鈕已讀取 SailuneActionCopy.acknowledge，系統 .alert 提供共同呈現；保留領域內容與原 action。凍結來源：.alert(""物品副本無法儲存"", isPresented: persistenceErrorBinding) {",docs/work-items/v9-frozen-inventory.md,來源確認共用確認文案；實際錯誤呈現與鍵盤／VoiceOver 待驗收
V9-1804,合理例外,原生文字 Button；已使用 SailuneActionCopy 共用標題。保留 macOS 原生控制以承載此處 action；對應 button_style／copy ID 仍獨立審核，位置與實際命中須畫面驗收。凍結來源：Button(SailuneActionCopy.acknowledge) { copyStore.clearPersistenceError() },docs/work-items/v9-frozen-inventory.md,來源確認為文字 Button；位置／鍵盤焦點／實際命中及 Light／Dark 待驗收
V9-1805,已共用,已讀取 SailuneActionCopy 或位於其實作；原中文值由集中資源提供。,docs/work-items/v9-frozen-inventory.md,字面值／重複群已核對；實際文案與輔助描述待畫面驗收
V9-1806,合理例外,"領域錯誤／結果標題與狀態綁定由原畫面提供，確認按鈕已讀取 SailuneActionCopy.acknowledge，系統 .alert 提供共同呈現；保留領域內容與原 action。凍結來源：.alert(""設定集無法儲存"", isPresented: settingsPersistenceErrorBinding) {",docs/work-items/v9-frozen-inventory.md,來源確認共用確認文案；實際錯誤呈現與鍵盤／VoiceOver 待驗收
V9-1807,合理例外,原生文字 Button；已使用 SailuneActionCopy 共用標題。保留 macOS 原生控制以承載此處 action；對應 button_style／copy ID 仍獨立審核，位置與實際命中須畫面驗收。凍結來源：Button(SailuneActionCopy.acknowledge) { settingsStore.clearPersistenceError() },docs/work-items/v9-frozen-inventory.md,來源確認為文字 Button；位置／鍵盤焦點／實際命中及 Light／Dark 待驗收
V9-1808,已共用,已讀取 SailuneActionCopy 或位於其實作；原中文值由集中資源提供。,docs/work-items/v9-frozen-inventory.md,字面值／重複群已核對；實際文案與輔助描述待畫面驗收
V9-1809,合理例外,"領域錯誤／結果標題與狀態綁定由原畫面提供，確認按鈕已讀取 SailuneActionCopy.acknowledge，系統 .alert 提供共同呈現；保留領域內容與原 action。凍結來源：.alert(""能力資料無法儲存"", isPresented: abilityPersistenceErrorBinding) {",docs/work-items/v9-frozen-inventory.md,來源確認共用確認文案；實際錯誤呈現與鍵盤／VoiceOver 待驗收
V9-1810,合理例外,原生文字 Button；已使用 SailuneActionCopy 共用標題。保留 macOS 原生控制以承載此處 action；對應 button_style／copy ID 仍獨立審核，位置與實際命中須畫面驗收。凍結來源：Button(SailuneActionCopy.acknowledge) { abilityStore.clearPersistenceError() },docs/work-items/v9-frozen-inventory.md,來源確認為文字 Button；位置／鍵盤焦點／實際命中及 Light／Dark 待驗收
V9-1811,已共用,已讀取 SailuneActionCopy 或位於其實作；原中文值由集中資源提供。,docs/work-items/v9-frozen-inventory.md,字面值／重複群已核對；實際文案與輔助描述待畫面驗收
V9-1812,合理例外,"領域錯誤／結果標題與狀態綁定由原畫面提供，確認按鈕已讀取 SailuneActionCopy.acknowledge，系統 .alert 提供共同呈現；保留領域內容與原 action。凍結來源：.alert(""故事規劃無法儲存"", isPresented: planningPersistenceErrorBinding) {",docs/work-items/v9-frozen-inventory.md,來源確認共用確認文案；實際錯誤呈現與鍵盤／VoiceOver 待驗收
V9-1813,合理例外,原生文字 Button；已使用 SailuneActionCopy 共用標題。保留 macOS 原生控制以承載此處 action；對應 button_style／copy ID 仍獨立審核，位置與實際命中須畫面驗收。凍結來源：Button(SailuneActionCopy.acknowledge) { planningStore.clearPersistenceError() },docs/work-items/v9-frozen-inventory.md,來源確認為文字 Button；位置／鍵盤焦點／實際命中及 Light／Dark 待驗收
V9-1814,已共用,已讀取 SailuneActionCopy 或位於其實作；原中文值由集中資源提供。,docs/work-items/v9-frozen-inventory.md,字面值／重複群已核對；實際文案與輔助描述待畫面驗收
V9-1815,合理例外,此處表示領域資料類型、靜態狀態或專用空狀態；未證實是跨畫面的相同操作，保留具名語境而不與同字形操作混用。,docs/work-items/v9-frozen-inventory.md,來源語意已複核；字形與輔助功能畫面驗收待完成
V9-1816,合理例外,畫面標題、欄位名稱或領域狀態的靜態文字；不是 Button／Menu 操作命令。,docs/work-items/v9-frozen-inventory.md,字面值／重複群已核對；實際文案與輔助描述待畫面驗收
V9-1817,合理例外,畫面標題、欄位名稱或領域狀態的靜態文字；不是 Button／Menu 操作命令。,docs/work-items/v9-frozen-inventory.md,字面值／重複群已核對；實際文案與輔助描述待畫面驗收
V9-1818,合理例外,"啟動失敗的診斷內容區底色，與首頁操作卡／AI 氣泡不同；同一表達式產生兩個 regex ID。 來源：.background(Color.secondary.opacity(0.08), in: RoundedRectangle(cornerRadius: 8))",docs/work-items/v9-frozen-inventory.md,來源色彩用途已分類；Light／Dark／hover 實際畫面待驗收
V9-1819,合理例外,"啟動失敗的診斷內容區底色，與首頁操作卡／AI 氣泡不同；同一表達式產生兩個 regex ID。 來源：.background(Color.secondary.opacity(0.08), in: RoundedRectangle(cornerRadius: 8))",docs/work-items/v9-frozen-inventory.md,來源色彩用途已分類；Light／Dark／hover 實際畫面待驗收
V9-1820,合理例外,V9.2g 只核定還原失敗文字；此 catch 在盡力清理／搬回後重新拋出原錯誤，但 rollback 不完整可能留下原檔未復位，政策明確留待另議。不得把此分類寫成已驗證還原安全。,docs/work-items/v9.2g-backup-restore-rollback.md,使用者明確延後 rollback 政策；故障注入／資料復位尚未驗收
V9-1821,合理例外,V9.2g 使用者只核定修正還原失敗文字，rollback／清理政策明確留待另議；本次保留原錯誤出口，不把此 ID 當作 V9 自動重寫授權。原語句：for url in sqliteFamily(for: storeURL) where fm.fileExists(atPath: url.path) { try? fm.removeItem(at: url) },docs/work-items/v9.2g-backup-restore-rollback.md,產品政策已核定為本輪延後；還原故障注入與資料完整性未驗收
V9-1822,合理例外,V9.2g 使用者只核定修正還原失敗文字，rollback／清理政策明確留待另議；本次保留原錯誤出口，不把此 ID 當作 V9 自動重寫授權。原語句：if fm.fileExists(atPath: coversURL.path) { try? fm.removeItem(at: coversURL) },docs/work-items/v9.2g-backup-restore-rollback.md,產品政策已核定為本輪延後；還原故障注入與資料完整性未驗收
V9-1823,合理例外,V9.2g 使用者只核定修正還原失敗文字，rollback／清理政策明確留待另議；本次保留原錯誤出口，不把此 ID 當作 V9 自動重寫授權。原語句：if fm.fileExists(atPath: mapsURL.path) { try? fm.removeItem(at: mapsURL) },docs/work-items/v9.2g-backup-restore-rollback.md,產品政策已核定為本輪延後；還原故障注入與資料完整性未驗收
V9-1824,合理例外,V9.2g 使用者只核定修正還原失敗文字，rollback／清理政策明確留待另議；本次保留原錯誤出口，不把此 ID 當作 V9 自動重寫授權。原語句：if fm.fileExists(atPath: aiConversationsURL.path) { try? fm.removeItem(at: aiConversationsURL) },docs/work-items/v9.2g-backup-restore-rollback.md,產品政策已核定為本輪延後；還原故障注入與資料完整性未驗收
V9-1825,合理例外,"V9.2g 使用者只核定修正還原失敗文字，rollback／清理政策明確留待另議；本次保留原錯誤出口，不把此 ID 當作 V9 自動重寫授權。原語句：try? fm.moveItem(at: pair.backup, to: pair.original)",docs/work-items/v9.2g-backup-restore-rollback.md,產品政策已核定為本輪延後；還原故障注入與資料完整性未驗收
V9-1826,合理例外,V9.2g 使用者只核定修正還原失敗文字，rollback／清理政策明確留待另議；本次保留原錯誤出口，不把此 ID 當作 V9 自動重寫授權。原語句：try? fm.removeItem(at: rollback),docs/work-items/v9.2g-backup-restore-rollback.md,產品政策已核定為本輪延後；還原故障注入與資料完整性未驗收
V9-1827,合理例外,V9.2g 使用者只核定修正還原失敗文字，rollback／清理政策明確留待另議；本次保留原錯誤出口，不把此 ID 當作 V9 自動重寫授權。原語句：try? fm.removeItem(at: pending),docs/work-items/v9.2g-backup-restore-rollback.md,產品政策已核定為本輪延後；還原故障注入與資料完整性未驗收
V9-1828,合理例外,V9.2g 使用者只核定修正還原失敗文字，rollback／清理政策明確留待另議；本次保留原錯誤出口，不把此 ID 當作 V9 自動重寫授權。原語句：defer { try? fm.removeItem(at: temporary) },docs/work-items/v9.2g-backup-restore-rollback.md,產品政策已核定為本輪延後；還原故障注入與資料完整性未驗收
V9-1829,合理例外,領域 catch 在同一來源行明確顯示錯誤、拋出具名錯誤或 private 記錄；其資料結果依原領域契約保留，沒有共用 catch 外殼的必要。原語句：catch { throw BackupError.invalidArchive(error.localizedDescription) },docs/work-items/v9-frozen-inventory.md,來源已見明確錯誤出口；故障注入與 GUI 呈現尚待驗收
V9-1830,合理例外,畫面標題、欄位名稱或領域狀態的靜態文字；不是 Button／Menu 操作命令。,docs/work-items/v9-frozen-inventory.md,字面值／重複群已核對；實際文案與輔助描述待畫面驗收
V9-1831,合理例外,查找與替換的查找欄有 FocusState 及 Enter 前進行為，需保留成對搜尋工作流。 此例外只涵蓋欄位共用外殼，首行／focus GUI 仍依驗收清單檢查。,docs/work-items/v9-frozen-inventory.md,來源欄位與父容器契約已核對；CJK／focus／首行 GUI 待驗收
V9-1832,合理例外,查找與替換的替換欄有 Enter 前進行為及啟用替換條件，需保留成對搜尋工作流。 此例外只涵蓋欄位共用外殼，首行／focus GUI 仍依驗收清單檢查。,docs/work-items/v9-frozen-inventory.md,來源欄位與父容器契約已核對；CJK／focus／首行 GUI 待驗收
V9-1833,合理例外,"原生文字 Button；領域字面標題另由 copy 家族核對是否同功能。保留 macOS 原生控制以承載此處 action；對應 button_style／copy ID 仍獨立審核，位置與實際命中須畫面驗收。凍結來源：Button(""上一筆"") { reveal(offset: -1) }",docs/work-items/v9-frozen-inventory.md,來源確認為文字 Button；位置／鍵盤焦點／實際命中及 Light／Dark 待驗收
V9-1834,合理例外,目前固定清單中僅此處使用的領域文案「上一筆」；沒有同功能重複證據，保留具名畫面語境。,docs/work-items/v9-frozen-inventory.md,字面值／重複群已核對；實際文案與輔助描述待畫面驗收
V9-1835,合理例外,"原生文字 Button；領域字面標題另由 copy 家族核對是否同功能。保留 macOS 原生控制以承載此處 action；對應 button_style／copy ID 仍獨立審核，位置與實際命中須畫面驗收。凍結來源：Button(""下一筆"") { reveal(offset: 1) }",docs/work-items/v9-frozen-inventory.md,來源確認為文字 Button；位置／鍵盤焦點／實際命中及 Light／Dark 待驗收
V9-1836,合理例外,目前固定清單中僅此處使用的領域文案「下一筆」；沒有同功能重複證據，保留具名畫面語境。,docs/work-items/v9-frozen-inventory.md,字面值／重複群已核對；實際文案與輔助描述待畫面驗收
V9-1837,合理例外,"原生文字 Button；領域字面標題另由 copy 家族核對是否同功能。保留 macOS 原生控制以承載此處 action；對應 button_style／copy ID 仍獨立審核，位置與實際命中須畫面驗收。凍結來源：Button(""替換"") { replaceCurrent() }",docs/work-items/v9-frozen-inventory.md,來源確認為文字 Button；位置／鍵盤焦點／實際命中及 Light／Dark 待驗收
V9-1838,合理例外,目前固定清單中僅此處使用的領域文案「替換」；沒有同功能重複證據，保留具名畫面語境。,docs/work-items/v9-frozen-inventory.md,字面值／重複群已核對；實際文案與輔助描述待畫面驗收
V9-1839,合理例外,"原生文字 Button；領域字面標題另由 copy 家族核對是否同功能。保留 macOS 原生控制以承載此處 action；對應 button_style／copy ID 仍獨立審核，位置與實際命中須畫面驗收。凍結來源：Button(""全部替換"") { replaceAll() }",docs/work-items/v9-frozen-inventory.md,來源確認為文字 Button；位置／鍵盤焦點／實際命中及 Light／Dark 待驗收
V9-1840,合理例外,目前固定清單中僅此處使用的領域文案「全部替換」；沒有同功能重複證據，保留具名畫面語境。,docs/work-items/v9-frozen-inventory.md,字面值／重複群已核對；實際文案與輔助描述待畫面驗收
V9-1841,合理例外,畫面標題、欄位名稱或領域狀態的靜態文字；不是 Button／Menu 操作命令。,docs/work-items/v9-frozen-inventory.md,字面值／重複群已核對；實際文案與輔助描述待畫面驗收
V9-1842,已共用,"背景引用已命名的 theme／AppTheme 色彩來源；用途與 Light／Dark 對照仍需畫面驗收。 凍結來源：.background(prominent ? Color.accentColor : Color.secondary.opacity(0.1), in: RoundedRectangle(cornerRadius: 7))",docs/work-items/v9-frozen-inventory.md,來源色彩用途已分類；Light／Dark 與 hit-testing 待驗收
V9-1843,已共用,"背景引用已命名的 theme／AppTheme 色彩來源；用途與 Light／Dark 對照仍需畫面驗收。 凍結來源：.background(prominent ? Color.accentColor : Color.secondary.opacity(0.1), in: RoundedRectangle(cornerRadius: 7))",docs/work-items/v9-frozen-inventory.md,來源色彩用途已分類；Light／Dark 與 hit-testing 待驗收
V9-1844,已共用,"背景引用已命名的 theme／AppTheme 色彩來源；用途與 Light／Dark 對照仍需畫面驗收。 凍結來源：.overlay(RoundedRectangle(cornerRadius: 7).stroke(Color.secondary.opacity(0.22), lineWidth: prominent ? 0 : 1))",docs/work-items/v9-frozen-inventory.md,來源色彩用途已分類；Light／Dark 與 hit-testing 待驗收
V9-1845,已共用,背景引用已命名的 theme／AppTheme 色彩來源；用途與 Light／Dark 對照仍需畫面驗收。 凍結來源：private static let secondaryEightPercent = Color.secondary.opacity(0.08),docs/work-items/v9-frozen-inventory.md,來源色彩用途已分類；Light／Dark 與 hit-testing 待驗收
V9-1846,已共用,背景引用已命名的 theme／AppTheme 色彩來源；用途與 Light／Dark 對照仍需畫面驗收。 凍結來源：static let subtleSurface = Color.secondary.opacity(0.06),docs/work-items/v9-frozen-inventory.md,來源色彩用途已分類；Light／Dark 與 hit-testing 待驗收
V9-1847,已共用,背景引用已命名的 theme／AppTheme 色彩來源；用途與 Light／Dark 對照仍需畫面驗收。 凍結來源：static let textEditorBorder = Color.secondary.opacity(0.25),docs/work-items/v9-frozen-inventory.md,來源色彩用途已分類；Light／Dark 與 hit-testing 待驗收
V9-1848,已共用,"直接使用或定義 SailuneIconButton；28 pt 命中、位置及資料 action 仍需畫面驗收。 凍結來源：Button(role: role, action: action) {",docs/work-items/v9-frozen-inventory.md,來源按鈕型態已列；實際命中／鍵盤／Light／Dark 待驗收
V9-1849,已共用,使用既有 PlanningActionStyle 或在 SharedUI 定義共用按鈕外殼；原按鈕位置仍需驗收。,docs/work-items/v9-frozen-inventory.md,來源 style 已核對；實際 hit-test／Light／Dark 待驗收
V9-1850,已共用,提示或輔助名稱已讀取共用文案／元件；仍需 VoiceOver 與命中驗收。,docs/work-items/v9-frozen-inventory.md,來源描述已分類；VoiceOver／滑鼠提示仍待驗收
V9-1851,已共用,提示或輔助名稱已讀取共用文案／元件；仍需 VoiceOver 與命中驗收。,docs/work-items/v9-frozen-inventory.md,來源描述已分類；VoiceOver／滑鼠提示仍待驗收
V9-1852,已共用,已接入共用 InsetTextEditor，原 Binding 與最小高度保留；仍需代表畫面驗收首行、焦點和組字。,docs/work-items/v9.1x-field-first-line-inset-audit.md,待實際 UI 驗收
V9-1853,已共用,背景引用已命名的 theme／AppTheme 色彩來源；用途與 Light／Dark 對照仍需畫面驗收。 凍結來源：.background(SailuneTheme.textEditorSurface),docs/work-items/v9-frozen-inventory.md,來源色彩用途已分類；Light／Dark 與 hit-testing 待驗收
V9-1854,已共用,背景引用已命名的 theme／AppTheme 色彩來源；用途與 Light／Dark 對照仍需畫面驗收。 凍結來源：.background(SailuneTheme.textEditorSurface),docs/work-items/v9-frozen-inventory.md,來源色彩用途已分類；Light／Dark 與 hit-testing 待驗收
V9-1855,已共用,背景引用已命名的 theme／AppTheme 色彩來源；用途與 Light／Dark 對照仍需畫面驗收。 凍結來源：.overlay(RoundedRectangle(cornerRadius: 8).stroke(SailuneTheme.textEditorBorder)),docs/work-items/v9-frozen-inventory.md,來源色彩用途已分類；Light／Dark 與 hit-testing 待驗收
V9-1856,已共用,已接入共用圓角多行 editor；使用者地點簡介截圖證實首行安全距不足，V9.1am U／實際畫面驗收未完成。,docs/work-items/v9.1am-bordered-editor-first-line-inset.md,待實際 UI 驗收
V9-1857,已共用,背景引用已命名的 theme／AppTheme 色彩來源；用途與 Light／Dark 對照仍需畫面驗收。 凍結來源：.overlay(RoundedRectangle(cornerRadius: 8).stroke(SailuneTheme.textEditorBorder)),docs/work-items/v9-frozen-inventory.md,來源色彩用途已分類；Light／Dark 與 hit-testing 待驗收
V9-1858,已共用,來源已引用共用單行／搜尋欄位或位於其實作；原 Binding 與外層行為仍須依畫面核對。,docs/work-items/v9-frozen-inventory.md,來源分類已複核；具體 UI／資料驗收待完成
V9-1859,已共用,來源已讀取 SailuneSymbol 語意 key；同功能字形是否一致依集中表與畫面驗收。,docs/work-items/v9-frozen-inventory.md,來源語意已複核；字形與輔助功能畫面驗收待完成
V9-1860,已共用,來源已引用共用單行／搜尋欄位或位於其實作；原 Binding 與外層行為仍須依畫面核對。,docs/work-items/v9-frozen-inventory.md,來源分類已複核；具體 UI／資料驗收待完成
V9-1861,已共用,來源已讀取 SailuneSymbol 語意 key；同功能字形是否一致依集中表與畫面驗收。,docs/work-items/v9-frozen-inventory.md,來源語意已複核；字形與輔助功能畫面驗收待完成
V9-1862,已共用,使用既有 PlanningActionStyle 或在 SharedUI 定義共用按鈕外殼；原按鈕位置仍需驗收。,docs/work-items/v9-frozen-inventory.md,來源 style 已核對；實際 hit-test／Light／Dark 待驗收
V9-1863,已共用,"背景引用已命名的 theme／AppTheme 色彩來源；用途與 Light／Dark 對照仍需畫面驗收。 凍結來源：.background(SailuneTheme.searchFieldSurface, in: RoundedRectangle(cornerRadius: 8))",docs/work-items/v9-frozen-inventory.md,來源色彩用途已分類；Light／Dark 與 hit-testing 待驗收
V9-1864,已共用,"背景引用已命名的 theme／AppTheme 色彩來源；用途與 Light／Dark 對照仍需畫面驗收。 凍結來源：.background(SailuneTheme.searchFieldSurface, in: RoundedRectangle(cornerRadius: 8))",docs/work-items/v9-frozen-inventory.md,來源色彩用途已分類；Light／Dark 與 hit-testing 待驗收
V9-1865,合理例外,畫面標題、欄位名稱或領域狀態的靜態文字；不是 Button／Menu 操作命令。,docs/work-items/v9-frozen-inventory.md,字面值／重複群已核對；實際文案與輔助描述待畫面驗收
V9-1866,合理例外,原生文字 Button；已使用 SailuneActionCopy 共用標題。保留 macOS 原生控制以承載此處 action；對應 button_style／copy ID 仍獨立審核，位置與實際命中須畫面驗收。凍結來源：Button(SailuneActionCopy.done) { dismiss() },docs/work-items/v9-frozen-inventory.md,來源確認為文字 Button；位置／鍵盤焦點／實際命中及 Light／Dark 待驗收
V9-1867,已共用,已讀取 SailuneActionCopy 或位於其實作；原中文值由集中資源提供。,docs/work-items/v9-frozen-inventory.md,字面值／重複群已核對；實際文案與輔助描述待畫面驗收
V9-1868,合理例外,畫面標題、欄位名稱或領域狀態的靜態文字；不是 Button／Menu 操作命令。,docs/work-items/v9-frozen-inventory.md,字面值／重複群已核對；實際文案與輔助描述待畫面驗收
V9-1869,待共用,同為上下移動，但物品等級使用 arrow.up/down、勢力與側邊欄使用 chevron.up/down；具體控制、原 action／禁用與提案見 V9.1af，U 待核定。,docs/work-items/v9.1af-reorder-controls.md,來源字形與操作已核對；U／I、hit-test、鍵盤／Light／Dark 待驗收
V9-1870,待共用,原生 .borderless 樣式常見於圖標／整列控制；需與對應 Button ID 一起核對角色、28 pt 命中及是否需具名共用 variant。,docs/work-items/v9-frozen-inventory.md,來源 style 已核對；實際 hit-test／Light／Dark 待驗收
V9-1871,待共用,同為上下移動，但物品等級使用 arrow.up/down、勢力與側邊欄使用 chevron.up/down；具體控制、原 action／禁用與提案見 V9.1af，U 待核定。,docs/work-items/v9.1af-reorder-controls.md,來源字形與操作已核對；U／I、hit-test、鍵盤／Light／Dark 待驗收
V9-1872,待共用,原生 .borderless 樣式常見於圖標／整列控制；需與對應 Button ID 一起核對角色、28 pt 命中及是否需具名共用 variant。,docs/work-items/v9-frozen-inventory.md,來源 style 已核對；實際 hit-test／Light／Dark 待驗收
V9-1873,合理例外,"原生文字 Button；領域字面標題另由 copy 家族核對是否同功能。保留 macOS 原生控制以承載此處 action；對應 button_style／copy ID 仍獨立審核，位置與實際命中須畫面驗收。凍結來源：Button(""重設預設顯示"", action: reset)",docs/work-items/v9-frozen-inventory.md,來源確認為文字 Button；位置／鍵盤焦點／實際命中及 Light／Dark 待驗收
V9-1874,合理例外,目前固定清單中僅此處使用的領域文案「重設預設顯示」；沒有同功能重複證據，保留具名畫面語境。,docs/work-items/v9-frozen-inventory.md,字面值／重複群已核對；實際文案與輔助描述待畫面驗收
V9-1875,合理例外,畫面標題、欄位名稱或領域狀態的靜態文字；不是 Button／Menu 操作命令。,docs/work-items/v9-frozen-inventory.md,字面值／重複群已核對；實際文案與輔助描述待畫面驗收
V9-1876,合理例外,catch 明確向上拋出領域／原錯誤，保留呼叫端決策；此處是領域失敗處理，不宜僅為共用化抽成統一資料 action。來源分支：context.rollback() throw error,docs/work-items/v9-frozen-inventory.md,來源分支已複核；故障注入或 GUI 呈現仍待相關驗收
V9-1877,合理例外,catch 明確向上拋出領域／原錯誤，保留呼叫端決策；此處是領域失敗處理，不宜僅為共用化抽成統一資料 action。來源分支：context.rollback() try reload() throw error,docs/work-items/v9-frozen-inventory.md,來源分支已複核；故障注入或 GUI 呈現仍待相關驗收
V9-1878,合理例外,catch 明確向上拋出領域／原錯誤，保留呼叫端決策；此處是領域失敗處理，不宜僅為共用化抽成統一資料 action。來源分支：context.rollback() try reload() throw error,docs/work-items/v9-frozen-inventory.md,來源分支已複核；故障注入或 GUI 呈現仍待相關驗收
V9-1879,合理例外,catch 明確向上拋出領域／原錯誤，保留呼叫端決策；此處是領域失敗處理，不宜僅為共用化抽成統一資料 action。來源分支：context.rollback() try reload() throw error,docs/work-items/v9-frozen-inventory.md,來源分支已複核；故障注入或 GUI 呈現仍待相關驗收
V9-1880,合理例外,catch 明確向上拋出領域／原錯誤，保留呼叫端決策；此處是領域失敗處理，不宜僅為共用化抽成統一資料 action。來源分支：context.rollback() try reload() throw error,docs/work-items/v9-frozen-inventory.md,來源分支已複核；故障注入或 GUI 呈現仍待相關驗收
V9-1881,合理例外,catch 明確向上拋出領域／原錯誤，保留呼叫端決策；此處是領域失敗處理，不宜僅為共用化抽成統一資料 action。來源分支：context.rollback() try reload() throw error,docs/work-items/v9-frozen-inventory.md,來源分支已複核；故障注入或 GUI 呈現仍待相關驗收
V9-1882,合理例外,catch 明確向上拋出領域／原錯誤，保留呼叫端決策；此處是領域失敗處理，不宜僅為共用化抽成統一資料 action。來源分支：context.rollback() try reload() throw error,docs/work-items/v9-frozen-inventory.md,來源分支已複核；故障注入或 GUI 呈現仍待相關驗收
V9-1883,合理例外,catch 明確向上拋出領域／原錯誤，保留呼叫端決策；此處是領域失敗處理，不宜僅為共用化抽成統一資料 action。來源分支：context.rollback() try reload() throw error,docs/work-items/v9-frozen-inventory.md,來源分支已複核；故障注入或 GUI 呈現仍待相關驗收
V9-1884,合理例外,catch 明確向上拋出領域／原錯誤，保留呼叫端決策；此處是領域失敗處理，不宜僅為共用化抽成統一資料 action。來源分支：context.rollback() try reload() throw error,docs/work-items/v9-frozen-inventory.md,來源分支已複核；故障注入或 GUI 呈現仍待相關驗收
V9-1885,合理例外,catch 明確向上拋出領域／原錯誤，保留呼叫端決策；此處是領域失敗處理，不宜僅為共用化抽成統一資料 action。來源分支：context.rollback() try reload() throw error,docs/work-items/v9-frozen-inventory.md,來源分支已複核；故障注入或 GUI 呈現仍待相關驗收
V9-1886,合理例外,catch 明確向上拋出領域／原錯誤，保留呼叫端決策；此處是領域失敗處理，不宜僅為共用化抽成統一資料 action。來源分支：context.rollback() try reload() throw error,docs/work-items/v9-frozen-inventory.md,來源分支已複核；故障注入或 GUI 呈現仍待相關驗收
V9-1887,合理例外,catch 明確向上拋出領域／原錯誤，保留呼叫端決策；此處是領域失敗處理，不宜僅為共用化抽成統一資料 action。來源分支：context.rollback() try reload() throw error,docs/work-items/v9-frozen-inventory.md,來源分支已複核；故障注入或 GUI 呈現仍待相關驗收
V9-1888,合理例外,"catch 明確記錄診斷或 Store 錯誤，保留原操作結果；此處是領域失敗處理，不宜僅為共用化抽成統一資料 action。來源分支：context.rollback() do { try reload() } catch { Self.logger.error(""Reload after save rollback failed: \(String(describing: error), privacy: .private)"") } let nsError = error as NSError persistenceErrorMessage = ""\(nsError.domain) \(nsError.code)：\(nsError.localizedDescription)""",docs/work-items/v9-frozen-inventory.md,來源分支已複核；故障注入或 GUI 呈現仍待相關驗收
V9-1889,合理例外,"領域 catch 在同一來源行明確顯示錯誤、拋出具名錯誤或 private 記錄；其資料結果依原領域契約保留，沒有共用 catch 外殼的必要。原語句：catch { Self.logger.error(""Reload after save rollback failed: \(String(describing: error), privacy: .private)"") }",docs/work-items/v9-frozen-inventory.md,來源已見明確錯誤出口；故障注入與 GUI 呈現尚待驗收
V9-1890,合理例外,catch 明確向上拋出領域／原錯誤，保留呼叫端決策；此處是領域失敗處理，不宜僅為共用化抽成統一資料 action。來源分支：context.rollback() try reload() throw error,docs/work-items/v9-frozen-inventory.md,來源分支已複核；故障注入或 GUI 呈現仍待相關驗收
V9-1891,已共用,來源已引用共用單行／搜尋欄位或位於其實作；原 Binding 與外層行為仍須依畫面核對。,docs/work-items/v9-frozen-inventory.md,來源分類已複核；具體 UI／資料驗收待完成
V9-1892,待共用,原生 .plain 樣式常見於圖標／整列控制；需與對應 Button ID 一起核對角色、28 pt 命中及是否需具名共用 variant。,docs/work-items/v9-frozen-inventory.md,來源 style 已核對；實際 hit-test／Light／Dark 待驗收
V9-1893,合理例外,"來源以 SwiftUI 原生 Button 的標題參數承載文字或文字加圖標；保留原生角色／焦點／可用狀態，文案與圖標分別由固定 copy／symbol ID 審核，不為此控制另造相同 Button 外殼。來源：Button(SailuneActionCopy.delete, role: .destructive) { deleteTarget = tag }",docs/work-items/v9-frozen-inventory.md,來源原生標題按鈕已核對；位置／實際 hit-test／鍵盤與 Light／Dark 待驗收
V9-1894,已共用,已讀取 SailuneActionCopy 或位於其實作；原中文值由集中資源提供。,docs/work-items/v9-frozen-inventory.md,字面值／重複群已核對；實際文案與輔助描述待畫面驗收
V9-1895,待共用,原生 .plain 樣式常見於圖標／整列控制；需與對應 Button ID 一起核對角色、28 pt 命中及是否需具名共用 variant。,docs/work-items/v9-frozen-inventory.md,來源 style 已核對；實際 hit-test／Light／Dark 待驗收
V9-1896,已共用,背景引用已命名的 theme／AppTheme 色彩來源；用途與 Light／Dark 對照仍需畫面驗收。 凍結來源：.background(Color.workspacePanelBackground),docs/work-items/v9-frozen-inventory.md,來源色彩用途已分類；Light／Dark 與 hit-testing 待驗收
V9-1897,待共用,"確認流程候選；需核對標題、破壞後果、取消、預設角色及 Store action，僅呈現外殼可共用。 凍結來源：.confirmationDialog(""刪除標籤？"", isPresented: Binding(get: { deleteTarget != nil }, set: { if !$0 { deleteTarget = nil } }), presenting: deleteT",docs/work-items/v9-frozen-inventory.md,來源呈現類型已核對；失敗／取消／GUI 待驗收
V9-1898,合理例外,"來源以 SwiftUI 原生 Button 的標題參數承載文字或文字加圖標；保留原生角色／焦點／可用狀態，文案與圖標分別由固定 copy／symbol ID 審核，不為此控制另造相同 Button 外殼。來源：Button(SailuneActionCopy.delete, role: .destructive) { delete(tag) }",docs/work-items/v9-frozen-inventory.md,來源原生標題按鈕已核對；位置／實際 hit-test／鍵盤與 Light／Dark 待驗收
V9-1899,已共用,已讀取 SailuneActionCopy 或位於其實作；原中文值由集中資源提供。,docs/work-items/v9-frozen-inventory.md,字面值／重複群已核對；實際文案與輔助描述待畫面驗收
V9-1900,合理例外,"原生文字 Button；已使用 SailuneActionCopy 共用標題。保留 macOS 原生控制以承載此處 action；對應 button_style／copy ID 仍獨立審核，位置與實際命中須畫面驗收。凍結來源：Button(SailuneActionCopy.cancel, role: .cancel) { deleteTarget = nil }",docs/work-items/v9-frozen-inventory.md,來源確認為文字 Button；位置／鍵盤焦點／實際命中及 Light／Dark 待驗收
V9-1901,已共用,已讀取 SailuneActionCopy 或位於其實作；原中文值由集中資源提供。,docs/work-items/v9-frozen-inventory.md,字面值／重複群已核對；實際文案與輔助描述待畫面驗收
V9-1902,合理例外,畫面標題、欄位名稱或領域狀態的靜態文字；不是 Button／Menu 操作命令。,docs/work-items/v9-frozen-inventory.md,字面值／重複群已核對；實際文案與輔助描述待畫面驗收
V9-1903,合理例外,"領域錯誤／結果標題與狀態綁定由原畫面提供，確認按鈕已讀取 SailuneActionCopy.acknowledge，系統 .alert 提供共同呈現；保留領域內容與原 action。凍結來源：.alert(""標籤無法刪除"", isPresented: Binding(get: { errorMessage != nil }, set: { if !$0 { errorMessage = nil } })) {",docs/work-items/v9-frozen-inventory.md,來源確認共用確認文案；實際錯誤呈現與鍵盤／VoiceOver 待驗收
V9-1904,合理例外,原生文字 Button；已使用 SailuneActionCopy 共用標題。保留 macOS 原生控制以承載此處 action；對應 button_style／copy ID 仍獨立審核，位置與實際命中須畫面驗收。凍結來源：Button(SailuneActionCopy.acknowledge) { errorMessage = nil },docs/work-items/v9-frozen-inventory.md,來源確認為文字 Button；位置／鍵盤焦點／實際命中及 Light／Dark 待驗收
V9-1905,已共用,已讀取 SailuneActionCopy 或位於其實作；原中文值由集中資源提供。,docs/work-items/v9-frozen-inventory.md,字面值／重複群已核對；實際文案與輔助描述待畫面驗收
V9-1906,合理例外,catch 明確設定錯誤呈現／狀態，保留領域提示；此處是領域失敗處理，不宜僅為共用化抽成統一資料 action。來源分支：errorMessage = error.localizedDescription,docs/work-items/v9-frozen-inventory.md,來源分支已複核；故障注入或 GUI 呈現仍待相關驗收
V9-1907,合理例外,"原生文字 Button；領域字面標題另由 copy 家族核對是否同功能。保留 macOS 原生控制以承載此處 action；對應 button_style／copy ID 仍獨立審核，位置與實際命中須畫面驗收。凍結來源：Button(""不選擇"") {",docs/work-items/v9-frozen-inventory.md,來源確認為文字 Button；位置／鍵盤焦點／實際命中及 Light／Dark 待驗收
V9-1908,已共用,V9.1ao 已依凍結 ID 將原操作標題接至 SailuneActionCopy，原繁體中文值、closure、role、style 及圖標不變；現行來源：Button(SailuneActionCopy.clearSelection) {,docs/work-items/v9.1ao-repeated-action-copy.md,65 個固定 ID 靜態核對、String Catalog JSON 及主機無簽章 Debug build 通過；GUI／VoiceOver 待驗收
V9-1909,合理例外,"原生文字 Button；領域字面標題另由 copy 家族核對是否同功能。保留 macOS 原生控制以承載此處 action；對應 button_style／copy ID 仍獨立審核，位置與實際命中須畫面驗收。凍結來源：Button(""選擇\(displayedPreset.title)"") {",docs/work-items/v9-frozen-inventory.md,來源確認為文字 Button；位置／鍵盤焦點／實際命中及 Light／Dark 待驗收
V9-1910,已共用,V9.1ao 已依凍結 ID 將原操作標題接至 SailuneActionCopy，原繁體中文值、closure、role、style 及圖標不變；現行來源：Button(SailuneActionCopy.selectPreset(displayedPreset.title)) {,docs/work-items/v9.1ao-repeated-action-copy.md,65 個固定 ID 靜態核對、String Catalog JSON 及主機無簽章 Debug build 通過；GUI／VoiceOver 待驗收
V9-1911,合理例外,採 macOS 原生 .borderedProminent 樣式，保留平台語意；此例外只涵蓋 style，按鈕位置／命中與操作文案仍依對應 Button ID 驗收。,docs/work-items/v9-frozen-inventory.md,來源 style 已核對；實際 hit-test／Light／Dark 待驗收
V9-1912,合理例外,採系統材質／bar 背景，語意與固定表面色不同；保留平台呈現。 凍結來源：.background(.bar),docs/work-items/v9-frozen-inventory.md,來源色彩用途已分類；Light／Dark 與 hit-testing 待驗收
V9-1913,已共用,"V9.1as 原字形由 SailuneSymbol.technology 提供；功能、文字與位置不變。原命中：systemImage: ""gearshape.2""",docs/work-items/v9.1as-frozen-symbol-groups.md,固定 ID、原字形與主機無簽章 macOS Debug build、git diff --check 通過；Light／Dark／VoiceOver 待驗收
V9-1914,合理例外,原生文字 Button；已使用 SailuneActionCopy 共用標題。保留 macOS 原生控制以承載此處 action；對應 button_style／copy ID 仍獨立審核，位置與實際命中須畫面驗收。凍結來源：Button(SailuneActionCopy.close) { dismiss() },docs/work-items/v9-frozen-inventory.md,來源確認為文字 Button；位置／鍵盤焦點／實際命中及 Light／Dark 待驗收
V9-1915,已共用,已讀取 SailuneActionCopy 或位於其實作；原中文值由集中資源提供。,docs/work-items/v9-frozen-inventory.md,字面值／重複群已核對；實際文案與輔助描述待畫面驗收
V9-1916,合理例外,畫面標題、欄位名稱或領域狀態的靜態文字；不是 Button／Menu 操作命令。,docs/work-items/v9-frozen-inventory.md,字面值／重複群已核對；實際文案與輔助描述待畫面驗收
V9-1917,合理例外,畫面標題、欄位名稱或領域狀態的靜態文字；不是 Button／Menu 操作命令。,docs/work-items/v9-frozen-inventory.md,字面值／重複群已核對；實際文案與輔助描述待畫面驗收
V9-1918,合理例外,畫面標題、欄位名稱或領域狀態的靜態文字；不是 Button／Menu 操作命令。,docs/work-items/v9-frozen-inventory.md,字面值／重複群已核對；實際文案與輔助描述待畫面驗收
V9-1919,合理例外,畫面標題、欄位名稱或領域狀態的靜態文字；不是 Button／Menu 操作命令。,docs/work-items/v9-frozen-inventory.md,字面值／重複群已核對；實際文案與輔助描述待畫面驗收
V9-1920,合理例外,目前固定清單中僅此處使用的領域文案「新增紀元」；沒有同功能重複證據，保留具名畫面語境。,docs/work-items/v9-frozen-inventory.md,字面值／重複群已核對；實際文案與輔助描述待畫面驗收
V9-1921,已共用,來源已讀取 SailuneSymbol 語意 key；同功能字形是否一致依集中表與畫面驗收。,docs/work-items/v9-frozen-inventory.md,來源語意已複核；字形與輔助功能畫面驗收待完成
V9-1922,已共用,使用既有 PlanningActionStyle 或在 SharedUI 定義共用按鈕外殼；原按鈕位置仍需驗收。,docs/work-items/v9-frozen-inventory.md,來源 style 已核對；實際 hit-test／Light／Dark 待驗收
V9-1923,合理例外,原生文字 Button；已使用 SailuneActionCopy 共用標題。保留 macOS 原生控制以承載此處 action；對應 button_style／copy ID 仍獨立審核，位置與實際命中須畫面驗收。凍結來源：Button(SailuneActionCopy.done) {,docs/work-items/v9-frozen-inventory.md,來源確認為文字 Button；位置／鍵盤焦點／實際命中及 Light／Dark 待驗收
V9-1924,已共用,已讀取 SailuneActionCopy 或位於其實作；原中文值由集中資源提供。,docs/work-items/v9-frozen-inventory.md,字面值／重複群已核對；實際文案與輔助描述待畫面驗收
V9-1925,合理例外,領域 catch 在同一來源行明確顯示錯誤、拋出具名錯誤或 private 記錄；其資料結果依原領域契約保留，沒有共用 catch 外殼的必要。原語句：catch { saveError = error.localizedDescription; return },docs/work-items/v9-frozen-inventory.md,來源已見明確錯誤出口；故障注入與 GUI 呈現尚待驗收
V9-1926,已共用,使用既有 PlanningActionStyle 或在 SharedUI 定義共用按鈕外殼；原按鈕位置仍需驗收。,docs/work-items/v9-frozen-inventory.md,來源 style 已核對；實際 hit-test／Light／Dark 待驗收
V9-1927,待共用,錯誤或結果 alert 候選；需核對同類標題、詳細訊息、確認按鈕與錯誤出口後決定共用呈現外殼。 凍結來源：.alert(,docs/work-items/v9-frozen-inventory.md,來源呈現類型已核對；失敗／取消／GUI 待驗收
V9-1928,合理例外,"原生文字 Button；已使用 SailuneActionCopy 共用標題。保留 macOS 原生控制以承載此處 action；對應 button_style／copy ID 仍獨立審核，位置與實際命中須畫面驗收。凍結來源：Button(SailuneActionCopy.cancel, role: .cancel) { pendingDeleteEra = nil }",docs/work-items/v9-frozen-inventory.md,來源確認為文字 Button；位置／鍵盤焦點／實際命中及 Light／Dark 待驗收
V9-1929,已共用,已讀取 SailuneActionCopy 或位於其實作；原中文值由集中資源提供。,docs/work-items/v9-frozen-inventory.md,字面值／重複群已核對；實際文案與輔助描述待畫面驗收
V9-1930,合理例外,"來源以 SwiftUI 原生 Button 的標題參數承載文字或文字加圖標；保留原生角色／焦點／可用狀態，文案與圖標分別由固定 copy／symbol ID 審核，不為此控制另造相同 Button 外殼。來源：Button(SailuneActionCopy.delete, role: .destructive) { performDeleteEra(era) }",docs/work-items/v9-frozen-inventory.md,來源原生標題按鈕已核對；位置／實際 hit-test／鍵盤與 Light／Dark 待驗收
V9-1931,已共用,已讀取 SailuneActionCopy 或位於其實作；原中文值由集中資源提供。,docs/work-items/v9-frozen-inventory.md,字面值／重複群已核對；實際文案與輔助描述待畫面驗收
V9-1932,合理例外,"catch 明確設定錯誤呈現／狀態，保留領域提示；此處是領域失敗處理，不宜僅為共用化抽成統一資料 action。來源分支：saveError = ""無法刪除紀元；主要資料尚未刪除。\n\(error.localizedDescription)""",docs/work-items/v9-frozen-inventory.md,來源分支已複核；故障注入或 GUI 呈現仍待相關驗收
V9-1933,已共用,V9.1ap 接入 SailuneFormTextField；原 title／Binding、後續字體與事件保持；原顯式圓角樣式由共用元件提供。欄名：紀元名,docs/work-items/v9.1ap-five-rounded-fields.md,五個來源與無簽章 macOS Debug build、git diff --check 通過；CJK／首行／focus GUI 待驗收
V9-1934,待共用,"破壞性按鈕；需核對與主要動作的距離、確認／取消語意及是否只共用呈現外殼。 凍結來源：Button(role: .destructive, action: onDelete) {",docs/work-items/v9-frozen-inventory.md,來源按鈕型態已列；實際命中／鍵盤／Light／Dark 待驗收
V9-1935,已共用,已讀取 SailuneActionCopy 或位於其實作；原中文值由集中資源提供。,docs/work-items/v9-frozen-inventory.md,字面值／重複群已核對；實際文案與輔助描述待畫面驗收
V9-1936,已共用,來源已讀取 SailuneSymbol 語意 key；同功能字形是否一致依集中表與畫面驗收。,docs/work-items/v9-frozen-inventory.md,來源語意已複核；字形與輔助功能畫面驗收待完成
V9-1937,待共用,原生 .borderless 樣式常見於圖標／整列控制；需與對應 Button ID 一起核對角色、28 pt 命中及是否需具名共用 variant。,docs/work-items/v9-frozen-inventory.md,來源 style 已核對；實際 hit-test／Light／Dark 待驗收
V9-1938,合理例外,畫面標題、欄位名稱或領域狀態的靜態文字；不是 Button／Menu 操作命令。,docs/work-items/v9-frozen-inventory.md,字面值／重複群已核對；實際文案與輔助描述待畫面驗收
V9-1939,合理例外,數值／日期欄具寬度、數字過濾或格式化契約；不改用一般文字欄位。,docs/work-items/v9-frozen-inventory.md,來源分類已複核；具體 UI／資料驗收待完成
V9-1940,待共用,原生 .plain 樣式常見於圖標／整列控制；需與對應 Button ID 一起核對角色、28 pt 命中及是否需具名共用 variant。,docs/work-items/v9-frozen-inventory.md,來源 style 已核對；實際 hit-test／Light／Dark 待驗收
V9-1941,合理例外,紀元列 hover 變化色，依指標進出在 0.05／0.025 間切換。 來源：.background(Color.primary.opacity(hovering ? 0.05 : 0.025)),docs/work-items/v9-frozen-inventory.md,來源色彩用途已分類；Light／Dark／hover 實際畫面待驗收
V9-1942,合理例外,"catch 明確記錄診斷或 Store 錯誤，保留原操作結果；此處是領域失敗處理，不宜僅為共用化抽成統一資料 action。來源分支：Self.logger.error(""Last era lookup failed for book \(self.book.id, privacy: .private): \(error.localizedDescription, privacy: .private)"") return nil",docs/work-items/v9-frozen-inventory.md,來源分支已複核；故障注入或 GUI 呈現仍待相關驗收
V9-1943,合理例外,"catch 明確記錄診斷或 Store 錯誤，保留原操作結果；此處是領域失敗處理，不宜僅為共用化抽成統一資料 action。來源分支：Self.logger.error(""Max year lookup failed for book \(self.book.id, privacy: .private), era \(era.id, privacy: .private): \(error.localizedDescription, privacy: .private)"") year = nil",docs/work-items/v9-frozen-inventory.md,來源分支已複核；故障注入或 GUI 呈現仍待相關驗收
V9-1944,合理例外,畫面標題、欄位名稱或領域狀態的靜態文字；不是 Button／Menu 操作命令。,docs/work-items/v9-frozen-inventory.md,字面值／重複群已核對；實際文案與輔助描述待畫面驗收
V9-1945,合理例外,改元 popover 的年號名採原生輸入樣式，無一般圓角欄契約。 此例外只涵蓋欄位共用外殼，首行／focus GUI 仍依驗收清單檢查。,docs/work-items/v9-frozen-inventory.md,來源欄位與父容器契約已核對；CJK／focus／首行 GUI 待驗收
V9-1946,合理例外,畫面標題、欄位名稱或領域狀態的靜態文字；不是 Button／Menu 操作命令。,docs/work-items/v9-frozen-inventory.md,字面值／重複群已核對；實際文案與輔助描述待畫面驗收
V9-1947,待共用,原生 .plain 樣式常見於圖標／整列控制；需與對應 Button ID 一起核對角色、28 pt 命中及是否需具名共用 variant。,docs/work-items/v9-frozen-inventory.md,來源 style 已核對；實際 hit-test／Light／Dark 待驗收
V9-1948,合理例外,原生文字 Button；已使用 SailuneActionCopy 共用標題。保留 macOS 原生控制以承載此處 action；對應 button_style／copy ID 仍獨立審核，位置與實際命中須畫面驗收。凍結來源：Button(SailuneActionCopy.cancel) { dismiss() },docs/work-items/v9-frozen-inventory.md,來源確認為文字 Button；位置／鍵盤焦點／實際命中及 Light／Dark 待驗收
V9-1949,已共用,已讀取 SailuneActionCopy 或位於其實作；原中文值由集中資源提供。,docs/work-items/v9-frozen-inventory.md,字面值／重複群已核對；實際文案與輔助描述待畫面驗收
V9-1950,合理例外,"原生文字 Button；領域字面標題另由 copy 家族核對是否同功能。保留 macOS 原生控制以承載此處 action；對應 button_style／copy ID 仍獨立審核，位置與實際命中須畫面驗收。凍結來源：Button(""確認改元"") {",docs/work-items/v9-frozen-inventory.md,來源確認為文字 Button；位置／鍵盤焦點／實際命中及 Light／Dark 待驗收
V9-1951,合理例外,目前固定清單中僅此處使用的領域文案「確認改元」；沒有同功能重複證據，保留具名畫面語境。,docs/work-items/v9-frozen-inventory.md,字面值／重複群已核對；實際文案與輔助描述待畫面驗收
V9-1952,合理例外,領域 catch 在同一來源行明確顯示錯誤、拋出具名錯誤或 private 記錄；其資料結果依原領域契約保留，沒有共用 catch 外殼的必要。原語句：} catch { saveError = error.localizedDescription; return },docs/work-items/v9-frozen-inventory.md,來源已見明確錯誤出口；故障注入與 GUI 呈現尚待驗收
V9-1953,已共用,使用既有 PlanningActionStyle 或在 SharedUI 定義共用按鈕外殼；原按鈕位置仍需驗收。,docs/work-items/v9-frozen-inventory.md,來源 style 已核對；實際 hit-test／Light／Dark 待驗收
V9-1954,合理例外,畫面標題、欄位名稱或領域狀態的靜態文字；不是 Button／Menu 操作命令。,docs/work-items/v9-frozen-inventory.md,字面值／重複群已核對；實際文案與輔助描述待畫面驗收
V9-1955,合理例外,編輯年號 popover 的年號名採原生輸入樣式，無一般圓角欄契約。 此例外只涵蓋欄位共用外殼，首行／focus GUI 仍依驗收清單檢查。,docs/work-items/v9-frozen-inventory.md,來源欄位與父容器契約已核對；CJK／focus／首行 GUI 待驗收
V9-1956,合理例外,畫面標題、欄位名稱或領域狀態的靜態文字；不是 Button／Menu 操作命令。,docs/work-items/v9-frozen-inventory.md,字面值／重複群已核對；實際文案與輔助描述待畫面驗收
V9-1957,待共用,原生 .plain 樣式常見於圖標／整列控制；需與對應 Button ID 一起核對角色、28 pt 命中及是否需具名共用 variant。,docs/work-items/v9-frozen-inventory.md,來源 style 已核對；實際 hit-test／Light／Dark 待驗收
V9-1958,合理例外,原生文字 Button；已使用 SailuneActionCopy 共用標題。保留 macOS 原生控制以承載此處 action；對應 button_style／copy ID 仍獨立審核，位置與實際命中須畫面驗收。凍結來源：Button(SailuneActionCopy.done) {,docs/work-items/v9-frozen-inventory.md,來源確認為文字 Button；位置／鍵盤焦點／實際命中及 Light／Dark 待驗收
V9-1959,已共用,已讀取 SailuneActionCopy 或位於其實作；原中文值由集中資源提供。,docs/work-items/v9-frozen-inventory.md,字面值／重複群已核對；實際文案與輔助描述待畫面驗收
V9-1960,合理例外,領域 catch 在同一來源行明確顯示錯誤、拋出具名錯誤或 private 記錄；其資料結果依原領域契約保留，沒有共用 catch 外殼的必要。原語句：catch { saveError = error.localizedDescription; return },docs/work-items/v9-frozen-inventory.md,來源已見明確錯誤出口；故障注入與 GUI 呈現尚待驗收
V9-1961,已共用,背景引用已命名的 theme／AppTheme 色彩來源；用途與 Light／Dark 對照仍需畫面驗收。 凍結來源：.background(Color.workspacePanelBackground),docs/work-items/v9-frozen-inventory.md,來源色彩用途已分類；Light／Dark 與 hit-testing 待驗收
V9-1962,合理例外,此處表示領域資料類型、靜態狀態或專用空狀態；未證實是跨畫面的相同操作，保留具名語境而不與同字形操作混用。,docs/work-items/v9-frozen-inventory.md,來源語意已複核；字形與輔助功能畫面驗收待完成
V9-1963,待共用,純圖標或 iconOnly 按鈕候選；依凍結位置核對 28 pt 命中、間距、help／accessibility、原 action 及禁用條件。 凍結來源：Button(action: action) {,docs/work-items/v9-frozen-inventory.md,來源按鈕型態已列；實際命中／鍵盤／Light／Dark 待驗收
V9-1964,已共用,V9.1as 對應固定語意組，保留原字形與 action：SailuneSymbol.rowNavigation,docs/work-items/v9.1as-frozen-symbol-groups.md,固定 ID 原字形與主機無簽章 Debug build 通過；實際 GUI／VoiceOver 待驗收
V9-1965,待共用,原生 .plain 樣式常見於圖標／整列控制；需與對應 Button ID 一起核對角色、28 pt 命中及是否需具名共用 variant。,docs/work-items/v9-frozen-inventory.md,來源 style 已核對；實際 hit-test／Light／Dark 待驗收
V9-1966,合理例外,描述依目前資料或狀態即時組成；不能以固定通用動作文字取代，需核對可讀性及對象。,docs/work-items/v9-frozen-inventory.md,來源描述已分類；VoiceOver／滑鼠提示仍待驗收
V9-1967,合理例外,描述依目前資料或狀態即時組成；不能以固定通用動作文字取代，需核對可讀性及對象。,docs/work-items/v9-frozen-inventory.md,來源描述已分類；VoiceOver／滑鼠提示仍待驗收
V9-1968,合理例外,描述依目前資料或狀態即時組成；不能以固定通用動作文字取代，需核對可讀性及對象。,docs/work-items/v9-frozen-inventory.md,來源描述已分類；VoiceOver／滑鼠提示仍待驗收
V9-1969,合理例外,描述依目前資料或狀態即時組成；不能以固定通用動作文字取代，需核對可讀性及對象。,docs/work-items/v9-frozen-inventory.md,來源描述已分類；VoiceOver／滑鼠提示仍待驗收
V9-1970,已共用,V9.1av 已把原色值來源改讀 SailuneTheme.controlSurface，保留原 shape、opacity 與層級；雙重 regex ID 指向同一色值表達式時共同標記。,docs/work-items/v9.1av-frozen-surfaces.md,21 個現行來源、原色值、無簽章 macOS Debug build 與 git diff --check 通過；Light／Dark／hover 實際畫面待驗收
V9-1971,合理例外,領域 catch 在同一來源行明確顯示錯誤、拋出具名錯誤或 private 記錄；其資料結果依原領域契約保留，沒有共用 catch 外殼的必要。原語句：catch { operationError = error.localizedDescription },docs/work-items/v9-frozen-inventory.md,來源已見明確錯誤出口；故障注入與 GUI 呈現尚待驗收
V9-1972,合理例外,"領域錯誤／結果標題與狀態綁定由原畫面提供，確認按鈕已讀取 SailuneActionCopy.acknowledge，系統 .alert 提供共同呈現；保留領域內容與原 action。凍結來源：.alert(""時間軸操作失敗"", isPresented: operationErrorBinding) { Button(SailuneActionCopy.acknowledge) { operationError = nil } } message: {",docs/work-items/v9-frozen-inventory.md,來源確認共用確認文案；實際錯誤呈現與鍵盤／VoiceOver 待驗收
V9-1973,合理例外,"原生文字 Button；已使用 SailuneActionCopy 共用標題。保留 macOS 原生控制以承載此處 action；對應 button_style／copy ID 仍獨立審核，位置與實際命中須畫面驗收。凍結來源：.alert(""時間軸操作失敗"", isPresented: operationErrorBinding) { Button(SailuneActionCopy.acknowledge) { operationError = nil } } message: {",docs/work-items/v9-frozen-inventory.md,來源確認為文字 Button；位置／鍵盤焦點／實際命中及 Light／Dark 待驗收
V9-1974,已共用,已讀取 SailuneActionCopy 或位於其實作；原中文值由集中資源提供。,docs/work-items/v9-frozen-inventory.md,字面值／重複群已核對；實際文案與輔助描述待畫面驗收
V9-1975,待共用,"錯誤或結果 alert 候選；需核對同類標題、詳細訊息、確認按鈕與錯誤出口後決定共用呈現外殼。 凍結來源：.alert(""刪除時間釘子"", isPresented: $showDeleteConfirm) {",docs/work-items/v9-frozen-inventory.md,來源呈現類型已核對；失敗／取消／GUI 待驗收
V9-1976,合理例外,"原生文字 Button；已使用 SailuneActionCopy 共用標題。保留 macOS 原生控制以承載此處 action；對應 button_style／copy ID 仍獨立審核，位置與實際命中須畫面驗收。凍結來源：Button(SailuneActionCopy.cancel, role: .cancel) { pendingDeleteNodes = [] }",docs/work-items/v9-frozen-inventory.md,來源確認為文字 Button；位置／鍵盤焦點／實際命中及 Light／Dark 待驗收
V9-1977,已共用,已讀取 SailuneActionCopy 或位於其實作；原中文值由集中資源提供。,docs/work-items/v9-frozen-inventory.md,字面值／重複群已核對；實際文案與輔助描述待畫面驗收
V9-1978,合理例外,"來源以 SwiftUI 原生 Button 的標題參數承載文字或文字加圖標；保留原生角色／焦點／可用狀態，文案與圖標分別由固定 copy／symbol ID 審核，不為此控制另造相同 Button 外殼。來源：Button(SailuneActionCopy.delete, role: .destructive) { performDeleteNodes() }",docs/work-items/v9-frozen-inventory.md,來源原生標題按鈕已核對；位置／實際 hit-test／鍵盤與 Light／Dark 待驗收
V9-1979,已共用,已讀取 SailuneActionCopy 或位於其實作；原中文值由集中資源提供。,docs/work-items/v9-frozen-inventory.md,字面值／重複群已核對；實際文案與輔助描述待畫面驗收
V9-1980,合理例外,畫面標題、欄位名稱或領域狀態的靜態文字；不是 Button／Menu 操作命令。,docs/work-items/v9-frozen-inventory.md,字面值／重複群已核對；實際文案與輔助描述待畫面驗收
V9-1981,合理例外,畫面標題、欄位名稱或領域狀態的靜態文字；不是 Button／Menu 操作命令。,docs/work-items/v9-frozen-inventory.md,字面值／重複群已核對；實際文案與輔助描述待畫面驗收
V9-1982,待共用,"錯誤或結果 alert 候選；需核對同類標題、詳細訊息、確認按鈕與錯誤出口後決定共用呈現外殼。 凍結來源：.alert(deleteEventTitle,",docs/work-items/v9-frozen-inventory.md,來源呈現類型已核對；失敗／取消／GUI 待驗收
V9-1983,合理例外,"原生文字 Button；已使用 SailuneActionCopy 共用標題。保留 macOS 原生控制以承載此處 action；對應 button_style／copy ID 仍獨立審核，位置與實際命中須畫面驗收。凍結來源：Button(SailuneActionCopy.cancel, role: .cancel) { pendingDeleteEvent = nil }",docs/work-items/v9-frozen-inventory.md,來源確認為文字 Button；位置／鍵盤焦點／實際命中及 Light／Dark 待驗收
V9-1984,已共用,已讀取 SailuneActionCopy 或位於其實作；原中文值由集中資源提供。,docs/work-items/v9-frozen-inventory.md,字面值／重複群已核對；實際文案與輔助描述待畫面驗收
V9-1985,合理例外,"來源以 SwiftUI 原生 Button 的標題參數承載文字或文字加圖標；保留原生角色／焦點／可用狀態，文案與圖標分別由固定 copy／symbol ID 審核，不為此控制另造相同 Button 外殼。來源：Button(SailuneActionCopy.delete, role: .destructive) { performDeleteEvent(event) }",docs/work-items/v9-frozen-inventory.md,來源原生標題按鈕已核對；位置／實際 hit-test／鍵盤與 Light／Dark 待驗收
V9-1986,已共用,已讀取 SailuneActionCopy 或位於其實作；原中文值由集中資源提供。,docs/work-items/v9-frozen-inventory.md,字面值／重複群已核對；實際文案與輔助描述待畫面驗收
V9-1987,合理例外,畫面標題、欄位名稱或領域狀態的靜態文字；不是 Button／Menu 操作命令。,docs/work-items/v9-frozen-inventory.md,字面值／重複群已核對；實際文案與輔助描述待畫面驗收
V9-1988,待共用,"錯誤或結果 alert 候選；需核對同類標題、詳細訊息、確認按鈕與錯誤出口後決定共用呈現外殼。 凍結來源：.alert(""新增副軸"", isPresented: $showingAddSecondary) {",docs/work-items/v9-frozen-inventory.md,來源呈現類型已核對；失敗／取消／GUI 待驗收
V9-1989,合理例外,新增副軸的 macOS 原生 alert 文字欄，保留系統呈現。 此例外只涵蓋欄位共用外殼，首行／focus GUI 仍依驗收清單檢查。,docs/work-items/v9-frozen-inventory.md,來源欄位與父容器契約已核對；CJK／focus／首行 GUI 待驗收
V9-1990,合理例外,"原生文字 Button；已使用 SailuneActionCopy 共用標題。保留 macOS 原生控制以承載此處 action；對應 button_style／copy ID 仍獨立審核，位置與實際命中須畫面驗收。凍結來源：Button(SailuneActionCopy.cancel, role: .cancel) { newSecondaryName = """" }",docs/work-items/v9-frozen-inventory.md,來源確認為文字 Button；位置／鍵盤焦點／實際命中及 Light／Dark 待驗收
V9-1991,已共用,已讀取 SailuneActionCopy 或位於其實作；原中文值由集中資源提供。,docs/work-items/v9-frozen-inventory.md,字面值／重複群已核對；實際文案與輔助描述待畫面驗收
V9-1992,合理例外,原生文字 Button；已使用 SailuneActionCopy 共用標題。保留 macOS 原生控制以承載此處 action；對應 button_style／copy ID 仍獨立審核，位置與實際命中須畫面驗收。凍結來源：Button(SailuneActionCopy.add) { commitAddSecondary() },docs/work-items/v9-frozen-inventory.md,來源確認為文字 Button；位置／鍵盤焦點／實際命中及 Light／Dark 待驗收
V9-1993,已共用,已讀取 SailuneActionCopy 或位於其實作；原中文值由集中資源提供。,docs/work-items/v9-frozen-inventory.md,字面值／重複群已核對；實際文案與輔助描述待畫面驗收
V9-1994,合理例外,畫面標題、欄位名稱或領域狀態的靜態文字；不是 Button／Menu 操作命令。,docs/work-items/v9-frozen-inventory.md,字面值／重複群已核對；實際文案與輔助描述待畫面驗收
V9-1995,待共用,"錯誤或結果 alert 候選；需核對同類標題、詳細訊息、確認按鈕與錯誤出口後決定共用呈現外殼。 凍結來源：.alert(""重新命名副軸"",",docs/work-items/v9-frozen-inventory.md,來源呈現類型已核對；失敗／取消／GUI 待驗收
V9-1996,合理例外,重新命名副軸的 macOS 原生 alert 文字欄，保留系統呈現。 此例外只涵蓋欄位共用外殼，首行／focus GUI 仍依驗收清單檢查。,docs/work-items/v9-frozen-inventory.md,來源欄位與父容器契約已核對；CJK／focus／首行 GUI 待驗收
V9-1997,合理例外,"原生文字 Button；已使用 SailuneActionCopy 共用標題。保留 macOS 原生控制以承載此處 action；對應 button_style／copy ID 仍獨立審核，位置與實際命中須畫面驗收。凍結來源：Button(SailuneActionCopy.cancel, role: .cancel) { pendingRenameTimeline = nil }",docs/work-items/v9-frozen-inventory.md,來源確認為文字 Button；位置／鍵盤焦點／實際命中及 Light／Dark 待驗收
V9-1998,已共用,已讀取 SailuneActionCopy 或位於其實作；原中文值由集中資源提供。,docs/work-items/v9-frozen-inventory.md,字面值／重複群已核對；實際文案與輔助描述待畫面驗收
V9-1999,合理例外,原生文字 Button；已使用 SailuneActionCopy 共用標題。保留 macOS 原生控制以承載此處 action；對應 button_style／copy ID 仍獨立審核，位置與實際命中須畫面驗收。凍結來源：Button(SailuneActionCopy.save) {,docs/work-items/v9-frozen-inventory.md,來源確認為文字 Button；位置／鍵盤焦點／實際命中及 Light／Dark 待驗收
V9-2000,已共用,已讀取 SailuneActionCopy 或位於其實作；原中文值由集中資源提供。,docs/work-items/v9-frozen-inventory.md,字面值／重複群已核對；實際文案與輔助描述待畫面驗收
V9-2001,合理例外,領域 catch 在同一來源行明確顯示錯誤、拋出具名錯誤或 private 記錄；其資料結果依原領域契約保留，沒有共用 catch 外殼的必要。原語句：catch { operationError = error.localizedDescription; return },docs/work-items/v9-frozen-inventory.md,來源已見明確錯誤出口；故障注入與 GUI 呈現尚待驗收
V9-2002,待共用,"錯誤或結果 alert 候選；需核對同類標題、詳細訊息、確認按鈕與錯誤出口後決定共用呈現外殼。 凍結來源：.alert(""刪除副軸"",",docs/work-items/v9-frozen-inventory.md,來源呈現類型已核對；失敗／取消／GUI 待驗收
V9-2003,合理例外,"原生文字 Button；已使用 SailuneActionCopy 共用標題。保留 macOS 原生控制以承載此處 action；對應 button_style／copy ID 仍獨立審核，位置與實際命中須畫面驗收。凍結來源：Button(SailuneActionCopy.cancel, role: .cancel) { pendingDeleteTimeline = nil }",docs/work-items/v9-frozen-inventory.md,來源確認為文字 Button；位置／鍵盤焦點／實際命中及 Light／Dark 待驗收
V9-2004,已共用,已讀取 SailuneActionCopy 或位於其實作；原中文值由集中資源提供。,docs/work-items/v9-frozen-inventory.md,字面值／重複群已核對；實際文案與輔助描述待畫面驗收
V9-2005,合理例外,"來源以 SwiftUI 原生 Button 的標題參數承載文字或文字加圖標；保留原生角色／焦點／可用狀態，文案與圖標分別由固定 copy／symbol ID 審核，不為此控制另造相同 Button 外殼。來源：Button(SailuneActionCopy.delete, role: .destructive) { performDeleteTimeline(t) }",docs/work-items/v9-frozen-inventory.md,來源原生標題按鈕已核對；位置／實際 hit-test／鍵盤與 Light／Dark 待驗收
V9-2006,已共用,已讀取 SailuneActionCopy 或位於其實作；原中文值由集中資源提供。,docs/work-items/v9-frozen-inventory.md,字面值／重複群已核對；實際文案與輔助描述待畫面驗收
V9-2007,合理例外,畫面標題、欄位名稱或領域狀態的靜態文字；不是 Button／Menu 操作命令。,docs/work-items/v9-frozen-inventory.md,字面值／重複群已核對；實際文案與輔助描述待畫面驗收
V9-2008,合理例外,內容型系統 sheet 承載此領域編輯流程；不與刪除／錯誤提示共用資料 action，仍需核對取消與焦點。 凍結來源：.sheet(isPresented: $showingCreateEvent) {,docs/work-items/v9-frozen-inventory.md,來源呈現類型已核對；失敗／取消／GUI 待驗收
V9-2009,合理例外,內容型系統 sheet 承載此領域編輯流程；不與刪除／錯誤提示共用資料 action，仍需核對取消與焦點。 凍結來源：.sheet(item: $selectedEvent) { event in,docs/work-items/v9-frozen-inventory.md,來源呈現類型已核對；失敗／取消／GUI 待驗收
V9-2010,合理例外,畫面標題、欄位名稱或領域狀態的靜態文字；不是 Button／Menu 操作命令。,docs/work-items/v9-frozen-inventory.md,字面值／重複群已核對；實際文案與輔助描述待畫面驗收
V9-2011,合理例外,原生文字 Button；已使用 SailuneActionCopy 共用標題。保留 macOS 原生控制以承載此處 action；對應 button_style／copy ID 仍獨立審核，位置與實際命中須畫面驗收。凍結來源：Button(SailuneActionCopy.done) { selectedEvent = nil },docs/work-items/v9-frozen-inventory.md,來源確認為文字 Button；位置／鍵盤焦點／實際命中及 Light／Dark 待驗收
V9-2012,已共用,已讀取 SailuneActionCopy 或位於其實作；原中文值由集中資源提供。,docs/work-items/v9-frozen-inventory.md,字面值／重複群已核對；實際文案與輔助描述待畫面驗收
V9-2013,已共用,使用既有 PlanningActionStyle 或在 SharedUI 定義共用按鈕外殼；原按鈕位置仍需驗收。,docs/work-items/v9-frozen-inventory.md,來源 style 已核對；實際 hit-test／Light／Dark 待驗收
V9-2014,合理例外,畫面標題、欄位名稱或領域狀態的靜態文字；不是 Button／Menu 操作命令。,docs/work-items/v9-frozen-inventory.md,字面值／重複群已核對；實際文案與輔助描述待畫面驗收
V9-2015,合理例外,畫面標題、欄位名稱或領域狀態的靜態文字；不是 Button／Menu 操作命令。,docs/work-items/v9-frozen-inventory.md,字面值／重複群已核對；實際文案與輔助描述待畫面驗收
V9-2016,合理例外,時間軸切換列的選中膠囊底色，依 selectedTimeline 條件切換。 來源：.background(,docs/work-items/v9-frozen-inventory.md,來源色彩用途已分類；Light／Dark／hover 實際畫面待驗收
V9-2017,合理例外,"透明或幾何量測層，非可見表面色；不混入背景色 token。 凍結來源：Capsule().stroke(t.isPrimary ? Color.clear : Color.secondary.opacity(0.25),",docs/work-items/v9-frozen-inventory.md,來源色彩用途已分類；Light／Dark 與 hit-testing 待驗收
V9-2018,待共用,原生 .plain 樣式常見於圖標／整列控制；需與對應 Button ID 一起核對角色、28 pt 命中及是否需具名共用 variant。,docs/work-items/v9-frozen-inventory.md,來源 style 已核對；實際 hit-test／Light／Dark 待驗收
V9-2019,已共用,"V9.1ao 已依凍結 ID 將原操作標題接至 SailuneActionCopy，原繁體中文值、closure、role、style 及圖標不變；現行來源：Label(SailuneActionCopy.rename, systemImage: SailuneSymbol.edit.systemName)",docs/work-items/v9.1ao-repeated-action-copy.md,65 個固定 ID 靜態核對、String Catalog JSON 及主機無簽章 Debug build 通過；GUI／VoiceOver 待驗收
V9-2020,已共用,來源已讀取 SailuneSymbol 語意 key；同功能字形是否一致依集中表與畫面驗收。,docs/work-items/v9-frozen-inventory.md,來源語意已複核；字形與輔助功能畫面驗收待完成
V9-2021,合理例外,副軸原生選單的破壞性 Label 選項；共用刪除符號已接，保留選單命中。 詳見 docs/v9-freeze/review-button-contexts.md。,docs/work-items/v9-frozen-inventory.md,來源契約複核；實際命中／鍵盤／Light／Dark 待驗收
V9-2022,合理例外,目前固定清單中僅此處使用的領域文案「刪除副軸」；沒有同功能重複證據，保留具名畫面語境。,docs/work-items/v9-frozen-inventory.md,字面值／重複群已核對；實際文案與輔助描述待畫面驗收
V9-2023,已共用,來源已讀取 SailuneSymbol 語意 key；同功能字形是否一致依集中表與畫面驗收。,docs/work-items/v9-frozen-inventory.md,來源語意已複核；字形與輔助功能畫面驗收待完成
V9-2024,合理例外,目前固定清單中僅此處使用的領域文案「時間軸操作」；沒有同功能重複證據，保留具名畫面語境。,docs/work-items/v9-frozen-inventory.md,字面值／重複群已核對；實際文案與輔助描述待畫面驗收
V9-2025,已共用,來源已讀取 SailuneSymbol 語意 key；同功能字形是否一致依集中表與畫面驗收。,docs/work-items/v9-frozen-inventory.md,來源語意已複核；字形與輔助功能畫面驗收待完成
V9-2026,已共用,使用既有 PlanningActionStyle 或在 SharedUI 定義共用按鈕外殼；原按鈕位置仍需驗收。,docs/work-items/v9-frozen-inventory.md,來源 style 已核對；實際 hit-test／Light／Dark 待驗收
V9-2027,合理例外,目前固定清單中僅此處使用的領域文案「新增」；沒有同功能重複證據，保留具名畫面語境。,docs/work-items/v9-frozen-inventory.md,字面值／重複群已核對；實際文案與輔助描述待畫面驗收
V9-2028,已共用,來源已讀取 SailuneSymbol 語意 key；同功能字形是否一致依集中表與畫面驗收。,docs/work-items/v9-frozen-inventory.md,來源語意已複核；字形與輔助功能畫面驗收待完成
V9-2029,合理例外,"來源以 SwiftUI 原生 Button 的標題參數承載文字或文字加圖標；保留原生角色／焦點／可用狀態，文案與圖標分別由固定 copy／symbol ID 審核，不為此控制另造相同 Button 外殼。來源：Button(""新增預排事件"", systemImage: ""rectangle.dashed"") {",docs/work-items/v9-frozen-inventory.md,來源原生標題按鈕已核對；位置／實際 hit-test／鍵盤與 Light／Dark 待驗收
V9-2030,合理例外,目前固定清單中僅此處使用的領域文案「新增預排事件」；沒有同功能重複證據，保留具名畫面語境。,docs/work-items/v9-frozen-inventory.md,字面值／重複群已核對；實際文案與輔助描述待畫面驗收
V9-2031,合理例外,新增預排事件的虛線框；與實際日期節點或一般新增事件不同。 目前凍結清單沒有同一語意的第二個呼叫點，不為單一用途新增共用 key；若日後出現同義功能另版本再審。,docs/work-items/v9-frozen-inventory.md,來源語意已核對；實際字形／Light／Dark／VoiceOver 待驗收
V9-2032,合理例外,"來源以 SwiftUI 原生 Button 的標題參數承載文字或文字加圖標；保留原生角色／焦點／可用狀態，文案與圖標分別由固定 copy／symbol ID 審核，不為此控制另造相同 Button 外殼。來源：Button(""只新增日期節點"", systemImage: ""mappin.circle"", action: openAddNode)",docs/work-items/v9-frozen-inventory.md,來源原生標題按鈕已核對；位置／實際 hit-test／鍵盤與 Light／Dark 待驗收
V9-2033,合理例外,目前固定清單中僅此處使用的領域文案「只新增日期節點」；沒有同功能重複證據，保留具名畫面語境。,docs/work-items/v9-frozen-inventory.md,字面值／重複群已核對；實際文案與輔助描述待畫面驗收
V9-2034,合理例外,只新增日期節點的圓形定位釘；不同於地圖上的地點標記。 目前凍結清單沒有同一語意的第二個呼叫點，不為單一用途新增共用 key；若日後出現同義功能另版本再審。,docs/work-items/v9-frozen-inventory.md,來源語意已核對；實際字形／Light／Dark／VoiceOver 待驗收
V9-2035,已共用,使用既有 PlanningActionStyle 或在 SharedUI 定義共用按鈕外殼；原按鈕位置仍需驗收。,docs/work-items/v9-frozen-inventory.md,來源 style 已核對；實際 hit-test／Light／Dark 待驗收
V9-2036,合理例外,描述依目前資料或狀態即時組成；不能以固定通用動作文字取代，需核對可讀性及對象。,docs/work-items/v9-frozen-inventory.md,來源描述已分類；VoiceOver／滑鼠提示仍待驗收
V9-2037,合理例外,"來源以 SwiftUI 原生 Button 的標題參數承載文字或文字加圖標；保留原生角色／焦點／可用狀態，文案與圖標分別由固定 copy／symbol ID 審核，不為此控制另造相同 Button 外殼。來源：Button(""紀元管理"", systemImage: ""list.bullet.rectangle"") {",docs/work-items/v9-frozen-inventory.md,來源原生標題按鈕已核對；位置／實際 hit-test／鍵盤與 Light／Dark 待驗收
V9-2038,合理例外,目前固定清單中僅此處使用的領域文案「紀元管理」；沒有同功能重複證據，保留具名畫面語境。,docs/work-items/v9-frozen-inventory.md,字面值／重複群已核對；實際文案與輔助描述待畫面驗收
V9-2039,合理例外,紀元管理的帶框列表；不同於故事線與 Inspector 管理。 目前凍結清單沒有同一語意的第二個呼叫點，不為單一用途新增共用 key；若日後出現同義功能另版本再審。,docs/work-items/v9-frozen-inventory.md,來源語意已核對；實際字形／Light／Dark／VoiceOver 待驗收
V9-2040,待共用,直接提示／輔助文字；需按固定 ID 核對操作對象、狀態、同功能用詞及是否缺少另一種描述。,docs/work-items/v9-frozen-inventory.md,來源描述已分類；VoiceOver／滑鼠提示仍待驗收
V9-2041,合理例外,"來源以 SwiftUI 原生 Button 的標題參數承載文字或文字加圖標；保留原生角色／焦點／可用狀態，文案與圖標分別由固定 copy／symbol ID 審核，不為此控制另造相同 Button 外殼。來源：Button(""新增副軸"", systemImage: SailuneSymbol.add.systemName) {",docs/work-items/v9-frozen-inventory.md,來源原生標題按鈕已核對；位置／實際 hit-test／鍵盤與 Light／Dark 待驗收
V9-2042,合理例外,目前固定清單中僅此處使用的領域文案「新增副軸」；沒有同功能重複證據，保留具名畫面語境。,docs/work-items/v9-frozen-inventory.md,字面值／重複群已核對；實際文案與輔助描述待畫面驗收
V9-2043,已共用,來源已讀取 SailuneSymbol 語意 key；同功能字形是否一致依集中表與畫面驗收。,docs/work-items/v9-frozen-inventory.md,來源語意已複核；字形與輔助功能畫面驗收待完成
V9-2044,合理例外,"來源以 SwiftUI 原生 Button 的標題參數承載文字或文字加圖標；保留原生角色／焦點／可用狀態，文案與圖標分別由固定 copy／symbol ID 審核，不為此控制另造相同 Button 外殼。來源：Button(""改元"", systemImage: ""calendar.badge.plus"") {",docs/work-items/v9-frozen-inventory.md,來源原生標題按鈕已核對；位置／實際 hit-test／鍵盤與 Light／Dark 待驗收
V9-2045,合理例外,目前固定清單中僅此處使用的領域文案「改元」；沒有同功能重複證據，保留具名畫面語境。,docs/work-items/v9-frozen-inventory.md,字面值／重複群已核對；實際文案與輔助描述待畫面驗收
V9-2046,合理例外,改元的日曆加號；不同於新增事件或新增節。 目前凍結清單沒有同一語意的第二個呼叫點，不為單一用途新增共用 key；若日後出現同義功能另版本再審。,docs/work-items/v9-frozen-inventory.md,來源語意已核對；實際字形／Light／Dark／VoiceOver 待驗收
V9-2047,合理例外,描述依目前資料或狀態即時組成；不能以固定通用動作文字取代，需核對可讀性及對象。,docs/work-items/v9-frozen-inventory.md,來源描述已分類；VoiceOver／滑鼠提示仍待驗收
V9-2048,已共用,來源已讀取 SailuneSymbol 語意 key；同功能字形是否一致依集中表與畫面驗收。,docs/work-items/v9-frozen-inventory.md,來源語意已複核；字形與輔助功能畫面驗收待完成
V9-2049,合理例外,畫面標題、欄位名稱或領域狀態的靜態文字；不是 Button／Menu 操作命令。,docs/work-items/v9-frozen-inventory.md,字面值／重複群已核對；實際文案與輔助描述待畫面驗收
V9-2050,合理例外,時間軸刻度的分隔線，不是可見面板表面。 來源：Rectangle().fill(Color.secondary.opacity(0.5)).frame(height: 1),docs/work-items/v9-frozen-inventory.md,來源色彩用途已分類；Light／Dark／hover 實際畫面待驗收
V9-2051,合理例外,此處表示領域資料類型、靜態狀態或專用空狀態；未證實是跨畫面的相同操作，保留具名語境而不與同字形操作混用。,docs/work-items/v9-frozen-inventory.md,來源語意已複核；字形與輔助功能畫面驗收待完成
V9-2052,合理例外,畫面標題、欄位名稱或領域狀態的靜態文字；不是 Button／Menu 操作命令。,docs/work-items/v9-frozen-inventory.md,字面值／重複群已核對；實際文案與輔助描述待畫面驗收
V9-2053,已共用,V9.1av 相同用途的描邊或淡色卡片背景改讀 SailuneTheme.faintCardSurface；外層 .background 與內層色值的雙重 regex ID 均對應同一已共用表達式。,docs/work-items/v9.1av-frozen-surfaces.md,原色值／形狀與主機無簽章 Debug build、git diff --check 通過；Light／Dark GUI 待驗收
V9-2054,已共用,V9.1av 相同用途的描邊或淡色卡片背景改讀 SailuneTheme.faintCardSurface；外層 .background 與內層色值的雙重 regex ID 均對應同一已共用表達式。,docs/work-items/v9.1av-frozen-surfaces.md,原色值／形狀與主機無簽章 Debug build、git diff --check 通過；Light／Dark GUI 待驗收
V9-2055,已共用,來源已讀取 SailuneSymbol 語意 key；同功能字形是否一致依集中表與畫面驗收。,docs/work-items/v9-frozen-inventory.md,來源語意已複核；字形與輔助功能畫面驗收待完成
V9-2056,待共用,原生 .plain 樣式常見於圖標／整列控制；需與對應 Button ID 一起核對角色、28 pt 命中及是否需具名共用 variant。,docs/work-items/v9-frozen-inventory.md,來源 style 已核對；實際 hit-test／Light／Dark 待驗收
V9-2057,已共用,提示或輔助名稱已讀取共用文案／元件；仍需 VoiceOver 與命中驗收。,docs/work-items/v9-frozen-inventory.md,來源描述已分類；VoiceOver／滑鼠提示仍待驗收
V9-2058,已共用,已讀取 SailuneActionCopy 或位於其實作；原中文值由集中資源提供。,docs/work-items/v9-frozen-inventory.md,字面值／重複群已核對；實際文案與輔助描述待畫面驗收
V9-2059,已共用,提示或輔助名稱已讀取共用文案／元件；仍需 VoiceOver 與命中驗收。,docs/work-items/v9-frozen-inventory.md,來源描述已分類；VoiceOver／滑鼠提示仍待驗收
V9-2060,已共用,已讀取 SailuneActionCopy 或位於其實作；原中文值由集中資源提供。,docs/work-items/v9-frozen-inventory.md,字面值／重複群已核對；實際文案與輔助描述待畫面驗收
V9-2061,合理例外,"catch 明確設定錯誤呈現／狀態，保留領域提示；此處是領域失敗處理，不宜僅為共用化抽成統一資料 action。來源分支：modelContext.rollback() let title = event.title.trimmingCharacters(in: .whitespacesAndNewlines) operationError = ""無法刪除事件「\(title.isEmpty ? ""未命名事件"" : title)」，內容仍完整保留。\n\n\(error.localizedDescription)""",docs/work-items/v9-frozen-inventory.md,來源分支已複核；故障注入或 GUI 呈現仍待相關驗收
V9-2062,合理例外,畫面標題、欄位名稱或領域狀態的靜態文字；不是 Button／Menu 操作命令。,docs/work-items/v9-frozen-inventory.md,字面值／重複群已核對；實際文案與輔助描述待畫面驗收
V9-2063,待共用,原生 .plain 樣式常見於圖標／整列控制；需與對應 Button ID 一起核對角色、28 pt 命中及是否需具名共用 variant。,docs/work-items/v9-frozen-inventory.md,來源 style 已核對；實際 hit-test／Light／Dark 待驗收
V9-2064,合理例外,"來源以 SwiftUI 原生 Button 的標題參數承載文字或文字加圖標；保留原生角色／焦點／可用狀態，文案與圖標分別由固定 copy／symbol ID 審核，不為此控制另造相同 Button 外殼。來源：Button(""編輯紀元"", systemImage: SailuneSymbol.edit.systemName) { editingEra = era }",docs/work-items/v9-frozen-inventory.md,來源原生標題按鈕已核對；位置／實際 hit-test／鍵盤與 Light／Dark 待驗收
V9-2065,已共用,"V9.1ao 已依凍結 ID 將原操作標題接至 SailuneActionCopy，原繁體中文值、closure、role、style 及圖標不變；現行來源：Button(SailuneActionCopy.editEra, systemImage: SailuneSymbol.edit.systemName) { editingEra = era }",docs/work-items/v9.1ao-repeated-action-copy.md,65 個固定 ID 靜態核對、String Catalog JSON 及主機無簽章 Debug build 通過；GUI／VoiceOver 待驗收
V9-2066,已共用,來源已讀取 SailuneSymbol 語意 key；同功能字形是否一致依集中表與畫面驗收。,docs/work-items/v9-frozen-inventory.md,來源語意已複核；字形與輔助功能畫面驗收待完成
V9-2067,已共用,使用既有 PlanningActionStyle 或在 SharedUI 定義共用按鈕外殼；原按鈕位置仍需驗收。,docs/work-items/v9-frozen-inventory.md,來源 style 已核對；實際 hit-test／Light／Dark 待驗收
V9-2068,合理例外,"背景色由此領域項目的動態分類色決定，非固定通用表面；保留來源色語意。 凍結來源：.background(color.opacity(0.07), in: RoundedRectangle(cornerRadius: 12))",docs/work-items/v9-frozen-inventory.md,來源色彩用途已分類；Light／Dark 與 hit-testing 待驗收
V9-2069,合理例外,畫面標題、欄位名稱或領域狀態的靜態文字；不是 Button／Menu 操作命令。,docs/work-items/v9-frozen-inventory.md,字面值／重複群已核對；實際文案與輔助描述待畫面驗收
V9-2070,待共用,原生 .plain 樣式常見於圖標／整列控制；需與對應 Button ID 一起核對角色、28 pt 命中及是否需具名共用 variant。,docs/work-items/v9-frozen-inventory.md,來源 style 已核對；實際 hit-test／Light／Dark 待驗收
V9-2071,已共用,來源已讀取 SailuneSymbol 語意 key；同功能字形是否一致依集中表與畫面驗收。,docs/work-items/v9-frozen-inventory.md,來源語意已複核；字形與輔助功能畫面驗收待完成
V9-2072,待共用,原生 .plain 樣式常見於圖標／整列控制；需與對應 Button ID 一起核對角色、28 pt 命中及是否需具名共用 variant。,docs/work-items/v9-frozen-inventory.md,來源 style 已核對；實際 hit-test／Light／Dark 待驗收
V9-2073,已共用,提示或輔助名稱已讀取共用文案／元件；仍需 VoiceOver 與命中驗收。,docs/work-items/v9-frozen-inventory.md,來源描述已分類；VoiceOver／滑鼠提示仍待驗收
V9-2074,已共用,已讀取 SailuneActionCopy 或位於其實作；原中文值由集中資源提供。,docs/work-items/v9-frozen-inventory.md,字面值／重複群已核對；實際文案與輔助描述待畫面驗收
V9-2075,已共用,提示或輔助名稱已讀取共用文案／元件；仍需 VoiceOver 與命中驗收。,docs/work-items/v9-frozen-inventory.md,來源描述已分類；VoiceOver／滑鼠提示仍待驗收
V9-2076,已共用,已讀取 SailuneActionCopy 或位於其實作；原中文值由集中資源提供。,docs/work-items/v9-frozen-inventory.md,字面值／重複群已核對；實際文案與輔助描述待畫面驗收
V9-2077,合理例外,畫面標題、欄位名稱或領域狀態的靜態文字；不是 Button／Menu 操作命令。,docs/work-items/v9-frozen-inventory.md,字面值／重複群已核對；實際文案與輔助描述待畫面驗收
V9-2078,已共用,V9.1as 對應固定語意組，保留原字形與 action：SailuneSymbol.rowNavigation,docs/work-items/v9.1as-frozen-symbol-groups.md,固定 ID 原字形與主機無簽章 Debug build 通過；實際 GUI／VoiceOver 待驗收
V9-2079,待共用,原生 .plain 樣式常見於圖標／整列控制；需與對應 Button ID 一起核對角色、28 pt 命中及是否需具名共用 variant。,docs/work-items/v9-frozen-inventory.md,來源 style 已核對；實際 hit-test／Light／Dark 待驗收
V9-2080,已共用,"背景引用已命名的 theme／AppTheme 色彩來源；用途與 Light／Dark 對照仍需畫面驗收。 凍結來源：.background(SailuneTheme.subtleSurface, in: RoundedRectangle(cornerRadius: 7))",docs/work-items/v9-frozen-inventory.md,來源色彩用途已分類；Light／Dark 與 hit-testing 待驗收
V9-2081,已共用,"背景引用已命名的 theme／AppTheme 色彩來源；用途與 Light／Dark 對照仍需畫面驗收。 凍結來源：.background(SailuneTheme.subtleSurface, in: RoundedRectangle(cornerRadius: 7))",docs/work-items/v9-frozen-inventory.md,來源色彩用途已分類；Light／Dark 與 hit-testing 待驗收
V9-2082,合理例外,描述依目前資料或狀態即時組成；不能以固定通用動作文字取代，需核對可讀性及對象。,docs/work-items/v9-frozen-inventory.md,來源描述已分類；VoiceOver／滑鼠提示仍待驗收
V9-2083,合理例外,"來源以 SwiftUI 原生 Button 的標題參數承載文字或文字加圖標；保留原生角色／焦點／可用狀態，文案與圖標分別由固定 copy／symbol ID 審核，不為此控制另造相同 Button 外殼。來源：Button(""新增事件"", systemImage: SailuneSymbol.addCircle.systemName) {",docs/work-items/v9-frozen-inventory.md,來源原生標題按鈕已核對；位置／實際 hit-test／鍵盤與 Light／Dark 待驗收
V9-2084,已共用,"V9.1ao 已依凍結 ID 將原操作標題接至 SailuneActionCopy，原繁體中文值、closure、role、style 及圖標不變；現行來源：Button(SailuneActionCopy.addEvent, systemImage: SailuneSymbol.addCircle.systemName) {",docs/work-items/v9.1ao-repeated-action-copy.md,65 個固定 ID 靜態核對、String Catalog JSON 及主機無簽章 Debug build 通過；GUI／VoiceOver 待驗收
V9-2085,已共用,來源已讀取 SailuneSymbol 語意 key；同功能字形是否一致依集中表與畫面驗收。,docs/work-items/v9-frozen-inventory.md,來源語意已複核；字形與輔助功能畫面驗收待完成
V9-2086,已共用,使用既有 PlanningActionStyle 或在 SharedUI 定義共用按鈕外殼；原按鈕位置仍需驗收。,docs/work-items/v9-frozen-inventory.md,來源 style 已核對；實際 hit-test／Light／Dark 待驗收
V9-2087,已共用,來源已讀取 SailuneSymbol 語意 key；同功能字形是否一致依集中表與畫面驗收。,docs/work-items/v9-frozen-inventory.md,來源語意已複核；字形與輔助功能畫面驗收待完成
V9-2088,合理例外,畫面標題、欄位名稱或領域狀態的靜態文字；不是 Button／Menu 操作命令。,docs/work-items/v9-frozen-inventory.md,字面值／重複群已核對；實際文案與輔助描述待畫面驗收
V9-2089,合理例外,"來源以 SwiftUI 原生 Button 的標題參數承載文字或文字加圖標；保留原生角色／焦點／可用狀態，文案與圖標分別由固定 copy／symbol ID 審核，不為此控制另造相同 Button 外殼。來源：Button(""編輯紀元"", systemImage: SailuneSymbol.edit.systemName) { editingEra = era }",docs/work-items/v9-frozen-inventory.md,來源原生標題按鈕已核對；位置／實際 hit-test／鍵盤與 Light／Dark 待驗收
V9-2090,已共用,"V9.1ao 已依凍結 ID 將原操作標題接至 SailuneActionCopy，原繁體中文值、closure、role、style 及圖標不變；現行來源：Button(SailuneActionCopy.editEra, systemImage: SailuneSymbol.edit.systemName) { editingEra = era }",docs/work-items/v9.1ao-repeated-action-copy.md,65 個固定 ID 靜態核對、String Catalog JSON 及主機無簽章 Debug build 通過；GUI／VoiceOver 待驗收
V9-2091,已共用,來源已讀取 SailuneSymbol 語意 key；同功能字形是否一致依集中表與畫面驗收。,docs/work-items/v9-frozen-inventory.md,來源語意已複核；字形與輔助功能畫面驗收待完成
V9-2092,已共用,使用既有 PlanningActionStyle 或在 SharedUI 定義共用按鈕外殼；原按鈕位置仍需驗收。,docs/work-items/v9-frozen-inventory.md,來源 style 已核對；實際 hit-test／Light／Dark 待驗收
V9-2093,待共用,直接提示／輔助文字；需按固定 ID 核對操作對象、狀態、同功能用詞及是否缺少另一種描述。,docs/work-items/v9-frozen-inventory.md,來源描述已分類；VoiceOver／滑鼠提示仍待驗收
V9-2094,合理例外,時間軸年號色、選中標記、提示與規劃卡片各由領域狀態決定。 來源：.background(eraColor.opacity(0.08)),docs/work-items/v9-frozen-inventory.md,來源色彩用途已分類；Light／Dark／hover 實際畫面待驗收
V9-2095,合理例外,畫面標題、欄位名稱或領域狀態的靜態文字；不是 Button／Menu 操作命令。,docs/work-items/v9-frozen-inventory.md,字面值／重複群已核對；實際文案與輔助描述待畫面驗收
V9-2096,合理例外,時間軸年號色、選中標記、提示與規劃卡片各由領域狀態決定。 來源：.background(Color.accentColor.opacity(0.15)),docs/work-items/v9-frozen-inventory.md,來源色彩用途已分類；Light／Dark／hover 實際畫面待驗收
V9-2097,已共用,來源已讀取 SailuneSymbol 語意 key；同功能字形是否一致依集中表與畫面驗收。,docs/work-items/v9-frozen-inventory.md,來源語意已複核；字形與輔助功能畫面驗收待完成
V9-2098,待共用,原生 .plain 樣式常見於圖標／整列控制；需與對應 Button ID 一起核對角色、28 pt 命中及是否需具名共用 variant。,docs/work-items/v9-frozen-inventory.md,來源 style 已核對；實際 hit-test／Light／Dark 待驗收
V9-2099,已共用,提示或輔助名稱已讀取共用文案／元件；仍需 VoiceOver 與命中驗收。,docs/work-items/v9-frozen-inventory.md,來源描述已分類；VoiceOver／滑鼠提示仍待驗收
V9-2100,已共用,已讀取 SailuneActionCopy 或位於其實作；原中文值由集中資源提供。,docs/work-items/v9-frozen-inventory.md,字面值／重複群已核對；實際文案與輔助描述待畫面驗收
V9-2101,已共用,提示或輔助名稱已讀取共用文案／元件；仍需 VoiceOver 與命中驗收。,docs/work-items/v9-frozen-inventory.md,來源描述已分類；VoiceOver／滑鼠提示仍待驗收
V9-2102,已共用,已讀取 SailuneActionCopy 或位於其實作；原中文值由集中資源提供。,docs/work-items/v9-frozen-inventory.md,字面值／重複群已核對；實際文案與輔助描述待畫面驗收
V9-2103,合理例外,畫面標題、欄位名稱或領域狀態的靜態文字；不是 Button／Menu 操作命令。,docs/work-items/v9-frozen-inventory.md,字面值／重複群已核對；實際文案與輔助描述待畫面驗收
V9-2104,合理例外,畫面標題、欄位名稱或領域狀態的靜態文字；不是 Button／Menu 操作命令。,docs/work-items/v9-frozen-inventory.md,字面值／重複群已核對；實際文案與輔助描述待畫面驗收
V9-2105,待共用,原生 .plain 樣式常見於圖標／整列控制；需與對應 Button ID 一起核對角色、28 pt 命中及是否需具名共用 variant。,docs/work-items/v9-frozen-inventory.md,來源 style 已核對；實際 hit-test／Light／Dark 待驗收
V9-2106,已共用,"V9.1ao 已依凍結 ID 將原操作標題接至 SailuneActionCopy，原繁體中文值、closure、role、style 及圖標不變；現行來源：Label(SailuneActionCopy.addEvent, systemImage: SailuneSymbol.addCircle.systemName)",docs/work-items/v9.1ao-repeated-action-copy.md,65 個固定 ID 靜態核對、String Catalog JSON 及主機無簽章 Debug build 通過；GUI／VoiceOver 待驗收
V9-2107,已共用,來源已讀取 SailuneSymbol 語意 key；同功能字形是否一致依集中表與畫面驗收。,docs/work-items/v9-frozen-inventory.md,來源語意已複核；字形與輔助功能畫面驗收待完成
V9-2108,已共用,使用既有 PlanningActionStyle 或在 SharedUI 定義共用按鈕外殼；原按鈕位置仍需驗收。,docs/work-items/v9-frozen-inventory.md,來源 style 已核對；實際 hit-test／Light／Dark 待驗收
V9-2109,已共用,V9.1ap 接入 SailuneFormTextField；原 title／Binding、後續字體與事件保持；原顯式圓角樣式由共用元件提供。欄名：事件標題,docs/work-items/v9.1ap-five-rounded-fields.md,五個來源與無簽章 macOS Debug build、git diff --check 通過；CJK／首行／focus GUI 待驗收
V9-2110,合理例外,使用 axis: .vertical 或多行 lineLimit，具有與單行表單不同的高度、換行及輸入契約；保留原生多行 TextField。,docs/work-items/v9-frozen-inventory.md,來源分類已複核；具體 UI／資料驗收待完成
V9-2111,合理例外,畫面標題、欄位名稱或領域狀態的靜態文字；不是 Button／Menu 操作命令。,docs/work-items/v9-frozen-inventory.md,字面值／重複群已核對；實際文案與輔助描述待畫面驗收
V9-2112,合理例外,畫面標題、欄位名稱或領域狀態的靜態文字；不是 Button／Menu 操作命令。,docs/work-items/v9-frozen-inventory.md,字面值／重複群已核對；實際文案與輔助描述待畫面驗收
V9-2113,待共用,原生 .plain 樣式常見於圖標／整列控制；需與對應 Button ID 一起核對角色、28 pt 命中及是否需具名共用 variant。,docs/work-items/v9-frozen-inventory.md,來源 style 已核對；實際 hit-test／Light／Dark 待驗收
V9-2114,合理例外,原生文字 Button；已使用 SailuneActionCopy 共用標題。保留 macOS 原生控制以承載此處 action；對應 button_style／copy ID 仍獨立審核，位置與實際命中須畫面驗收。凍結來源：Button(SailuneActionCopy.cancel) {,docs/work-items/v9-frozen-inventory.md,來源確認為文字 Button；位置／鍵盤焦點／實際命中及 Light／Dark 待驗收
V9-2115,已共用,已讀取 SailuneActionCopy 或位於其實作；原中文值由集中資源提供。,docs/work-items/v9-frozen-inventory.md,字面值／重複群已核對；實際文案與輔助描述待畫面驗收
V9-2116,已共用,使用既有 PlanningActionStyle 或在 SharedUI 定義共用按鈕外殼；原按鈕位置仍需驗收。,docs/work-items/v9-frozen-inventory.md,來源 style 已核對；實際 hit-test／Light／Dark 待驗收
V9-2117,合理例外,原生文字 Button；已使用 SailuneActionCopy 共用標題。保留 macOS 原生控制以承載此處 action；對應 button_style／copy ID 仍獨立審核，位置與實際命中須畫面驗收。凍結來源：Button(SailuneActionCopy.save) {,docs/work-items/v9-frozen-inventory.md,來源確認為文字 Button；位置／鍵盤焦點／實際命中及 Light／Dark 待驗收
V9-2118,已共用,已讀取 SailuneActionCopy 或位於其實作；原中文值由集中資源提供。,docs/work-items/v9-frozen-inventory.md,字面值／重複群已核對；實際文案與輔助描述待畫面驗收
V9-2119,已共用,使用既有 PlanningActionStyle 或在 SharedUI 定義共用按鈕外殼；原按鈕位置仍需驗收。,docs/work-items/v9-frozen-inventory.md,來源 style 已核對；實際 hit-test／Light／Dark 待驗收
V9-2120,合理例外,時間軸年號色、選中標記、提示與規劃卡片各由領域狀態決定。 來源：.background(Color.accentColor.opacity(0.06)),docs/work-items/v9-frozen-inventory.md,來源色彩用途已分類；Light／Dark／hover 實際畫面待驗收
V9-2121,合理例外,領域 catch 在同一來源行明確顯示錯誤、拋出具名錯誤或 private 記錄；其資料結果依原領域契約保留，沒有共用 catch 外殼的必要。原語句：catch { modelContext.delete(ev); operationError = error.localizedDescription; return },docs/work-items/v9-frozen-inventory.md,來源已見明確錯誤出口；故障注入與 GUI 呈現尚待驗收
V9-2122,合理例外,catch 明確設定錯誤呈現／狀態，保留領域提示；此處是領域失敗處理，不宜僅為共用化抽成統一資料 action。來源分支：operationError = error.localizedDescription,docs/work-items/v9-frozen-inventory.md,來源分支已複核；故障注入或 GUI 呈現仍待相關驗收
V9-2123,合理例外,領域 catch 在同一來源行明確顯示錯誤、拋出具名錯誤或 private 記錄；其資料結果依原領域契約保留，沒有共用 catch 外殼的必要。原語句：} catch { operationError = error.localizedDescription; return },docs/work-items/v9-frozen-inventory.md,來源已見明確錯誤出口；故障注入與 GUI 呈現尚待驗收
V9-2124,合理例外,catch 明確設定錯誤呈現／狀態，保留領域提示；此處是領域失敗處理，不宜僅為共用化抽成統一資料 action。來源分支：operationError = error.localizedDescription,docs/work-items/v9-frozen-inventory.md,來源分支已複核；故障注入或 GUI 呈現仍待相關驗收
V9-2125,待共用,原生 .plain 樣式常見於圖標／整列控制；需與對應 Button ID 一起核對角色、28 pt 命中及是否需具名共用 variant。,docs/work-items/v9-frozen-inventory.md,來源 style 已核對；實際 hit-test／Light／Dark 待驗收
V9-2126,合理例外,"時間軸年號色、選中標記、提示與規劃卡片各由領域狀態決定。 來源：.background(Color.accentColor.opacity(0.07), in: RoundedRectangle(cornerRadius: 9))",docs/work-items/v9-frozen-inventory.md,來源色彩用途已分類；Light／Dark／hover 實際畫面待驗收
V9-2127,合理例外,描述依目前資料或狀態即時組成；不能以固定通用動作文字取代，需核對可讀性及對象。,docs/work-items/v9-frozen-inventory.md,來源描述已分類；VoiceOver／滑鼠提示仍待驗收
V9-2128,待共用,原生文字或選單動作按鈕；依來源行中的具名操作核對角色、同功能文案、位置與命中。 凍結來源：Button(action: onOpen) {,docs/work-items/v9-frozen-inventory.md,來源按鈕型態已列；實際命中／鍵盤／Light／Dark 待驗收
V9-2129,待共用,原生 .plain 樣式常見於圖標／整列控制；需與對應 Button ID 一起核對角色、28 pt 命中及是否需具名共用 variant。,docs/work-items/v9-frozen-inventory.md,來源 style 已核對；實際 hit-test／Light／Dark 待驗收
V9-2130,待共用,純圖標或 iconOnly 按鈕候選；依凍結位置核對 28 pt 命中、間距、help／accessibility、原 action 及禁用條件。 凍結來源：Button(action: onDelete) {,docs/work-items/v9-frozen-inventory.md,來源按鈕型態已列；實際命中／鍵盤／Light／Dark 待驗收
V9-2131,已共用,使用者核定 V9.1at：事件卡片刪除採 SailuneSymbol.delete（trash）；原按鈕位置、尺寸、onDelete 與 help 不變。,docs/work-items/v9.1at-same-action-symbols.md,主機無簽章 Debug build 通過；實際命中／Light／Dark／CJK／VoiceOver 待驗收
V9-2132,待共用,原生 .plain 樣式常見於圖標／整列控制；需與對應 Button ID 一起核對角色、28 pt 命中及是否需具名共用 variant。,docs/work-items/v9-frozen-inventory.md,來源 style 已核對；實際 hit-test／Light／Dark 待驗收
V9-2133,待共用,直接提示／輔助文字；需按固定 ID 核對操作對象、狀態、同功能用詞及是否缺少另一種描述。,docs/work-items/v9-frozen-inventory.md,來源描述已分類；VoiceOver／滑鼠提示仍待驗收
V9-2134,已共用,"背景引用已命名的 theme／AppTheme 色彩來源；用途與 Light／Dark 對照仍需畫面驗收。 凍結來源：.background(SailuneTheme.subtleSurface, in: RoundedRectangle(cornerRadius: 9))",docs/work-items/v9-frozen-inventory.md,來源色彩用途已分類；Light／Dark 與 hit-testing 待驗收
V9-2135,已共用,"背景引用已命名的 theme／AppTheme 色彩來源；用途與 Light／Dark 對照仍需畫面驗收。 凍結來源：.background(SailuneTheme.subtleSurface, in: RoundedRectangle(cornerRadius: 9))",docs/work-items/v9-frozen-inventory.md,來源色彩用途已分類；Light／Dark 與 hit-testing 待驗收
V9-2136,合理例外,描述依目前資料或狀態即時組成；不能以固定通用動作文字取代，需核對可讀性及對象。,docs/work-items/v9-frozen-inventory.md,來源描述已分類；VoiceOver／滑鼠提示仍待驗收
V9-2137,合理例外,描述依目前資料或狀態即時組成；不能以固定通用動作文字取代，需核對可讀性及對象。,docs/work-items/v9-frozen-inventory.md,來源描述已分類；VoiceOver／滑鼠提示仍待驗收
V9-2138,合理例外,"時間軸事件卡片已寫／規劃狀態使用不同線型與色值。 來源：RoundedRectangle(cornerRadius: 9).stroke(Color.secondary.opacity(0.55), lineWidth: 1)",docs/work-items/v9-frozen-inventory.md,來源色彩用途已分類；Light／Dark／hover 實際畫面待驗收
V9-2139,合理例外,時間軸事件卡片已寫／規劃狀態使用不同線型與色值。 來源：.foregroundStyle(Color.secondary.opacity(0.65)),docs/work-items/v9-frozen-inventory.md,來源色彩用途已分類；Light／Dark／hover 實際畫面待驗收
V9-2140,合理例外,畫面標題、欄位名稱或領域狀態的靜態文字；不是 Button／Menu 操作命令。,docs/work-items/v9-frozen-inventory.md,字面值／重複群已核對；實際文案與輔助描述待畫面驗收
V9-2141,合理例外,數值／日期欄具寬度、數字過濾或格式化契約；不改用一般文字欄位。,docs/work-items/v9-frozen-inventory.md,來源分類已複核；具體 UI／資料驗收待完成
V9-2142,合理例外,數值／日期欄具寬度、數字過濾或格式化契約；不改用一般文字欄位。,docs/work-items/v9-frozen-inventory.md,來源分類已複核；具體 UI／資料驗收待完成
V9-2143,合理例外,數值／日期欄具寬度、數字過濾或格式化契約；不改用一般文字欄位。,docs/work-items/v9-frozen-inventory.md,來源分類已複核；具體 UI／資料驗收待完成
V9-2144,合理例外,時間軸日期標題以 onChange 限制 10 字並支援留白回退日期，保留專用輸入契約。 此例外只涵蓋欄位共用外殼，首行／focus GUI 仍依驗收清單檢查。,docs/work-items/v9-frozen-inventory.md,來源欄位與父容器契約已核對；CJK／focus／首行 GUI 待驗收
V9-2145,合理例外,使用 axis: .vertical 或多行 lineLimit，具有與單行表單不同的高度、換行及輸入契約；保留原生多行 TextField。,docs/work-items/v9-frozen-inventory.md,來源分類已複核；具體 UI／資料驗收待完成
V9-2146,合理例外,使用 axis: .vertical 或多行 lineLimit，具有與單行表單不同的高度、換行及輸入契約；保留原生多行 TextField。,docs/work-items/v9-frozen-inventory.md,來源分類已複核；具體 UI／資料驗收待完成
V9-2147,合理例外,原生文字 Button；已使用 SailuneActionCopy 共用標題。保留 macOS 原生控制以承載此處 action；對應 button_style／copy ID 仍獨立審核，位置與實際命中須畫面驗收。凍結來源：Button(SailuneActionCopy.cancel) { dismiss() },docs/work-items/v9-frozen-inventory.md,來源確認為文字 Button；位置／鍵盤焦點／實際命中及 Light／Dark 待驗收
V9-2148,已共用,已讀取 SailuneActionCopy 或位於其實作；原中文值由集中資源提供。,docs/work-items/v9-frozen-inventory.md,字面值／重複群已核對；實際文案與輔助描述待畫面驗收
V9-2149,合理例外,"原生文字 Button；領域字面標題另由 copy 家族核對是否同功能。保留 macOS 原生控制以承載此處 action；對應 button_style／copy ID 仍獨立審核，位置與實際命中須畫面驗收。凍結來源：Button(""加入時間軸"") { commit() }",docs/work-items/v9-frozen-inventory.md,來源確認為文字 Button；位置／鍵盤焦點／實際命中及 Light／Dark 待驗收
V9-2150,合理例外,目前固定清單中僅此處使用的領域文案「加入時間軸」；沒有同功能重複證據，保留具名畫面語境。,docs/work-items/v9-frozen-inventory.md,字面值／重複群已核對；實際文案與輔助描述待畫面驗收
V9-2151,已共用,使用既有 PlanningActionStyle 或在 SharedUI 定義共用按鈕外殼；原按鈕位置仍需驗收。,docs/work-items/v9-frozen-inventory.md,來源 style 已核對；實際 hit-test／Light／Dark 待驗收
V9-2152,合理例外,catch 明確設定錯誤呈現／狀態，保留領域提示；此處是領域失敗處理，不宜僅為共用化抽成統一資料 action。來源分支：saveError = error.localizedDescription,docs/work-items/v9-frozen-inventory.md,來源分支已複核；故障注入或 GUI 呈現仍待相關驗收
V9-2153,合理例外,畫面標題、欄位名稱或領域狀態的靜態文字；不是 Button／Menu 操作命令。,docs/work-items/v9-frozen-inventory.md,字面值／重複群已核對；實際文案與輔助描述待畫面驗收
V9-2154,合理例外,畫面標題、欄位名稱或領域狀態的靜態文字；不是 Button／Menu 操作命令。,docs/work-items/v9-frozen-inventory.md,字面值／重複群已核對；實際文案與輔助描述待畫面驗收
V9-2155,合理例外,使用 axis: .vertical 或多行 lineLimit，具有與單行表單不同的高度、換行及輸入契約；保留原生多行 TextField。,docs/work-items/v9-frozen-inventory.md,來源分類已複核；具體 UI／資料驗收待完成
V9-2156,合理例外,"原生文字 Button；領域字面標題另由 copy 家族核對是否同功能。保留 macOS 原生控制以承載此處 action；對應 button_style／copy ID 仍獨立審核，位置與實際命中須畫面驗收。凍結來源：Button(""儲存卡片來源"") { saveBinding() }",docs/work-items/v9-frozen-inventory.md,來源確認為文字 Button；位置／鍵盤焦點／實際命中及 Light／Dark 待驗收
V9-2157,合理例外,目前固定清單中僅此處使用的領域文案「儲存卡片來源」；沒有同功能重複證據，保留具名畫面語境。,docs/work-items/v9-frozen-inventory.md,字面值／重複群已核對；實際文案與輔助描述待畫面驗收
V9-2158,已共用,使用既有 PlanningActionStyle 或在 SharedUI 定義共用按鈕外殼；原按鈕位置仍需驗收。,docs/work-items/v9-frozen-inventory.md,來源 style 已核對；實際 hit-test／Light／Dark 待驗收
V9-2159,已共用,V9.1av 已把原色值來源改讀 SailuneTheme.insetRowSurface，保留原 shape、opacity 與層級；雙重 regex ID 指向同一色值表達式時共同標記。,docs/work-items/v9.1av-frozen-surfaces.md,21 個現行來源、原色值、無簽章 macOS Debug build 與 git diff --check 通過；Light／Dark／hover 實際畫面待驗收
V9-2160,已共用,V9.1av 已把原色值來源改讀 SailuneTheme.insetRowSurface，保留原 shape、opacity 與層級；雙重 regex ID 指向同一色值表達式時共同標記。,docs/work-items/v9.1av-frozen-surfaces.md,21 個現行來源、原色值、無簽章 macOS Debug build 與 git diff --check 通過；Light／Dark／hover 實際畫面待驗收
V9-2161,合理例外,catch 明確設定錯誤呈現／狀態，保留領域提示；此處是領域失敗處理，不宜僅為共用化抽成統一資料 action。來源分支：saveError = error.localizedDescription,docs/work-items/v9-frozen-inventory.md,來源分支已複核；故障注入或 GUI 呈現仍待相關驗收
V9-2162,已共用,V9.1ap 接入 SailuneFormTextField；原 title／Binding、後續字體與事件保持；原顯式圓角樣式由共用元件提供。欄名：事件標題,docs/work-items/v9.1ap-five-rounded-fields.md,五個來源與無簽章 macOS Debug build、git diff --check 通過；CJK／首行／focus GUI 待驗收
V9-2163,合理例外,使用 axis: .vertical 或多行 lineLimit，具有與單行表單不同的高度、換行及輸入契約；保留原生多行 TextField。,docs/work-items/v9-frozen-inventory.md,來源分類已複核；具體 UI／資料驗收待完成
V9-2164,合理例外,畫面標題、欄位名稱或領域狀態的靜態文字；不是 Button／Menu 操作命令。,docs/work-items/v9-frozen-inventory.md,字面值／重複群已核對；實際文案與輔助描述待畫面驗收
V9-2165,合理例外,畫面標題、欄位名稱或領域狀態的靜態文字；不是 Button／Menu 操作命令。,docs/work-items/v9-frozen-inventory.md,字面值／重複群已核對；實際文案與輔助描述待畫面驗收
V9-2166,待共用,原生 .plain 樣式常見於圖標／整列控制；需與對應 Button ID 一起核對角色、28 pt 命中及是否需具名共用 variant。,docs/work-items/v9-frozen-inventory.md,來源 style 已核對；實際 hit-test／Light／Dark 待驗收
V9-2167,合理例外,原生文字 Button；已使用 SailuneActionCopy 共用標題。保留 macOS 原生控制以承載此處 action；對應 button_style／copy ID 仍獨立審核，位置與實際命中須畫面驗收。凍結來源：Button(SailuneActionCopy.done) {,docs/work-items/v9-frozen-inventory.md,來源確認為文字 Button；位置／鍵盤焦點／實際命中及 Light／Dark 待驗收
V9-2168,已共用,已讀取 SailuneActionCopy 或位於其實作；原中文值由集中資源提供。,docs/work-items/v9-frozen-inventory.md,字面值／重複群已核對；實際文案與輔助描述待畫面驗收
V9-2169,合理例外,領域 catch 在同一來源行明確顯示錯誤、拋出具名錯誤或 private 記錄；其資料結果依原領域契約保留，沒有共用 catch 外殼的必要。原語句：catch { saveError = error.localizedDescription; return },docs/work-items/v9-frozen-inventory.md,來源已見明確錯誤出口；故障注入與 GUI 呈現尚待驗收
V9-2170,已共用,使用既有 PlanningActionStyle 或在 SharedUI 定義共用按鈕外殼；原按鈕位置仍需驗收。,docs/work-items/v9-frozen-inventory.md,來源 style 已核對；實際 hit-test／Light／Dark 待驗收
V9-2171,合理例外,事件可見性圓點及時間軸摘要膠囊，分別為狀態與標籤，不併成一般表面。 來源：.fill(event.isVisible ? Color.accentColor : Color.secondary.opacity(0.4)),docs/work-items/v9-frozen-inventory.md,來源色彩用途已分類；Light／Dark／hover 實際畫面待驗收
V9-2172,合理例外,領域 catch 在同一來源行明確顯示錯誤、拋出具名錯誤或 private 記錄；其資料結果依原領域契約保留，沒有共用 catch 外殼的必要。原語句：catch { event.isVisible.toggle(); saveError = error.localizedDescription },docs/work-items/v9-frozen-inventory.md,來源已見明確錯誤出口；故障注入與 GUI 呈現尚待驗收
V9-2173,已共用,使用既有 PlanningActionStyle 或在 SharedUI 定義共用按鈕外殼；原按鈕位置仍需驗收。,docs/work-items/v9-frozen-inventory.md,來源 style 已核對；實際 hit-test／Light／Dark 待驗收
V9-2174,已共用,V9.1ax 固定重複描述「顯示於主時間軸」已接 SailuneActionCopy 或 SailuneAccessibilityCopy 單一來源；原文字逐字相同。,docs/work-items/v9.1ax-repeated-accessibility-copy.md,String Catalog JSON 與主機無簽章 Debug build 通過；hover／VoiceOver 待驗收
V9-2175,合理例外,目前固定清單中僅此處使用的領域文案「編輯事件」；沒有同功能重複證據，保留具名畫面語境。,docs/work-items/v9-frozen-inventory.md,字面值／重複群已核對；實際文案與輔助描述待畫面驗收
V9-2176,已共用,來源已讀取 SailuneSymbol 語意 key；同功能字形是否一致依集中表與畫面驗收。,docs/work-items/v9-frozen-inventory.md,來源語意已複核；字形與輔助功能畫面驗收待完成
V9-2177,已共用,使用既有 PlanningActionStyle 或在 SharedUI 定義共用按鈕外殼；原按鈕位置仍需驗收。,docs/work-items/v9-frozen-inventory.md,來源 style 已核對；實際 hit-test／Light／Dark 待驗收
V9-2178,待共用,直接提示／輔助文字；需按固定 ID 核對操作對象、狀態、同功能用詞及是否缺少另一種描述。,docs/work-items/v9-frozen-inventory.md,來源描述已分類；VoiceOver／滑鼠提示仍待驗收
V9-2179,待共用,原生文字或選單動作按鈕；依來源行中的具名操作核對角色、同功能文案、位置與命中。 凍結來源：Button(action: onDelete) {,docs/work-items/v9-frozen-inventory.md,來源按鈕型態已列；實際命中／鍵盤／Light／Dark 待驗收
V9-2180,合理例外,目前固定清單中僅此處使用的領域文案「刪除事件」；沒有同功能重複證據，保留具名畫面語境。,docs/work-items/v9-frozen-inventory.md,字面值／重複群已核對；實際文案與輔助描述待畫面驗收
V9-2181,已共用,來源已讀取 SailuneSymbol 語意 key；同功能字形是否一致依集中表與畫面驗收。,docs/work-items/v9-frozen-inventory.md,來源語意已複核；字形與輔助功能畫面驗收待完成
V9-2182,已共用,使用既有 PlanningActionStyle 或在 SharedUI 定義共用按鈕外殼；原按鈕位置仍需驗收。,docs/work-items/v9-frozen-inventory.md,來源 style 已核對；實際 hit-test／Light／Dark 待驗收
V9-2183,待共用,直接提示／輔助文字；需按固定 ID 核對操作對象、狀態、同功能用詞及是否缺少另一種描述。,docs/work-items/v9-frozen-inventory.md,來源描述已分類；VoiceOver／滑鼠提示仍待驗收
V9-2184,合理例外,畫面標題、欄位名稱或領域狀態的靜態文字；不是 Button／Menu 操作命令。,docs/work-items/v9-frozen-inventory.md,字面值／重複群已核對；實際文案與輔助描述待畫面驗收
V9-2185,合理例外,事件可見性圓點及時間軸摘要膠囊，分別為狀態與標籤，不併成一般表面。 來源：.background(Capsule().fill(Color.accentColor.opacity(0.15))),docs/work-items/v9-frozen-inventory.md,來源色彩用途已分類；Light／Dark／hover 實際畫面待驗收
V9-2186,合理例外,畫面標題、欄位名稱或領域狀態的靜態文字；不是 Button／Menu 操作命令。,docs/work-items/v9-frozen-inventory.md,字面值／重複群已核對；實際文案與輔助描述待畫面驗收
V9-2187,合理例外,畫面標題、欄位名稱或領域狀態的靜態文字；不是 Button／Menu 操作命令。,docs/work-items/v9-frozen-inventory.md,字面值／重複群已核對；實際文案與輔助描述待畫面驗收
V9-2188,合理例外,畫面標題、欄位名稱或領域狀態的靜態文字；不是 Button／Menu 操作命令。,docs/work-items/v9-frozen-inventory.md,字面值／重複群已核對；實際文案與輔助描述待畫面驗收
V9-2189,合理例外,數值／日期欄具寬度、數字過濾或格式化契約；不改用一般文字欄位。,docs/work-items/v9-frozen-inventory.md,來源分類已複核；具體 UI／資料驗收待完成
V9-2190,合理例外,數值／日期欄具寬度、數字過濾或格式化契約；不改用一般文字欄位。,docs/work-items/v9-frozen-inventory.md,來源分類已複核；具體 UI／資料驗收待完成
V9-2191,合理例外,數值／日期欄具寬度、數字過濾或格式化契約；不改用一般文字欄位。,docs/work-items/v9-frozen-inventory.md,來源分類已複核；具體 UI／資料驗收待完成
V9-2192,合理例外,原生文字 Button；已使用 SailuneActionCopy 共用標題。保留 macOS 原生控制以承載此處 action；對應 button_style／copy ID 仍獨立審核，位置與實際命中須畫面驗收。凍結來源：Button(SailuneActionCopy.cancel) { dismiss() },docs/work-items/v9-frozen-inventory.md,來源確認為文字 Button；位置／鍵盤焦點／實際命中及 Light／Dark 待驗收
V9-2193,已共用,已讀取 SailuneActionCopy 或位於其實作；原中文值由集中資源提供。,docs/work-items/v9-frozen-inventory.md,字面值／重複群已核對；實際文案與輔助描述待畫面驗收
V9-2194,已共用,使用既有 PlanningActionStyle 或在 SharedUI 定義共用按鈕外殼；原按鈕位置仍需驗收。,docs/work-items/v9-frozen-inventory.md,來源 style 已核對；實際 hit-test／Light／Dark 待驗收
V9-2195,合理例外,原生文字 Button；已使用 SailuneActionCopy 共用標題。保留 macOS 原生控制以承載此處 action；對應 button_style／copy ID 仍獨立審核，位置與實際命中須畫面驗收。凍結來源：Button(SailuneActionCopy.add) { commit() },docs/work-items/v9-frozen-inventory.md,來源確認為文字 Button；位置／鍵盤焦點／實際命中及 Light／Dark 待驗收
V9-2196,已共用,已讀取 SailuneActionCopy 或位於其實作；原中文值由集中資源提供。,docs/work-items/v9-frozen-inventory.md,字面值／重複群已核對；實際文案與輔助描述待畫面驗收
V9-2197,已共用,使用既有 PlanningActionStyle 或在 SharedUI 定義共用按鈕外殼；原按鈕位置仍需驗收。,docs/work-items/v9-frozen-inventory.md,來源 style 已核對；實際 hit-test／Light／Dark 待驗收
V9-2198,合理例外,catch 明確設定錯誤呈現／狀態，保留領域提示；此處是領域失敗處理，不宜僅為共用化抽成統一資料 action。來源分支：modelContext.delete(node) saveError = error.localizedDescription return,docs/work-items/v9-frozen-inventory.md,來源分支已複核；故障注入或 GUI 呈現仍待相關驗收
V9-2199,合理例外,此處表示領域資料類型、靜態狀態或專用空狀態；未證實是跨畫面的相同操作，保留具名語境而不與同字形操作混用。,docs/work-items/v9-frozen-inventory.md,來源語意已複核；字形與輔助功能畫面驗收待完成
V9-2200,合理例外,畫面標題、欄位名稱或領域狀態的靜態文字；不是 Button／Menu 操作命令。,docs/work-items/v9-frozen-inventory.md,字面值／重複群已核對；實際文案與輔助描述待畫面驗收
V9-2201,合理例外,畫面標題、欄位名稱或領域狀態的靜態文字；不是 Button／Menu 操作命令。,docs/work-items/v9-frozen-inventory.md,字面值／重複群已核對；實際文案與輔助描述待畫面驗收
V9-2202,待共用,純圖標或 iconOnly 按鈕候選；依凍結位置核對 28 pt 命中、間距、help／accessibility、原 action 及禁用條件。 凍結來源：Button(action: onDismiss) {,docs/work-items/v9-frozen-inventory.md,來源按鈕型態已列；實際命中／鍵盤／Light／Dark 待驗收
V9-2203,已共用,來源已讀取 SailuneSymbol 語意 key；同功能字形是否一致依集中表與畫面驗收。,docs/work-items/v9-frozen-inventory.md,來源語意已複核；字形與輔助功能畫面驗收待完成
V9-2204,待共用,原生 .plain 樣式常見於圖標／整列控制；需與對應 Button ID 一起核對角色、28 pt 命中及是否需具名共用 variant。,docs/work-items/v9-frozen-inventory.md,來源 style 已核對；實際 hit-test／Light／Dark 待驗收
V9-2205,待共用,直接提示／輔助文字；需按固定 ID 核對操作對象、狀態、同功能用詞及是否缺少另一種描述。,docs/work-items/v9-frozen-inventory.md,來源描述已分類；VoiceOver／滑鼠提示仍待驗收
V9-2206,合理例外,"原生文字 Button；領域字面標題另由 copy 家族核對是否同功能。保留 macOS 原生控制以承載此處 action；對應 button_style／copy ID 仍獨立審核，位置與實際命中須畫面驗收。凍結來源：Button(""全選"") { candidates.indices.forEach { candidates[$0].isSelected = true } }",docs/work-items/v9-frozen-inventory.md,來源確認為文字 Button；位置／鍵盤焦點／實際命中及 Light／Dark 待驗收
V9-2207,合理例外,目前固定清單中僅此處使用的領域文案「全選」；沒有同功能重複證據，保留具名畫面語境。,docs/work-items/v9-frozen-inventory.md,字面值／重複群已核對；實際文案與輔助描述待畫面驗收
V9-2208,合理例外,"原生文字 Button；領域字面標題另由 copy 家族核對是否同功能。保留 macOS 原生控制以承載此處 action；對應 button_style／copy ID 仍獨立審核，位置與實際命中須畫面驗收。凍結來源：Button(""全不選"") { candidates.indices.forEach { candidates[$0].isSelected = false } }",docs/work-items/v9-frozen-inventory.md,來源確認為文字 Button；位置／鍵盤焦點／實際命中及 Light／Dark 待驗收
V9-2209,合理例外,目前固定清單中僅此處使用的領域文案「全不選」；沒有同功能重複證據，保留具名畫面語境。,docs/work-items/v9-frozen-inventory.md,字面值／重複群已核對；實際文案與輔助描述待畫面驗收
V9-2210,合理例外,畫面標題、欄位名稱或領域狀態的靜態文字；不是 Button／Menu 操作命令。,docs/work-items/v9-frozen-inventory.md,字面值／重複群已核對；實際文案與輔助描述待畫面驗收
V9-2211,待共用,原生 .borderless 樣式常見於圖標／整列控制；需與對應 Button ID 一起核對角色、28 pt 命中及是否需具名共用 variant。,docs/work-items/v9-frozen-inventory.md,來源 style 已核對；實際 hit-test／Light／Dark 待驗收
V9-2212,合理例外,畫面標題、欄位名稱或領域狀態的靜態文字；不是 Button／Menu 操作命令。,docs/work-items/v9-frozen-inventory.md,字面值／重複群已核對；實際文案與輔助描述待畫面驗收
V9-2213,合理例外,畫面標題、欄位名稱或領域狀態的靜態文字；不是 Button／Menu 操作命令。,docs/work-items/v9-frozen-inventory.md,字面值／重複群已核對；實際文案與輔助描述待畫面驗收
V9-2214,合理例外,"原生文字 Button；領域字面標題另由 copy 家族核對是否同功能。保留 macOS 原生控制以承載此處 action；對應 button_style／copy ID 仍獨立審核，位置與實際命中須畫面驗收。凍結來源：Button(""套用已選 \(selectedCount) 處"", action: onApply)",docs/work-items/v9-frozen-inventory.md,來源確認為文字 Button；位置／鍵盤焦點／實際命中及 Light／Dark 待驗收
V9-2215,合理例外,目前固定清單中僅此處使用的領域文案「套用已選 \(selectedCount) 處」；沒有同功能重複證據，保留具名畫面語境。,docs/work-items/v9-frozen-inventory.md,字面值／重複群已核對；實際文案與輔助描述待畫面驗收
V9-2216,合理例外,採 macOS 原生 .borderedProminent 樣式，保留平台語意；此例外只涵蓋 style，按鈕位置／命中與操作文案仍依對應 Button ID 驗收。,docs/work-items/v9-frozen-inventory.md,來源 style 已核對；實際 hit-test／Light／Dark 待驗收
V9-2217,合理例外,"未連結參照審核卡的 accent 狀態底色，保留審核語意。 來源：.background(Color.accentColor.opacity(0.08), in: RoundedRectangle(cornerRadius: 10))",docs/work-items/v9-frozen-inventory.md,來源色彩用途已分類；Light／Dark／hover 實際畫面待驗收
V9-2218,已共用,來源已讀取 SailuneSymbol 語意 key；同功能字形是否一致依集中表與畫面驗收。,docs/work-items/v9-frozen-inventory.md,來源語意已複核；字形與輔助功能畫面驗收待完成
V9-2219,已共用,來源已讀取 SailuneSymbol 語意 key；同功能字形是否一致依集中表與畫面驗收。,docs/work-items/v9-frozen-inventory.md,來源語意已複核；字形與輔助功能畫面驗收待完成
V9-2220,合理例外,"catch 明確記錄診斷或 Store 錯誤，保留原操作結果；此處是領域失敗處理，不宜僅為共用化抽成統一資料 action。來源分支：Self.logger.error(""Fetch fallback returned an empty list (\(operation, privacy: .public)): \(String(describing: error), privacy: .private)"") return []",docs/work-items/v9-frozen-inventory.md,來源分支已複核；故障注入或 GUI 呈現仍待相關驗收
V9-2221,合理例外,catch 明確記錄診斷或 Store 錯誤，保留原操作結果；此處是領域失敗處理，不宜僅為共用化抽成統一資料 action。來源分支：record(error),docs/work-items/v9-frozen-inventory.md,來源分支已複核；故障注入或 GUI 呈現仍待相關驗收
V9-2222,合理例外,catch 明確向上拋出領域／原錯誤，保留呼叫端決策；此處是領域失敗處理，不宜僅為共用化抽成統一資料 action。來源分支：record(error) throw error,docs/work-items/v9-frozen-inventory.md,來源分支已複核；故障注入或 GUI 呈現仍待相關驗收
V9-2223,合理例外,catch 明確記錄診斷或 Store 錯誤，保留原操作結果；此處是領域失敗處理，不宜僅為共用化抽成統一資料 action。來源分支：record(error) return,docs/work-items/v9-frozen-inventory.md,來源分支已複核；故障注入或 GUI 呈現仍待相關驗收
V9-2224,合理例外,catch 明確記錄診斷或 Store 錯誤，保留原操作結果；此處是領域失敗處理，不宜僅為共用化抽成統一資料 action。來源分支：record(error) return sidebarRows(for: bookID),docs/work-items/v9-frozen-inventory.md,來源分支已複核；故障注入或 GUI 呈現仍待相關驗收
V9-2225,合理例外,catch 明確記錄診斷或 Store 錯誤，保留原操作結果；此處是領域失敗處理，不宜僅為共用化抽成統一資料 action。來源分支：record(error) return false,docs/work-items/v9-frozen-inventory.md,來源分支已複核；故障注入或 GUI 呈現仍待相關驗收
V9-2226,合理例外,catch 明確記錄診斷或 Store 錯誤，保留原操作結果；此處是領域失敗處理，不宜僅為共用化抽成統一資料 action。來源分支：record(error),docs/work-items/v9-frozen-inventory.md,來源分支已複核；故障注入或 GUI 呈現仍待相關驗收
V9-2227,合理例外,測試隔離資料清理或測試回應探測；不屬正式執行流程，保留測試語意。 凍結來源：try? FileManager.default.removeItem(at: directory),docs/work-items/v9-frozen-inventory.md,來源失敗路徑已列；故障注入／資料驗收待完成
V9-2228,合理例外,測試隔離資料清理或測試回應探測；不屬正式執行流程，保留測試語意。 凍結來源：try? FileManager.default.removeItem(at: directory),docs/work-items/v9-frozen-inventory.md,來源失敗路徑已列；故障注入／資料驗收待完成
V9-2229,合理例外,測試隔離資料清理或測試回應探測；不屬正式執行流程，保留測試語意。 凍結來源：try? FileManager.default.removeItem(atPath: url.path + suffix),docs/work-items/v9-frozen-inventory.md,來源失敗路徑已列；故障注入／資料驗收待完成
V9-2230,合理例外,測試隔離資料清理或測試回應探測；不屬正式執行流程，保留測試語意。 凍結來源：try? FileManager.default.removeItem(atPath: url.path + suffix),docs/work-items/v9-frozen-inventory.md,來源失敗路徑已列；故障注入／資料驗收待完成
V9-2231,合理例外,測試隔離資料清理或測試回應探測；不屬正式執行流程，保留測試語意。 凍結來源：} catch {,docs/work-items/v9-frozen-inventory.md,來源失敗路徑已列；故障注入／資料驗收待完成
V9-2232,合理例外,測試隔離資料清理或測試回應探測；不屬正式執行流程，保留測試語意。 凍結來源：defer { try? FileManager.default.removeItem(at: root) },docs/work-items/v9-frozen-inventory.md,來源失敗路徑已列；故障注入／資料驗收待完成
V9-2233,合理例外,測試隔離資料清理或測試回應探測；不屬正式執行流程，保留測試語意。 凍結來源：defer { try? FileManager.default.removeItem(at: root) },docs/work-items/v9-frozen-inventory.md,來源失敗路徑已列；故障注入／資料驗收待完成
V9-2234,合理例外,測試隔離資料清理或測試回應探測；不屬正式執行流程，保留測試語意。 凍結來源：defer { try? FileManager.default.removeItem(at: root) },docs/work-items/v9-frozen-inventory.md,來源失敗路徑已列；故障注入／資料驗收待完成
V9-2235,合理例外,測試隔離資料清理或測試回應探測；不屬正式執行流程，保留測試語意。 凍結來源：try? FileManager.default.removeItem(at: mapDirectory),docs/work-items/v9-frozen-inventory.md,來源失敗路徑已列；故障注入／資料驗收待完成
V9-2236,合理例外,測試隔離資料清理或測試回應探測；不屬正式執行流程，保留測試語意。 凍結來源：try? FileManager.default.removeItem(at: directory),docs/work-items/v9-frozen-inventory.md,來源失敗路徑已列；故障注入／資料驗收待完成
V9-2237,合理例外,測試隔離資料清理或測試回應探測；不屬正式執行流程，保留測試語意。 凍結來源：try? FileManager.default.removeItem(at: directory),docs/work-items/v9-frozen-inventory.md,來源失敗路徑已列；故障注入／資料驗收待完成
V9-2238,合理例外,測試隔離資料清理或測試回應探測；不屬正式執行流程，保留測試語意。 凍結來源：defer { try? FileManager.default.removeItem(at: directory) },docs/work-items/v9-frozen-inventory.md,來源失敗路徑已列；故障注入／資料驗收待完成
V9-2239,合理例外,測試隔離資料清理或測試回應探測；不屬正式執行流程，保留測試語意。 凍結來源：try? FileManager.default.removeItem(at: directory),docs/work-items/v9-frozen-inventory.md,來源失敗路徑已列；故障注入／資料驗收待完成
V9-2240,合理例外,測試隔離資料清理或測試回應探測；不屬正式執行流程，保留測試語意。 凍結來源：defer { try? FileManager.default.removeItem(at: directory) },docs/work-items/v9-frozen-inventory.md,來源失敗路徑已列；故障注入／資料驗收待完成
V9-2241,合理例外,測試隔離資料清理或測試回應探測；不屬正式執行流程，保留測試語意。 凍結來源：defer { try? FileManager.default.removeItem(at: root) },docs/work-items/v9-frozen-inventory.md,來源失敗路徑已列；故障注入／資料驗收待完成
V9-2242,合理例外,測試隔離資料清理或測試回應探測；不屬正式執行流程，保留測試語意。 凍結來源：defer { try? FileManager.default.removeItem(at: root) },docs/work-items/v9-frozen-inventory.md,來源失敗路徑已列；故障注入／資料驗收待完成
V9-2243,合理例外,測試隔離資料清理或測試回應探測；不屬正式執行流程，保留測試語意。 凍結來源：} catch SailuneAIClientError.serverError(let status) {,docs/work-items/v9-frozen-inventory.md,來源失敗路徑已列；故障注入／資料驗收待完成
V9-2244,合理例外,測試隔離資料清理或測試回應探測；不屬正式執行流程，保留測試語意。 凍結來源：let object = try? JSONSerialization.jsonObject(with: body) as? [String: Any] {,docs/work-items/v9-frozen-inventory.md,來源失敗路徑已列；故障注入／資料驗收待完成
V9-2245,合理例外,測試隔離資料清理或測試回應探測；不屬正式執行流程，保留測試語意。 凍結來源：let object = try? JSONSerialization.jsonObject(with: body) as? [String: Any] {,docs/work-items/v9-frozen-inventory.md,來源失敗路徑已列；故障注入／資料驗收待完成
V9-2246,合理例外,測試隔離資料清理或測試回應探測；不屬正式執行流程，保留測試語意。 凍結來源：try? FileManager.default.removeItem(atPath: url.path + suffix),docs/work-items/v9-frozen-inventory.md,來源失敗路徑已列；故障注入／資料驗收待完成
V9-2247,合理例外,測試隔離資料清理或測試回應探測；不屬正式執行流程，保留測試語意。 凍結來源：defer { try? FileManager.default.removeItem(at: directory) },docs/work-items/v9-frozen-inventory.md,來源失敗路徑已列；故障注入／資料驗收待完成
V9-2248,合理例外,測試隔離資料清理或測試回應探測；不屬正式執行流程，保留測試語意。 凍結來源：defer { try? FileManager.default.removeItem(at: directory) },docs/work-items/v9-frozen-inventory.md,來源失敗路徑已列；故障注入／資料驗收待完成
V9-2249,合理例外,測試隔離資料清理或測試回應探測；不屬正式執行流程，保留測試語意。 凍結來源：defer { try? FileManager.default.removeItem(at: directory) },docs/work-items/v9-frozen-inventory.md,來源失敗路徑已列；故障注入／資料驗收待完成
V9-2250,合理例外,測試隔離資料清理或測試回應探測；不屬正式執行流程，保留測試語意。 凍結來源：defer { try? FileManager.default.removeItem(at: directory) },docs/work-items/v9-frozen-inventory.md,來源失敗路徑已列；故障注入／資料驗收待完成
V9-2251,合理例外,測試隔離資料清理或測試回應探測；不屬正式執行流程，保留測試語意。 凍結來源：defer { try? FileManager.default.removeItem(at: directory) },docs/work-items/v9-frozen-inventory.md,來源失敗路徑已列；故障注入／資料驗收待完成
V9-2252,合理例外,測試隔離資料清理或測試回應探測；不屬正式執行流程，保留測試語意。 凍結來源：defer { try? FileManager.default.removeItem(at: directory) },docs/work-items/v9-frozen-inventory.md,來源失敗路徑已列；故障注入／資料驗收待完成
V9-2253,合理例外,測試隔離資料清理或測試回應探測；不屬正式執行流程，保留測試語意。 凍結來源：defer { try? FileManager.default.removeItem(at: directory) },docs/work-items/v9-frozen-inventory.md,來源失敗路徑已列；故障注入／資料驗收待完成
V9-2254,合理例外,測試隔離資料清理或測試回應探測；不屬正式執行流程，保留測試語意。 凍結來源：defer { try? FileManager.default.removeItem(at: directory) },docs/work-items/v9-frozen-inventory.md,來源失敗路徑已列；故障注入／資料驗收待完成
V9-2255,合理例外,測試隔離資料清理或測試回應探測；不屬正式執行流程，保留測試語意。 凍結來源：defer { try? FileManager.default.removeItem(at: directory) },docs/work-items/v9-frozen-inventory.md,來源失敗路徑已列；故障注入／資料驗收待完成
V9-2256,合理例外,測試隔離資料清理或測試回應探測；不屬正式執行流程，保留測試語意。 凍結來源：defer { try? FileManager.default.removeItem(at: directory) },docs/work-items/v9-frozen-inventory.md,來源失敗路徑已列；故障注入／資料驗收待完成
